"Cidade","Nº Oc.","Data","Bairro","Local","Emergência","Viaturas","Obm.","Latitude","Longitude","todos_subgrupos","Detalhar"
"PORTO ALEGRE","927124","01/08/2026 - 01:07","GLÓRIA","PROFESSOR OSCAR PEREIRA","ATENDIMENTO PRÉ-HOSPITALAR","AR-1628","1º BBM / 1ª CIA / 2º PEL / TERESÓPOLIS","-30.08276599547389","-51.196706964797976","",""
"PORTO ALEGRE","927133","01/08/2026 - 03:33","CIDADE BAIXA","RUA DA REPÚBLICA","INCÊNDIO","ABT-327","1º BBM / 1ª CIA / 1º PEL / AÇORIANOS","-30.04045497879213","-51.22620105743409","CONTAINER",""
"PORTO ALEGRE","927148","01/08/2026 - 08:10","AUXILIADORA","AUGUSTO MEYER","INCÊNDIO","ABT-0597","1º BBM / 2ª CIA / 1º PEL / FLORESTA","-30.020967563601054","-51.185324199385015","MEIO DE TRANSPORTE",""
"PORTO ALEGRE","927153","01/08/2026 - 08:42","MOINHOS DE VENTO","24 DE OUTUBRO","SALVAMENTO/BUSCA/RESGATE","ABT-0597","1º BBM / 2ª CIA / 1º PEL / FLORESTA","-30.023624319525478","-51.198778178148444","REMOÇÃO DE FONTE DE PERIGO",""
"PORTO ALEGRE","927155","01/08/2026 - 08:46","FARRAPOS","VOLUNTARIOS DA PATRIA","INCÊNDIO","ABT-0597","1º BBM / 2ª CIA / 1º PEL / FLORESTA","-29.984062882200575","-51.20146036148072","TERRENO BALDIO",""
"PORTO ALEGRE","927156","01/08/2026 - 08:54","VILA NOVA","ARACAJU","AVERIGUAÇÃO/CORTE DE ÁRVORE","ABT-0594","1º BBM / 1ª CIA / 2º PEL / TERESÓPOLIS","-30.103071114159615","-51.21311187744141","VISTORIA",""
"PORTO ALEGRE","927165","01/08/2026 - 09:18","TRISTEZA","NOSSA SENHORA DE LOURDES","AVERIGUAÇÃO/CORTE DE ÁRVORE","ABT-0596","1º BBM / 1ª CIA / 3º PEL / ASSUNÇÃO","-30.111832720649954","-51.25259398092149","CORTE PARCIAL",""
"PORTO ALEGRE","927168","01/08/2026 - 09:22","GLÓRIA","PROFESSOR OSCAR PEREIRA","AVERIGUAÇÃO/CORTE DE ÁRVORE","ABT-1364","1º BBM / 2ª CIA / 3º PEL / PARTENON","-30.08790352310055","-51.1869764328003","VISTORIA",""
"PORTO ALEGRE","927197","01/08/2026 - 10:30","PETRÓPOLIS","PROFESSOR CRISTIANO FISCHER","INCÊNDIO","ABT-1364","1º BBM / 2ª CIA / 3º PEL / PARTENON","-30.041848117186845","-51.17203116416932","EDIFICAÇÃO COMERCIAL",""
"PORTO ALEGRE","927224","01/08/2026 - 11:46","IPANEMA","RUA GENERAL TADEUSZ KOSCIUSZKO","SALVAMENTO/BUSCA/RESGATE","ABT-0596","1º BBM / 1ª CIA / 3º PEL / ASSUNÇÃO","-30.126829219123834","-51.23025746297579","DE ANIMAL",""
"PORTO ALEGRE","927242","01/08/2026 - 12:49","IPANEMA","DOUTOR ARNALDO DA SILVA FERREIRA","AÇÕES PREVENTIVAS","ABT-0596","1º BBM / 1ª CIA / 3º PEL / ASSUNÇÃO","-30.125641391805953","-51.231673887451485","VISTORIA DE HIDRANTES",""
"PORTO ALEGRE","927243","01/08/2026 - 12:52","IPANEMA","GÁVEA","AÇÕES PREVENTIVAS","ABT-0596","1º BBM / 1ª CIA / 3º PEL / ASSUNÇÃO","-30.134846856059266","-51.22926972266295","VISTORIA DE HIDRANTES",""
"PORTO ALEGRE","927245","01/08/2026 - 12:56","SÃO JOÃO","PEREIRA FRANCO","ATENDIMENTO PRÉ-HOSPITALAR","AR-1628","1º BBM / 1ª CIA / 2º PEL / TERESÓPOLIS","-30.006614277105076","-51.191589832305915","",""
"PORTO ALEGRE","927248","01/08/2026 - 13:17","FARRAPOS","VOLUNTARIOS DA PATRIA","AÇÕES PREVENTIVAS","ABT-0597","1º BBM / 2ª CIA / 1º PEL / FLORESTA","-29.984025710448176","-51.20152473449708","VISTORIA DE HIDRANTES",""
"PORTO ALEGRE","927251","01/08/2026 - 13:19","FLORESTA","CRISTOVAO COLOMBO","AÇÕES PREVENTIVAS","ABT-0597","1º BBM / 2ª CIA / 1º PEL / FLORESTA","-30.022045137522362","-51.20862722396851","VISTORIA DE HIDRANTES",""
"PORTO ALEGRE","927259","01/08/2026 - 13:42","CENTRO","COMENDADOR MANOEL PEREIRA","SALVAMENTO/BUSCA/RESGATE","ABT-0597","1º BBM / 2ª CIA / 1º PEL / FLORESTA","-30.025965178334413","-51.221780776977546","COLISÃO/CHOQUE",""
"PORTO ALEGRE","927259","01/08/2026 - 13:42","CENTRO","COMENDADOR MANOEL PEREIRA","ATENDIMENTO PRÉ-HOSPITALAR","AR-1628","1º BBM / 1ª CIA / 2º PEL / TERESÓPOLIS","-30.025853710120654","-51.22119069099427","",""
"PORTO ALEGRE","927263","01/08/2026 - 13:51","BELÉM NOVO","JUCA BATISTA","AÇÕES PREVENTIVAS","ABT-0599","1º BBM / 1ª CIA / 5º PEL / BELÉM NOVO","-30.18519925274955","-51.17491722106934","VISTORIA DE HIDRANTES",""
"PORTO ALEGRE","927265","01/08/2026 - 13:54","BELÉM NOVO","ALFREDO INÁCIO DA SILVEIRA","AÇÕES PREVENTIVAS","ABT-0599","1º BBM / 1ª CIA / 5º PEL / BELÉM NOVO","-30.210069131315507","-51.1929202079773","VISTORIA DE HIDRANTES",""
"PORTO ALEGRE","927267","01/08/2026 - 13:56","VILA ASSUNÇÃO","GUAIBA","AVERIGUAÇÃO/MANEJO DE INSETOS","ABT-0596","1º BBM / 1ª CIA / 3º PEL / ASSUNÇÃO","-30.09804025993388","-51.26321550548697","VISTORIA",""
"PORTO ALEGRE","927293","01/08/2026 - 15:35","PARTENON","BENTO GONÇALVES","INCÊNDIO","ABT-1364","1º BBM / 2ª CIA / 3º PEL / PARTENON","-30.058731396834087","-51.193864345550544","MEIO DE TRANSPORTE",""
"PORTO ALEGRE","927294","01/08/2026 - 15:41","PRAIA DE BELAS","AURELIANO DE FIGUEIREDO PINTO","AÇÕES PREVENTIVAS","ABT-327","1º BBM / 1ª CIA / 1º PEL / AÇORIANOS","-30.043204086411126","-51.228303909301765","APOIO À PESSOA OU INSTITUIÇÃO",""
"PORTO ALEGRE","927301","01/08/2026 - 16:00","PRAIA DE BELAS","EDVALDO PEREIRA PAIVA","ATENDIMENTO PRÉ-HOSPITALAR","AR-1628","1º BBM / 1ª CIA / 2º PEL / TERESÓPOLIS","-30.051290991114247","-51.23265885929397","",""
"PORTO ALEGRE","927306","01/08/2026 - 16:10","SANTA CECÍLIA","RAMIRO BARCELOS","INCÊNDIO","ABT-0597","1º BBM / 2ª CIA / 1º PEL / FLORESTA","-30.03960051088476","-51.20815515518189","CONTAINER",""
"PORTO ALEGRE","927322","01/08/2026 - 16:51","CENTRO","RIACHUELO","AÇÕES PREVENTIVAS","ABT-327","1º BBM / 1ª CIA / 1º PEL / AÇORIANOS","-30.033860524594516","-51.23824954032899","VISTORIA DE HIDRANTES",""
"PORTO ALEGRE","927323","01/08/2026 - 16:52","CENTRO","DOS ANDRADAS","AÇÕES PREVENTIVAS","ABT-327","1º BBM / 1ª CIA / 1º PEL / AÇORIANOS","-30.032894539525234","-51.23866260051728","VISTORIA DE HIDRANTES",""
"PORTO ALEGRE","927325","01/08/2026 - 16:58","AUXILIADORA","CÂNDIDO SILVEIRA","SALVAMENTO/BUSCA/RESGATE","ABT-0597","1º BBM / 2ª CIA / 1º PEL / FLORESTA","-30.02076319481211","-51.19240522384644","ELEVADORES",""
"PORTO ALEGRE","927347","01/08/2026 - 17:48","FLORESTA","BENJAMIN CONSTANT","ATENDIMENTO PRÉ-HOSPITALAR","AR-1628","1º BBM / 1ª CIA / 2º PEL / TERESÓPOLIS","-30.016674463122115","-51.19706303470877","",""
"PORTO ALEGRE","927370","01/08/2026 - 18:56","SÃO JOSÉ","SALDANHA DA GAMA","AÇÕES PREVENTIVAS","ABT-1364","1º BBM / 2ª CIA / 3º PEL / PARTENON","-30.063281403298948","-51.16558313369752","VISTORIA DE HIDRANTES",""
"PORTO ALEGRE","927371","01/08/2026 - 18:57","SÃO JOSÉ","NOVE DE JUNHO","AÇÕES PREVENTIVAS","ABT-1364","1º BBM / 2ª CIA / 3º PEL / PARTENON","-30.074553375482292","-51.16079807281495","VISTORIA DE HIDRANTES",""
"PORTO ALEGRE","927388","01/08/2026 - 19:38","RESTINGA","CAPITÃO PEDROSO","AÇÕES PREVENTIVAS","ABT-0598","1º BBM / 1ª CIA / 4º PEL / RESTINGA","-30.165703257325905","-51.14815950393677","VISTORIA DE HIDRANTES",""
"PORTO ALEGRE","927389","01/08/2026 - 19:39","RESTINGA","DAVID CHERMAN","AÇÕES PREVENTIVAS","ABT-0598","1º BBM / 1ª CIA / 4º PEL / RESTINGA","-30.156259947559576","-51.14552021026612","VISTORIA DE HIDRANTES",""
"PORTO ALEGRE","927390","01/08/2026 - 19:45","VILA NOVA","ATÍLIO SUPERTTI","ATENDIMENTO PRÉ-HOSPITALAR","AR-1628","1º BBM / 1ª CIA / 2º PEL / TERESÓPOLIS","-30.122740800927183","-51.21213169782564","",""
"PORTO ALEGRE","927407","01/08/2026 - 21:08","LOMBA DO PINHEIRO","SANTO DIAS DA SILVA","ATENDIMENTO PRÉ-HOSPITALAR","AR-1628","1º BBM / 1ª CIA / 2º PEL / TERESÓPOLIS","-30.118534470916565","-51.10498893321638","",""
"PORTO ALEGRE","927416","01/08/2026 - 22:33","SARANDI","SENHOR DO BOM FIM","ATENDIMENTO PRÉ-HOSPITALAR","AR-1628","1º BBM / 1ª CIA / 2º PEL / TERESÓPOLIS","-29.98771564498003","-51.11991050433435","",""
"PORTO ALEGRE","927432","02/08/2026 - 00:11","SÃO JOÃO","DOM PEDRO II","INCÊNDIO","ABT-0597","1º BBM / 2ª CIA / 1º PEL / FLORESTA","-30.01130603290906","-51.188650131225586","LIXO",""
"PORTO ALEGRE","927440","02/08/2026 - 02:03","SÃO JOSÉ","PRIMEIRO DE SETEMBRO","ATENDIMENTO PRÉ-HOSPITALAR","AR-1628","1º BBM / 1ª CIA / 2º PEL / TERESÓPOLIS","-30.07414970952032","-51.16301965996527","",""
"PORTO ALEGRE","927453","02/08/2026 - 07:33","TERESÓPOLIS","ENGENHEIRO LUDOLFO BOEHL","SALVAMENTO/BUSCA/RESGATE","ABT-0594","1º BBM / 1ª CIA / 2º PEL / TERESÓPOLIS","-30.084153037758917","-51.20600938796998","SUICÍDIO/TENTATIVA",""
"PORTO ALEGRE","927465","02/08/2026 - 09:06","CENTRO","LARGO VESPASIANO JÚLIO VEPPO","SALVAMENTO/BUSCA/RESGATE","ABT-0597","1º BBM / 2ª CIA / 1º PEL / FLORESTA","-30.023203206784014","-51.220391805689644","ELEVADORES",""
"PORTO ALEGRE","927470","02/08/2026 - 09:45","SERRARIA","DOUTORA NOEMI VALLE ROCHA","AÇÕES PREVENTIVAS","ABT-0596","1º BBM / 1ª CIA / 3º PEL / ASSUNÇÃO","-30.160571238052494","-51.224513927721915","VISTORIA DE HIDRANTES",""
"PORTO ALEGRE","927474","02/08/2026 - 10:10","FLORESTA","CRISTÓVÃO COLOMBO","AÇÕES PREVENTIVAS","ABT-0597","1º BBM / 2ª CIA / 1º PEL / FLORESTA","-30.022763513630483","-51.20938437287412","VISTORIA DE HIDRANTES",""
"PORTO ALEGRE","927475","02/08/2026 - 10:12","FLORESTA","CRISTÓVÃO COLOMBO","AÇÕES PREVENTIVAS","ABT-0597","1º BBM / 2ª CIA / 1º PEL / FLORESTA","-30.024435575794243","-51.21131554130349","VISTORIA DE HIDRANTES",""
"PORTO ALEGRE","927476","02/08/2026 - 10:13","SERRARIA","DOUTORA NOEMI VALLE ROCHA","OCORRÊNCIA NÃO ATENDIDA","ABT-0597","1º BBM / 2ª CIA / 1º PEL / FLORESTA","-30.161397695770887","-51.2238319491579","",""
"PORTO ALEGRE","927480","02/08/2026 - 10:35","CENTRO HISTÓRICO","VIGARIO JOSE INACIO","AÇÕES PREVENTIVAS","ABT-327","1º BBM / 1ª CIA / 1º PEL / AÇORIANOS","-30.030070836876657","-51.225793361663825","INSPEÇÃO/REMOÇÃO DE FONTE DE PERIGO",""
"PORTO ALEGRE","927489","02/08/2026 - 11:18","BOM FIM","RUA IRMÃO JOSÉ OTÃO","INCÊNDIO","ABT-327","1º BBM / 1ª CIA / 1º PEL / AÇORIANOS","-30.030906809859253","-51.21552586555481","CONTAINER",""
"PORTO ALEGRE","927492","02/08/2026 - 11:23","SERRARIA","DOUTORA NOEMI VALLE ROCHA","AÇÕES PREVENTIVAS","ABT-0596","1º BBM / 1ª CIA / 3º PEL / ASSUNÇÃO","-30.161818903773945","-51.22350540350008","VISTORIA DE HIDRANTES",""
"PORTO ALEGRE","927493","02/08/2026 - 11:28","CENTRO","GENERAL LIMA E SILVA","AÇÕES PREVENTIVAS","ABT-327","1º BBM / 1ª CIA / 1º PEL / AÇORIANOS","-30.035091213086623","-51.22560024261475","VISTORIA DE HIDRANTES",""
"PORTO ALEGRE","927494","02/08/2026 - 11:29","CENTRO","RUA FERNANDO MACHADO","AÇÕES PREVENTIVAS","ABT-327","1º BBM / 1ª CIA / 1º PEL / AÇORIANOS","-30.03476148295173","-51.23510599136353","VISTORIA DE HIDRANTES",""
"PORTO ALEGRE","927506","02/08/2026 - 12:30","RESTINGA","SOLON VIEIRA MARQUES","AÇÕES PREVENTIVAS","ABT-0598","1º BBM / 1ª CIA / 4º PEL / RESTINGA","-30.14384683494241","-51.136314868927","VISTORIA DE HIDRANTES",""
"PORTO ALEGRE","927507","02/08/2026 - 12:32","RESTINGA","OLIMPIO TABAJARA","AÇÕES PREVENTIVAS","ABT-0598","1º BBM / 1ª CIA / 4º PEL / RESTINGA","-30.144347842829966","-51.13934040069581","VISTORIA DE HIDRANTES",""
"PORTO ALEGRE","927523","02/08/2026 - 14:43","BELÉM NOVO","AV. DO LAMI","AÇÕES PREVENTIVAS","ABT-0599","1º BBM / 1ª CIA / 5º PEL / BELÉM NOVO","-30.21240557552591","-51.16429555826396","VISTORIA DE HIDRANTES",""
"PORTO ALEGRE","927524","02/08/2026 - 14:45","BELÉM NOVO","AV. DO LAMI","AÇÕES PREVENTIVAS","ABT-0599","1º BBM / 1ª CIA / 5º PEL / BELÉM NOVO","-30.212776434584377","-51.16296493650299","VISTORIA DE HIDRANTES",""
"PORTO ALEGRE","927532","02/08/2026 - 15:26","TRISTEZA","OTTO NIEMEYER","AVERIGUAÇÃO/CORTE DE ÁRVORE","ABT-0596","1º BBM / 1ª CIA / 3º PEL / ASSUNÇÃO","-30.109210820009974","-51.25189125207395","CORTE PARCIAL",""
"PORTO ALEGRE","927545","02/08/2026 - 16:19","FLORESTA","DOUTOR BARROS CASSAL","AÇÕES PREVENTIVAS","ABT-327","1º BBM / 1ª CIA / 1º PEL / AÇORIANOS","-30.0267826080723","-51.21718347072602","APOIO À PESSOA OU INSTITUIÇÃO",""
"PORTO ALEGRE","927546","02/08/2026 - 16:21","PETRÓPOLIS","CORONEL LUCAS DE OLIVEIRA","AVERIGUAÇÃO/MANEJO DE INSETOS","ABT-0597","1º BBM / 2ª CIA / 1º PEL / FLORESTA","-30.029024312612403","-51.1947297535162","VISTORIA",""
"PORTO ALEGRE","927551","02/08/2026 - 17:01","JARDIM BOTÂNICO","SERAFIM TERRA","AÇÕES PREVENTIVAS","ABT-1364","AODC / DMO / CCOB","-30.05226817104532","-51.18446588516235","ACIDENTES DOMÉSTICOS",""
"PORTO ALEGRE","927555","02/08/2026 - 17:32","LOMBA DO PINHEIRO","JUAREZ ÁVILA","ATENDIMENTO PRÉ-HOSPITALAR","AR-1628","1º BBM / 1ª CIA / 2º PEL / TERESÓPOLIS","-30.11860790616383","-51.10327541854396","",""
"PORTO ALEGRE","927556","02/08/2026 - 17:34","CIDADE BAIXA","JOSÉ DO PATROCÍNIO","INCÊNDIO","ABT-327","1º BBM / 1ª CIA / 1º PEL / AÇORIANOS","-30.038151613678835","-51.22490286827088","LIXO",""
"PORTO ALEGRE","927558","02/08/2026 - 17:47","RUBEM BERTA","ARGENTINA FLORES DA ROSA","PRODUTOS PERIGOSOS","ABT-0600","1º BBM / 2ª CIA / 2º PEL / PASSO D`AREIA","-30.013705064590855","-51.09653920091839","EXPLOSIVO",""
"PORTO ALEGRE","927563","02/08/2026 - 17:54","CIDADE BAIXA","LOUREIRO DA SILVA","INCÊNDIO","ABT-327","1º BBM / 1ª CIA / 1º PEL / AÇORIANOS","-30.034668601025537","-51.22066497802735","MEIO DE TRANSPORTE",""
"PORTO ALEGRE","927564","02/08/2026 - 18:01","SANTA TEREZA","CAIXA ECONÔMICA","INCÊNDIO","ABT-0594","1º BBM / 1ª CIA / 2º PEL / TERESÓPOLIS","-30.071266623283613","-51.22399091720582","LIXO",""
"PORTO ALEGRE","927578","02/08/2026 - 18:56","PETRÓPOLIS","AVENIDA LAGEADO","INCÊNDIO","ABT-0597","1º BBM / 2ª CIA / 1º PEL / FLORESTA","-30.037749138472734","-51.181438411994684","EDIFICAÇÃO MULTIFAMILIAR",""
"PORTO ALEGRE","927582","02/08/2026 - 19:13","TERESÓPOLIS","ORFANOTRÓFIO","AÇÕES PREVENTIVAS","ABT-0594","1º BBM / 1ª CIA / 2º PEL / TERESÓPOLIS","-30.08251911847977","-51.20905637741089","VISTORIA DE HIDRANTES",""
"PORTO ALEGRE","927583","02/08/2026 - 19:14","GLÓRIA","PROFESSOR OSCAR PEREIRA","AÇÕES PREVENTIVAS","ABT-0594","1º BBM / 1ª CIA / 2º PEL / TERESÓPOLIS","-30.087216563653506","-51.18723392486573","VISTORIA DE HIDRANTES",""
"PORTO ALEGRE","927587","02/08/2026 - 19:25","PRAIA DE BELAS","PADRE CACIQUE","ATENDIMENTO PRÉ-HOSPITALAR","AR-1628","1º BBM / 1ª CIA / 2º PEL / TERESÓPOLIS","-30.06487180004451","-51.234638321645","",""
"PORTO ALEGRE","927587","02/08/2026 - 19:25","PRAIA DE BELAS","PADRE CACIQUE","AÇÕES PREVENTIVAS","ABT-327","1º BBM / 1ª CIA / 1º PEL / AÇORIANOS","-30.06414495234177","-51.236007213592536","APOIO À PESSOA OU INSTITUIÇÃO",""
"PORTO ALEGRE","927621","03/08/2026 - 00:15","CAVALHADA","JOÃO VEDANA","INCÊNDIO","ABT-0594","1º BBM / 1ª CIA / 2º PEL / TERESÓPOLIS","-30.110007453806364","-51.227459199077664","EDIFICAÇÃO RESIDENCIAL UNIFAMILIAR",""
"PORTO ALEGRE","927622","03/08/2026 - 00:16","CENTRO HISTÓRICO","RUA RIACHUELO","INCÊNDIO","ABT-327","1º BBM / 1ª CIA / 1º PEL / AÇORIANOS","-30.031622025592107","-51.225519776344306","EDIFICAÇÃO MULTIFAMILIAR",""
"PORTO ALEGRE","927623","03/08/2026 - 00:17","SÃO JOSÉ","AV COMUNITARIA","ATENDIMENTO PRÉ-HOSPITALAR","AR-1628","1º BBM / 1ª CIA / 2º PEL / TERESÓPOLIS","-30.079474015072538","-51.16206390240312","",""
"PORTO ALEGRE","927631","03/08/2026 - 04:08","ABERTA DOS MORROS","RIO GRANDE","ATENDIMENTO PRÉ-HOSPITALAR","AR-1628","1º BBM / 1ª CIA / 2º PEL / TERESÓPOLIS","-30.033024576525293","-51.220321460573224","",""
"PORTO ALEGRE","927655","03/08/2026 - 08:38","JARDIM SÃO PEDRO","JURUÁ","SALVAMENTO/BUSCA/RESGATE","ABT-0600","1º BBM / 2ª CIA / 2º PEL / PASSO D`AREIA","-30.008593203145576","-51.165432929992676","DE ANIMAL",""
"PORTO ALEGRE","927662","03/08/2026 - 08:51","RUBEM BERTA","RUA DOS MAIAS","SALVAMENTO/BUSCA/RESGATE","ABT-0600","1º BBM / 2ª CIA / 2º PEL / PASSO D`AREIA","-30.002033794530703","-51.09809875488281","DE ANIMAL",""
"PORTO ALEGRE","927667","03/08/2026 - 09:04","SÃO JOÃO","SERTÓRIO","SALVAMENTO/BUSCA/RESGATE","ABT-0597","1º BBM / 2ª CIA / 1º PEL / FLORESTA","-29.997177446866583","-51.170185761531336","DE ANIMAL",""
"PORTO ALEGRE","927669","03/08/2026 - 09:07","CASCATA","CASCA ALPINA","SALVAMENTO/BUSCA/RESGATE","ABT-0594","1º BBM / 1ª CIA / 2º PEL / TERESÓPOLIS","-30.08477503402729","-51.19426131248475","DE ANIMAL",""
"PORTO ALEGRE","927680","03/08/2026 - 10:00","BELEM NOVO","AV. JUCA BATISTA","ATENDIMENTO PRÉ-HOSPITALAR","AR-1628","1º BBM / 1ª CIA / 2º PEL / TERESÓPOLIS","-30.13628817773139","-51.22200855090265","",""
"PORTO ALEGRE","927691","03/08/2026 - 10:36","MENINO DEUS","VISCONDE DO HERVAL","SALVAMENTO/BUSCA/RESGATE","ABT-327","1º BBM / 1ª CIA / 1º PEL / AÇORIANOS","-30.05357756551785","-51.2189269065857","DE ANIMAL",""
"PORTO ALEGRE","927727","03/08/2026 - 11:54","GLÓRIA","CORONEL APARÍCIO BORGES","ATENDIMENTO PRÉ-HOSPITALAR","AR-1628","1º BBM / 1ª CIA / 2º PEL / TERESÓPOLIS","-30.066444175632668","-51.186741931576144","OCORRÊNCIA DE VULTO",""
"PORTO ALEGRE","927751","03/08/2026 - 13:51","RESTINGA","DAVID CHERMAN","AÇÕES PREVENTIVAS","ABT-0598","1º BBM / 1ª CIA / 4º PEL / RESTINGA","-30.156055858189877","-51.14552021026612","APOIO À PESSOA OU INSTITUIÇÃO",""
"PORTO ALEGRE","927761","03/08/2026 - 14:21","ABERTA DOS MORROS","MORRO ALTO","AVERIGUAÇÃO/MANEJO DE INSETOS","ABT-0599","1º BBM / 1ª CIA / 5º PEL / BELÉM NOVO","-30.137834541864517","-51.21161207955879","VISTORIA",""
"PORTO ALEGRE","927763","03/08/2026 - 14:23","PASSO DAREIA","LÍBERO BADARÓ","ATENDIMENTO PRÉ-HOSPITALAR","AR-1628","1º BBM / 1ª CIA / 2º PEL / TERESÓPOLIS","-30.020315442669666","-51.17148737272025","",""
"PORTO ALEGRE","927792","03/08/2026 - 15:38","BELÉM VELHO","R. AFRICA DO SUL","SALVAMENTO/BUSCA/RESGATE","ABT-0598","1º BBM / 1ª CIA / 4º PEL / RESTINGA","-30.11656589976503","-51.152901649475105","DE ANIMAL",""
"PORTO ALEGRE","927830","03/08/2026 - 17:29","PRAIA DE BELAS","AV. AURELIANO DE FIGUEIREDO PINTO","ATENDIMENTO PRÉ-HOSPITALAR","AR-1628","1º BBM / 1ª CIA / 2º PEL / TERESÓPOLIS","-30.043495561999958","-51.2233059402416","",""
"PORTO ALEGRE","927846","03/08/2026 - 18:36","FARRAPOS","SEISCENTOS E NOVENTA E SEIS","AÇÕES PREVENTIVAS","ABT-0597","1º BBM / 2ª CIA / 1º PEL / FLORESTA","-29.981883664713","-51.194431872106136","INSPEÇÃO/REMOÇÃO DE FONTE DE PERIGO",""
"PORTO ALEGRE","927865","03/08/2026 - 19:39","PROTÁSIO ALVES","ESPORTE CLUBE CRUZEIRO","AÇÕES PREVENTIVAS","ABT-1364","1º BBM / 2ª CIA / 3º PEL / PARTENON","-30.041105112480807","-51.128783226013184","INSPEÇÃO/REMOÇÃO DE FONTE DE PERIGO",""
"PORTO ALEGRE","927882","03/08/2026 - 21:24","SANTANA","MONSENHOR VERAS","AÇÕES PREVENTIVAS","ABT-327","1º BBM / 1ª CIA / 1º PEL / AÇORIANOS","-30.04844203976655","-51.1989712715149","INSPEÇÃO/REMOÇÃO DE FONTE DE PERIGO",""
"PORTO ALEGRE","927892","03/08/2026 - 22:17","SERRARIA","RUA WLANIR PORTO","INCÊNDIO","ABT-0596","1º BBM / 1ª CIA / 3º PEL / ASSUNÇÃO","-30.16661231253472","-51.22991303972837","TRANSFORMADOR/REDE ELÉTRICA",""
"PORTO ALEGRE","927896","03/08/2026 - 22:56","RUBEM BERTA","EGYDIO PEDRO FLACH","AVERIGUAÇÃO/MANEJO DE INSETOS","ABT-0600","1º BBM / 2ª CIA / 2º PEL / PASSO D`AREIA","-30.02080035280506","-51.115028858184814","EXTERMÍNIO",""
"PORTO ALEGRE","927899","03/08/2026 - 23:17","SÃO JOSÉ","ERNESTO ARAÚJO","INCÊNDIO","ABT-1364","1º BBM / 2ª CIA / 3º PEL / PARTENON","-30.07581605351261","-51.164660453796394","TRANSFORMADOR/REDE ELÉTRICA",""
"PORTO ALEGRE","927910","04/08/2026 - 04:28","CENTRO","RUA DEMÉTRIO RIBEIRO","AVERIGUAÇÃO/MANEJO DE INSETOS","ABT-327","1º BBM / 1ª CIA / 1º PEL / AÇORIANOS","-30.036052532710787","-51.230469946543195","REMOÇÃO",""
"PORTO ALEGRE","927934","04/08/2026 - 09:05","FLORESTA","AV CRISTOVÃO COLOMBO","ATENDIMENTO PRÉ-HOSPITALAR","AR-1628","1º BBM / 1ª CIA / 2º PEL / TERESÓPOLIS","-30.01977850292497","-51.206846237182624","",""
"PORTO ALEGRE","927957","04/08/2026 - 10:15","LAGEADO","R-1 COOPERATIVA CLARA NUNES","AVERIGUAÇÃO/MANEJO DE INSETOS","ABT-0599","1º BBM / 1ª CIA / 5º PEL / BELÉM NOVO","-30.202929652508665","-51.137453066246565","VISTORIA",""
"PORTO ALEGRE","927962","04/08/2026 - 10:32","TRISTEZA","DOUTOR PEREIRA NETO","ATENDIMENTO PRÉ-HOSPITALAR","AR-1628","1º BBM / 1ª CIA / 2º PEL / TERESÓPOLIS","-30.111721353877808","-51.25036239624024","",""
"PORTO ALEGRE","927964","04/08/2026 - 10:40","SARANDI","DAVI JOSÉ ESTRELA","SALVAMENTO/BUSCA/RESGATE","ABT-0600","1º BBM / 2ª CIA / 2º PEL / PASSO D`AREIA","-29.99194297714876","-51.13423349125537","DE ANIMAL",""
"PORTO ALEGRE","927981","04/08/2026 - 12:39","FARROUPILHA","JOÃO PESSOA","AVERIGUAÇÃO/MANEJO DE INSETOS","ABT-327","1º BBM / 1ª CIA / 1º PEL / AÇORIANOS","-30.038058734930217","-51.2189269065857","VISTORIA",""
"PORTO ALEGRE","928014","04/08/2026 - 14:14","LAMI","ESTRADA OTAVIANO JOSÉ PINTO","ATENDIMENTO PRÉ-HOSPITALAR","AR-1628","1º BBM / 1ª CIA / 2º PEL / TERESÓPOLIS","-30.238566252159597","-51.08344316482544","",""
"PORTO ALEGRE","928041","04/08/2026 - 15:12","ESPÍRITO SANTO","ARACHANES","AVERIGUAÇÃO/CORTE DE ÁRVORE","ABT-0596","1º BBM / 1ª CIA / 3º PEL / ASSUNÇÃO","-30.14664873527139","-51.22171640396119","CORTE TOTAL",""
"PORTO ALEGRE","928054","04/08/2026 - 15:48","CAMPO NOVO","R. SANTOS BECO UM","AVERIGUAÇÃO/MANEJO DE INSETOS","ABT-0599","1º BBM / 1ª CIA / 5º PEL / BELÉM NOVO","-30.130931086988095","-51.2056458697453","VISTORIA",""
"PORTO ALEGRE","928057","04/08/2026 - 15:58","VILA NOVA","AVENIDA JOÃO SALOMONI","INCÊNDIO","ABT-0594","1º BBM / 1ª CIA / 2º PEL / TERESÓPOLIS","-30.113521845032782","-51.21851921081544","TRANSFORMADOR/REDE ELÉTRICA",""
"PORTO ALEGRE","928090","04/08/2026 - 17:36","CENTRO HISTÓRICO","RUA DOS ANDRADAS","SALVAMENTO/BUSCA/RESGATE","ABT-1365","1º BBM / 1ª CIA / 1º PEL / AÇORIANOS","-30.033005999821437","-51.23909711837769","DE ANIMAL",""
"PORTO ALEGRE","928108","04/08/2026 - 18:22","SANTANA","MONSENHOR VERAS","ATENDIMENTO PRÉ-HOSPITALAR","AR-1628","1º BBM / 1ª CIA / 2º PEL / TERESÓPOLIS","-30.051506671262274","-51.20493650436402","",""
"PORTO ALEGRE","928121","04/08/2026 - 19:02","FARROUPILHA","JOÃO PESSOA","ATENDIMENTO PRÉ-HOSPITALAR","AR-1628","1º BBM / 1ª CIA / 2º PEL / TERESÓPOLIS","-30.049240710444277","-51.21042966842652","",""
"PORTO ALEGRE","928128","04/08/2026 - 19:12","RUBEM BERTA","DIOGO ALVARES CORREA","INCÊNDIO","ABT-0600","1º BBM / 2ª CIA / 2º PEL / PASSO D`AREIA","-29.98930387706145","-51.10878258697384","EDIFICAÇÃO RESIDENCIAL UNIFAMILIAR",""
"PORTO ALEGRE","928150","04/08/2026 - 20:35","SÃO JOSÉ","DONA FIRMINA","ATENDIMENTO PRÉ-HOSPITALAR","AR-1628","1º BBM / 1ª CIA / 2º PEL / TERESÓPOLIS","-30.07072810545226","-51.16968154907227","",""
"PORTO ALEGRE","928162","04/08/2026 - 22:04","MEDIANEIRA","SILVA PAES","ATENDIMENTO PRÉ-HOSPITALAR","AR-1628","1º BBM / 1ª CIA / 2º PEL / TERESÓPOLIS","-30.06857400482111","-51.21366977691651","",""
"PORTO ALEGRE","928177","05/08/2026 - 01:57","CAVALHADA","DA CAVALHADA","INCÊNDIO","ABT-0596","1º BBM / 1ª CIA / 3º PEL / ASSUNÇÃO","-30.125678941773646","-51.219892501831055","MEIO DE TRANSPORTE",""
"PORTO ALEGRE","928182","05/08/2026 - 05:05","PARTENON","AV. BENTO GONÇALVES","INCÊNDIO","ABT-1364","1º BBM / 2ª CIA / 3º PEL / PARTENON","-30.064599937516753","-51.162600517272956","EDIFICAÇÃO RESIDENCIAL UNIFAMILIAR | LIXO",""
"PORTO ALEGRE","928186","05/08/2026 - 06:49","RESTINGA","ESTRADA CHACARA DO BANCO","INCÊNDIO","ABT-0598","1º BBM / 1ª CIA / 4º PEL / RESTINGA","-30.166983322040014","-51.13910436630249","EDIFICAÇÃO RESIDENCIAL UNIFAMILIAR",""
"PORTO ALEGRE","928186","05/08/2026 - 06:49","RESTINGA","ESTRADA CHACARA DO BANCO","INCÊNDIO","ABT-0599","1º BBM / 1ª CIA / 5º PEL / BELÉM NOVO","-30.165740360884875","-51.144620008118075","EDIFICAÇÃO RESIDENCIAL UNIFAMILIAR",""
"PORTO ALEGRE","928207","05/08/2026 - 09:14","VILA NOVA","JOÃO CONTE","AVERIGUAÇÃO/MANEJO DE INSETOS","ABT-0594","1º BBM / 1ª CIA / 2º PEL / TERESÓPOLIS","-30.11141817516329","-51.21901279686377","VISTORIA",""
"PORTO ALEGRE","928236","05/08/2026 - 10:13","SANTA TEREZA","PADRE NÓBREGA","ATENDIMENTO PRÉ-HOSPITALAR","AR-1628","1º BBM / 1ª CIA / 2º PEL / TERESÓPOLIS","-30.0829043916508","-51.2287974357605","",""
"PORTO ALEGRE","928253","05/08/2026 - 11:48","SANTANA","RAMIRO BARCELOS","AÇÕES PREVENTIVAS","ABT-1365","1º BBM / 1ª CIA / 1º PEL / AÇORIANOS","-30.04018563644274","-51.20815515518189","APOIO À PESSOA OU INSTITUIÇÃO",""
"PORTO ALEGRE","928256","05/08/2026 - 12:17","SÃO JOÃO","DONA SEBASTIANA","INCÊNDIO","ABT-0597","1º BBM / 2ª CIA / 1º PEL / FLORESTA","-30.005434335282487","-51.18564610849415","TRANSFORMADOR/REDE ELÉTRICA",""
"PORTO ALEGRE","928258","05/08/2026 - 12:21","BOM JESUS","URANIA","AÇÕES PREVENTIVAS","ABT-1364","1º BBM / 2ª CIA / 3º PEL / PARTENON","-30.042786152669933","-51.16029381752015","TERRESTRE",""
"PORTO ALEGRE","928261","05/08/2026 - 12:44","PETRÓPOLIS","PROTASIO ALVES","SALVAMENTO/BUSCA/RESGATE","ABT-0597","1º BBM / 2ª CIA / 1º PEL / FLORESTA","-30.03865315741699","-51.172793094976846","DE ANIMAL",""
"PORTO ALEGRE","928285","05/08/2026 - 14:08","PETRÓPOLIS","PROTASIO ALVES","SALVAMENTO/BUSCA/RESGATE","ABT-0597","1º BBM / 2ª CIA / 1º PEL / FLORESTA","-30.038801762481505","-51.17290032830324","DE ANIMAL",""
"PORTO ALEGRE","928294","05/08/2026 - 14:28","SANTO ANTÔNIO","LUIZ DE CAMÕES","AVERIGUAÇÃO/CORTE DE ÁRVORE","ABT-1364","1º BBM / 2ª CIA / 3º PEL / PARTENON","-30.056892763469584","-51.201395988464355","VISTORIA",""
"PORTO ALEGRE","928302","05/08/2026 - 14:59","SERRARIA","RUA AGENOR MENDES OURÍQUES","INCÊNDIO","ABT-0599","1º BBM / 1ª CIA / 5º PEL / BELÉM NOVO","-30.160898228440523","-51.22396943968777","MEIO DE TRANSPORTE",""
"PORTO ALEGRE","928313","05/08/2026 - 15:27","MENINO DEUS","RUA MARCÍLIO DIAS","AÇÕES PREVENTIVAS","ABT-1365","1º BBM / 1ª CIA / 1º PEL / AÇORIANOS","-30.049287144587908","-51.22474193572999","APOIO À PESSOA OU INSTITUIÇÃO",""
"PORTO ALEGRE","928341","05/08/2026 - 16:25","TRISTEZA","DOUTOR MARIO TOTTA","ATENDIMENTO PRÉ-HOSPITALAR","AR-1628","1º BBM / 1ª CIA / 2º PEL / TERESÓPOLIS","-30.115220216406126","-51.25619888305665","",""
"PORTO ALEGRE","928349","05/08/2026 - 16:58","NONOAI","ALCEBÍADES ANTÔNIO DOS SANTOS","ATENDIMENTO PRÉ-HOSPITALAR","ABT-0594","1º BBM / 1ª CIA / 2º PEL / TERESÓPOLIS","-30.087866390279473","-51.21362686157227","",""
"PORTO ALEGRE","928359","05/08/2026 - 17:49","AUXILIADORA","CARLOS TREIN FILHO","AÇÕES PREVENTIVAS","ABT-0597","1º BBM / 2ª CIA / 1º PEL / FLORESTA","-30.023197013936223","-51.18740559358057","APOIO À PESSOA OU INSTITUIÇÃO",""
"PORTO ALEGRE","928377","05/08/2026 - 18:34","JARDIM DO SALSO","EDGAR DIEFENTHAELER","INCÊNDIO","ABT-1364","1º BBM / 2ª CIA / 3º PEL / PARTENON","-30.053029664972822","-51.16483211517335","VEGETAÇÃO",""
"PORTO ALEGRE","928383","05/08/2026 - 18:49","FLORESTA","FARRAPOS","INCÊNDIO","ABT-0597","1º BBM / 2ª CIA / 1º PEL / FLORESTA","-30.01944407704075","-51.2099790389673","LIXO",""
"PORTO ALEGRE","928389","05/08/2026 - 19:13","HUMAITÁ","AV. PADRE LEOPOLDO BRENTANO","AÇÕES PREVENTIVAS","AR-1628","1º BBM / 1ª CIA / 2º PEL / TERESÓPOLIS","-29.975066912386332","-51.19579553604126","APOIO À PESSOA OU INSTITUIÇÃO",""
"PORTO ALEGRE","928389","05/08/2026 - 19:13","HUMAITÁ","AV. PADRE LEOPOLDO BRENTANO","AÇÕES PREVENTIVAS","ABT-0597","1º BBM / 2ª CIA / 1º PEL / FLORESTA","-29.974769511041803","-51.19540784137162","APOIO À PESSOA OU INSTITUIÇÃO",""
"PORTO ALEGRE","928395","05/08/2026 - 19:34","MENINO DEUS","SALDANHA MARINHO","INCÊNDIO","ABT-1365","1º BBM / 1ª CIA / 1º PEL / AÇORIANOS","-30.057468500821262","-51.22146964073181","EDIFICAÇÃO COMERCIAL",""
"PORTO ALEGRE","928411","05/08/2026 - 20:52","ASSUNÇÃO","GUAIBA","AÇÕES PREVENTIVAS","ABT-0596","1º BBM / 1ª CIA / 3º PEL / ASSUNÇÃO","-30.098058825031664","-51.26267898106436","APOIO À PESSOA OU INSTITUIÇÃO",""
"PORTO ALEGRE","928418","05/08/2026 - 21:36","CIDADE BAIXA","LOPO GONÇALVES","INCÊNDIO","ABT-1365","1º BBM / 1ª CIA / 1º PEL / AÇORIANOS","-30.041067962099238","-51.22046113014222","CONTAINER",""
"PORTO ALEGRE","928420","05/08/2026 - 21:52","NAVEGANTES","PADRE DIOGO FEIJÓ","INCÊNDIO","ABT-0597","1º BBM / 2ª CIA / 1º PEL / FLORESTA","-29.999190630029442","-51.192297953830575","LIXO",""
"PORTO ALEGRE","928430","05/08/2026 - 23:15","HÍPICA","RODRIGO PAVAN","INCÊNDIO","ABT-0599","1º BBM / 1ª CIA / 5º PEL / BELÉM NOVO","-30.159729402221117","-51.17695565625961","TRANSFORMADOR/REDE ELÉTRICA",""
"PORTO ALEGRE","928431","05/08/2026 - 23:30","PRAIA DE BELAS","BORGES DE MEDEIROS","SALVAMENTO/BUSCA/RESGATE","ABT-1365","1º BBM / 1ª CIA / 1º PEL / AÇORIANOS","-30.043928500719215","-51.22796058654786","COLISÃO/CHOQUE",""
"PORTO ALEGRE","928433","05/08/2026 - 23:55","CENTRO HISTÓRICO","RUA DA CONCEIÇÃO","INCÊNDIO","ABT-0597","1º BBM / 2ª CIA / 1º PEL / FLORESTA","-30.02524063270461","-51.21997833251954","LIXO",""
"PORTO ALEGRE","928451","06/08/2026 - 06:44","CENTRO HISTÓRICO","RUA DUQUE DE CAXIAS","SALVAMENTO/BUSCA/RESGATE","ABT-1365","1º BBM / 1ª CIA / 1º PEL / AÇORIANOS","-30.03402771336223","-51.22791767120361","SUICÍDIO/TENTATIVA",""
"PORTO ALEGRE","928451","06/08/2026 - 06:44","CENTRO HISTÓRICO","RUA DUQUE DE CAXIAS","SALVAMENTO/BUSCA/RESGATE","ABTS-866","BBS / 1ª CIA / 1º PEL / TERRESTRE","-30.034250631280425","-51.22793912887574","SUICÍDIO/TENTATIVA",""
"PORTO ALEGRE","928452","06/08/2026 - 06:45","CENTRO","DUQUE DE CAXIAS","OCORRÊNCIA NÃO ATENDIDA","COBOM-DCCI","1º BBM / COBOM-DCCI","-30.033767641823925","-51.22793912887574","",""
"PORTO ALEGRE","928468","06/08/2026 - 08:38","RESTINGA","ESTRADA COSTA GAMA","ATENDIMENTO PRÉ-HOSPITALAR","ABT-0598","1º BBM / 1ª CIA / 4º PEL / RESTINGA","-30.142603582158166","-51.164166927337654","EVENTO EXTREMO",""
"PORTO ALEGRE","928470","06/08/2026 - 08:42","SANTO ANTÔNIO","LUIZ DE CAMÕES","AVERIGUAÇÃO/CORTE DE ÁRVORE","ABT-1364","1º BBM / 2ª CIA / 3º PEL / PARTENON","-30.0560986","-51.2013436","EVENTO EXTREMO",""
"PORTO ALEGRE","928470","06/08/2026 - 08:42","SANTO ANTÔNIO","LUIZ DE CAMÕES","AVERIGUAÇÃO/CORTE DE ÁRVORE","ABTS-866","BBS / 1ª CIA / 1º PEL / TERRESTRE","-30.050644784980694","-51.1971522646492","CORTE TOTAL",""
"PORTO ALEGRE","928472","06/08/2026 - 08:46","JARDIM LINDÓIA","BOGOTA","ATENDIMENTO PRÉ-HOSPITALAR","ABT-0600","1º BBM / 2ª CIA / 2º PEL / PASSO D`AREIA","-30.007747697030148","-51.148610065479495","",""
"PORTO ALEGRE","928473","06/08/2026 - 08:56","RESTINGA","DR CARLOS NIEDERAUER HOFMEISTER","INCÊNDIO","ABT-0598","1º BBM / 1ª CIA / 4º PEL / RESTINGA","-30.15048962164016","-51.13927602767944","TRANSFORMADOR/REDE ELÉTRICA",""
"PORTO ALEGRE","928491","06/08/2026 - 09:46","VILA JARDIM","DOUTOR BALTAZAR DE BEM","ATENDIMENTO PRÉ-HOSPITALAR","AR-1628","1º BBM / 1ª CIA / 2º PEL / TERESÓPOLIS","-30.039191849715447","-51.152428628820786","",""
"PORTO ALEGRE","928501","06/08/2026 - 09:58","BOM FIM","FERNANDES VIEIRA","AÇÕES PREVENTIVAS","ABT-0597","1º BBM / 2ª CIA / 1º PEL / FLORESTA","-30.03428159206273","-51.2109302287168","ACIDENTES DOMÉSTICOS",""
"PORTO ALEGRE","928529","06/08/2026 - 11:13","FLORESTA","FARRAPOS","SALVAMENTO/BUSCA/RESGATE","ABT-0597","1º BBM / 2ª CIA / 1º PEL / FLORESTA","-30.022713970617726","-51.21259749436012","DE ANIMAL",""
"PORTO ALEGRE","928537","06/08/2026 - 11:48","TRISTEZA","MAJOR CUPERTINO","INCÊNDIO","ABT-0596","1º BBM / 1ª CIA / 3º PEL / ASSUNÇÃO","-30.10413387173246","-51.252486907371946","LIXO",""
"PORTO ALEGRE","928541","06/08/2026 - 12:00","CENTRO","PINTO BANDEIRA","ATENDIMENTO PRÉ-HOSPITALAR","AR-1628","1º BBM / 1ª CIA / 2º PEL / TERESÓPOLIS","-30.027123200295215","-51.22251749716174","",""
"PORTO ALEGRE","928555","06/08/2026 - 13:19","GUARUJÁ","DOUTOR SADY SOARES","OCORRÊNCIA NÃO ATENDIDA","ABT-0599","1º BBM / 1ª CIA / 5º PEL / BELÉM NOVO","-30.15631560822344","-51.21748924255372","",""
"PORTO ALEGRE","928590","06/08/2026 - 14:52","PROTÁSIO ALVES","CARLOS BELINZONI","ATENDIMENTO PRÉ-HOSPITALAR","AR-1628","1º BBM / 1ª CIA / 2º PEL / TERESÓPOLIS","-30.039359030622187","-51.12218473223627","",""
"PORTO ALEGRE","928617","06/08/2026 - 15:41","CENTRO","BORGES DE MEDEIROS","ATENDIMENTO PRÉ-HOSPITALAR","ABT-1365","1º BBM / 1ª CIA / 1º PEL / AÇORIANOS","-30.043705604573237","-51.22899055480958","",""
"PORTO ALEGRE","928632","06/08/2026 - 16:12","FLORESTA","ALMIRANTE BARROSO","ATENDIMENTO PRÉ-HOSPITALAR","ABT-0597","1º BBM / 2ª CIA / 1º PEL / FLORESTA","-30.018199259670542","-51.20516312366319","",""
"PORTO ALEGRE","928634","06/08/2026 - 16:21","PETRÓPOLIS","MURILO FURTADO","ATENDIMENTO PRÉ-HOSPITALAR","AR-1628","1º BBM / 1ª CIA / 2º PEL / TERESÓPOLIS","-30.038380717243257","-51.174688844229905","",""
"PORTO ALEGRE","928647","06/08/2026 - 17:20","AZENHA","PROFESSOR OSCAR PEREIRA","ATENDIMENTO PRÉ-HOSPITALAR","AR-1628","1º BBM / 1ª CIA / 2º PEL / TERESÓPOLIS","-30.052354846957687","-51.212296529167595","",""
"PORTO ALEGRE","928672","06/08/2026 - 18:31","CORONEL APARÍCIO BORGES","JORGE LUIZ M. DOMINGUES","AVERIGUAÇÃO/MANEJO DE INSETOS","ABT-0594","1º BBM / 1ª CIA / 2º PEL / TERESÓPOLIS","-30.071805138184363","-51.18377923965454","VISTORIA",""
"PORTO ALEGRE","928685","06/08/2026 - 19:01","LOMBA DO PINHEIRO","ORQUÍDEA","INCÊNDIO","ABT-0598","1º BBM / 1ª CIA / 4º PEL / RESTINGA","-30.116992802379418","-51.1126470565796","TRANSFORMADOR/REDE ELÉTRICA",""
"PORTO ALEGRE","928739","06/08/2026 - 20:29","MEDIANEIRA","NITERÓI","AVERIGUAÇÃO/CORTE DE ÁRVORE","ABT-0594","1º BBM / 1ª CIA / 2º PEL / TERESÓPOLIS","-30.068871124937203","-51.206545829772956","EVENTO EXTREMO",""
"PORTO ALEGRE","928776","06/08/2026 - 21:15","LOMBA DO PINHEIRO","GUAÍBA","INCÊNDIO","ABT-0598","1º BBM / 1ª CIA / 4º PEL / RESTINGA","-30.11279794016236","-51.112196445465095","EDIFICAÇÃO RESIDENCIAL UNIFAMILIAR",""
"PORTO ALEGRE","928778","06/08/2026 - 21:16","JARDIM ITU SABARÁ","DOUTOR EDUARDO MARQUES JÚNIOR","AVERIGUAÇÃO/CORTE DE ÁRVORE","ABT-0600","1º BBM / 2ª CIA / 2º PEL / PASSO D`AREIA","-30.010929467819317","-51.13207646809415","CORTE TOTAL | EVENTO EXTREMO | VISTORIA",""
"PORTO ALEGRE","928779","06/08/2026 - 21:19","RUBEM BERTA","BALTAZAR DE OLIVEIRA GARCIA","AVERIGUAÇÃO/CORTE DE ÁRVORE","ABT-1364","1º BBM / 2ª CIA / 3º PEL / PARTENON","-30.015560938366352","-51.10337734222413","EVENTO EXTREMO",""
"PORTO ALEGRE","928783","06/08/2026 - 21:21","VILA JOÃO PESSOA","ÂNGELO BARCELOS","AVERIGUAÇÃO/CORTE DE ÁRVORE","ABT-0594","1º BBM / 1ª CIA / 2º PEL / TERESÓPOLIS","-30.06710696117241","-51.17249250411988","CORTE TOTAL | EVENTO EXTREMO",""
"PORTO ALEGRE","928784","06/08/2026 - 21:23","HÍPICA","DORIVAL CASTILHOS MACHADO","AVERIGUAÇÃO/CORTE DE ÁRVORE","ABT-0599","1º BBM / 1ª CIA / 5º PEL / BELÉM NOVO","-30.16160322803251","-51.192984565116916","CORTE PARCIAL | EVENTO EXTREMO",""
"PORTO ALEGRE","928786","06/08/2026 - 21:25","VILA NOVA","JOAQUIM DE CARVALHO","SALVAMENTO/BUSCA/RESGATE","ABT-0596","1º BBM / 1ª CIA / 3º PEL / ASSUNÇÃO","-30.119647041462308","-51.219946071653695","ELEVADORES",""
"PORTO ALEGRE","928792","06/08/2026 - 21:33","PARTENON","MÁRIO DE ARTAGÃO","AVERIGUAÇÃO/CORTE DE ÁRVORE","ABT-1365","1º BBM / 1ª CIA / 1º PEL / AÇORIANOS","-30.065101347328","-51.194486618042","EVENTO EXTREMO",""
"PORTO ALEGRE","928806","06/08/2026 - 21:51","SÃO GERALDO","SÃO PEDRO","AÇÕES PREVENTIVAS","ABT-0597","1º BBM / 2ª CIA / 1º PEL / FLORESTA","-30.01051944378816","-51.20191874171747","EVENTO EXTREMO | INSPEÇÃO/REMOÇÃO DE FONTE DE PERIGO",""
"PORTO ALEGRE","928809","06/08/2026 - 21:58","AZENHA","ANTÔNIO FRANCISCO DA ROCHA","AVERIGUAÇÃO/CORTE DE ÁRVORE","ABT-1365","1º BBM / 1ª CIA / 1º PEL / AÇORIANOS","-30.045433036586477","-51.21748924255372","CORTE TOTAL | EVENTO EXTREMO",""
"PORTO ALEGRE","928811","06/08/2026 - 22:03","SÃO GERALDO","CAIRÚ","AVERIGUAÇÃO/CORTE DE ÁRVORE","ABT-0597","1º BBM / 2ª CIA / 1º PEL / FLORESTA","-30.004300834647594","-51.201244582660394","EVENTO EXTREMO | VISTORIA",""
"PORTO ALEGRE","928821","06/08/2026 - 22:12","BOA VISTA","TOMAZ GONZAGA","SALVAMENTO/BUSCA/RESGATE","ABT-1364","1º BBM / 2ª CIA / 3º PEL / PARTENON","-30.02607664642285","-51.17502450942993","ELEVADORES",""
"PORTO ALEGRE","928822","06/08/2026 - 22:13","HÍPICA","ESTRADA EDGAR PIRES DE CASTRO","AVERIGUAÇÃO/CORTE DE ÁRVORE","ABT-0598","1º BBM / 1ª CIA / 4º PEL / RESTINGA","-30.161566122916497","-51.159102916717536","VISTORIA",""
"PORTO ALEGRE","928822","06/08/2026 - 22:13","HÍPICA","ESTRADA EDGAR PIRES DE CASTRO","AVERIGUAÇÃO/CORTE DE ÁRVORE","ABT-0599","1º BBM / 1ª CIA / 5º PEL / BELÉM NOVO","-30.161974278424573","-51.158308835989224","CORTE TOTAL | EVENTO EXTREMO",""
"PORTO ALEGRE","928841","06/08/2026 - 22:23","BOM JESUS","RUA G","AVERIGUAÇÃO/CORTE DE ÁRVORE","ABTS-866","BBS / 1ª CIA / 1º PEL / TERRESTRE","-30.04753301734002","-51.15174586293699","EVENTO EXTREMO",""
"PORTO ALEGRE","928875","06/08/2026 - 22:41","CIDADE BAIXA","VENÂNCIO AIRES","SALVAMENTO/BUSCA/RESGATE","ABT-0597","1º BBM / 2ª CIA / 1º PEL / FLORESTA","-30.04096889434694","-51.215718606502556","ELEVADORES | EVENTO EXTREMO",""
"PORTO ALEGRE","928892","06/08/2026 - 22:59","CRISTAL","CORONEL MASSOT","INCÊNDIO","ABT-0596","1º BBM / 1ª CIA / 3º PEL / ASSUNÇÃO","-30.099079874414638","-51.23974097081832","EDIFICAÇÃO RESIDENCIAL UNIFAMILIAR",""
"PORTO ALEGRE","928894","06/08/2026 - 22:59","CRISTAL","CORONEL MASSOT","OCORRÊNCIA NÃO ATENDIDA","COBOM-DCCI","1º BBM / COBOM-DCCI","-30.098671452828224","-51.238517761230476","",""
"PORTO ALEGRE","928899","06/08/2026 - 23:04","CORONEL APARÍCIO BORGES","DA REPRESA","AVERIGUAÇÃO/CORTE DE ÁRVORE","ABT-1364","1º BBM / 2ª CIA / 3º PEL / PARTENON","-30.08433870869635","-51.17096900939942","EVENTO EXTREMO",""
"PORTO ALEGRE","928910","06/08/2026 - 23:15","BELA VISTA","BARÃO DE UBÁ","AVERIGUAÇÃO/CORTE DE ÁRVORE","ABT-0597","1º BBM / 2ª CIA / 1º PEL / FLORESTA","-30.035513823345454","-51.189621135242525","CORTE TOTAL | EVENTO EXTREMO",""
"PORTO ALEGRE","928921","06/08/2026 - 23:28","JARDIM FLORESTA","MONTE ALEGRE","AVERIGUAÇÃO/CORTE DE ÁRVORE","ABTS-866","BBS / 1ª CIA / 1º PEL / TERRESTRE","-30.00377666743081","-51.156468411069","EVENTO EXTREMO",""
"PORTO ALEGRE","928931","06/08/2026 - 23:37","ABERTA DOS MORROS","JORGE PEREIRA NUNES","AVERIGUAÇÃO/CORTE DE ÁRVORE","ABT-0598","1º BBM / 1ª CIA / 4º PEL / RESTINGA","-30.160100459664864","-51.19714736938477","CORTE PARCIAL",""
"PORTO ALEGRE","928937","06/08/2026 - 23:45","MORRO SANTANA","AMADEU F. DE OLIVEIRA FREITAS","AÇÕES PREVENTIVAS","ABT-1364","1º BBM / 2ª CIA / 3º PEL / PARTENON","-30.039656237277246","-51.12686812877655","EVENTO EXTREMO",""
"PORTO ALEGRE","928948","06/08/2026 - 23:56","SANTA TEREZA","DOUTOR ÊNIO AMORETTY GOMES","AVERIGUAÇÃO/CORTE DE ÁRVORE","ABT-1365","1º BBM / 1ª CIA / 1º PEL / AÇORIANOS","-30.080291003236805","-51.22246742248536","EVENTO EXTREMO | VISTORIA",""
"PORTO ALEGRE","928950","06/08/2026 - 23:59","CRISTAL","COMANDAI","ATENDIMENTO PRÉ-HOSPITALAR","AR-1628","1º BBM / 1ª CIA / 2º PEL / TERESÓPOLIS","-30.086630156730997","-51.23411580012601","",""
"PORTO ALEGRE","928966","07/08/2026 - 00:25","LOMBA DO PINHEIRO","DA COMUNIDADE","AÇÕES PREVENTIVAS","ABT-0598","1º BBM / 1ª CIA / 4º PEL / RESTINGA","-30.13007740042252","-51.12702369689942","DESTELHAMENTO",""
"PORTO ALEGRE","929003","07/08/2026 - 01:21","SARANDI","AV DIQUE IV VILA NOVA BRASILIA","AVERIGUAÇÃO/CORTE DE ÁRVORE","ABT-0600","1º BBM / 2ª CIA / 2º PEL / PASSO D`AREIA","-29.99505580212779","-51.13252768067958","EVENTO EXTREMO | VISTORIA",""
"PORTO ALEGRE","929033","07/08/2026 - 01:59","HIGIENÓPOLIS","FELICISSIMO DE AZEVEDO","AVERIGUAÇÃO/CORTE DE ÁRVORE","ABT-1365","1º BBM / 1ª CIA / 1º PEL / AÇORIANOS","-30.02000145288785","-51.188457012176514","EVENTO EXTREMO | VISTORIA",""
"PORTO ALEGRE","929037","07/08/2026 - 02:05","SÃO SEBASTIÃO","JOSÉ JULIANO","AVERIGUAÇÃO/CORTE DE ÁRVORE","ABT-0600","1º BBM / 2ª CIA / 2º PEL / PASSO D`AREIA","-30.001550647541837","-51.143771408336015","CORTE TOTAL | EVENTO EXTREMO | VISTORIA",""
"PORTO ALEGRE","929086","07/08/2026 - 03:25","RIO BRANCO","CABRAL","OCORRÊNCIA NÃO ATENDIDA","ABT-0597","1º BBM / 2ª CIA / 1º PEL / FLORESTA","-30.03412678805445","-51.20195391020055","",""
"PORTO ALEGRE","929104","07/08/2026 - 04:22","CIDADE BAIXA","JOÃO ALFREDO","AVERIGUAÇÃO/CORTE DE ÁRVORE","ABT-1365","1º BBM / 1ª CIA / 1º PEL / AÇORIANOS","-30.038987518498722","-51.22759580612183","EVENTO EXTREMO | VISTORIA",""
"PORTO ALEGRE","929111","07/08/2026 - 06:04","PETRÓPOLIS","LAGEADO","AVERIGUAÇÃO/CORTE DE ÁRVORE","ABT-0597","1º BBM / 2ª CIA / 1º PEL / FLORESTA","-30.03530948454424","-51.179930770508506","EVENTO EXTREMO | VISTORIA",""
"PORTO ALEGRE","929129","07/08/2026 - 08:06","PASSO DAREIA","SANTIAGO","AVERIGUAÇÃO/CORTE DE ÁRVORE","ABT-0597","1º BBM / 2ª CIA / 1º PEL / FLORESTA","-30.009559424992094","-51.17631542590407","CORTE TOTAL",""
"PORTO ALEGRE","929130","07/08/2026 - 08:09","RUBEM BERTA","AV MAURICIO SELIGMAN","AVERIGUAÇÃO/CORTE DE ÁRVORE","ABT-0600","1º BBM / 2ª CIA / 2º PEL / PASSO D`AREIA","-30.00985671676023","-51.09507322311402","CORTE TOTAL",""
"PORTO ALEGRE","929132","07/08/2026 - 08:20","FLORESTA","CRISTOVÃO COLOMBO","AVERIGUAÇÃO/CORTE DE ÁRVORE","ABT-1365","1º BBM / 1ª CIA / 1º PEL / AÇORIANOS","-30.017586134923647","-51.190119981765754","CORTE TOTAL | EVENTO EXTREMO",""
"PORTO ALEGRE","929137","07/08/2026 - 08:36","PARTENON","TOBIAS BARRETO","AVERIGUAÇÃO/CORTE DE ÁRVORE","ABT-1364","1º BBM / 2ª CIA / 3º PEL / PARTENON","-30.060867140197075","-51.19450807571412","EVENTO EXTREMO | VISTORIA",""
"PORTO ALEGRE","929162","07/08/2026 - 09:07","NAVEGANTES","CAIRU","AVERIGUAÇÃO/CORTE DE ÁRVORE","ABT-0597","1º BBM / 2ª CIA / 1º PEL / FLORESTA","-30.00359471295206","-51.20315501493254","CORTE PARCIAL",""
"PORTO ALEGRE","929167","07/08/2026 - 09:10","SÃO SEBASTIÃO","BALTAZAR DE OLIVEIRA GARCIA","AVERIGUAÇÃO/CORTE DE ÁRVORE","ABT-0596","1º BBM / 1ª CIA / 3º PEL / ASSUNÇÃO","-30.0226768133419","-51.12825751304627","CORTE TOTAL | VISTORIA",""
"PORTO ALEGRE","929169","07/08/2026 - 09:11","TRÊS FIGUEIRAS","JOÃO CAETANO","AVERIGUAÇÃO/CORTE DE ÁRVORE","ABT-1365","1º BBM / 1ª CIA / 1º PEL / AÇORIANOS","-30.03569958552637","-51.17616176605225","CORTE TOTAL | EVENTO EXTREMO",""
"PORTO ALEGRE","929185","07/08/2026 - 09:34","SARANDI","REZENDE COSTA","AVERIGUAÇÃO/CORTE DE ÁRVORE","ABT-1364","1º BBM / 2ª CIA / 3º PEL / PARTENON","-29.983709749990954","-51.13198041915894","CORTE PARCIAL | EVENTO EXTREMO",""
"PORTO ALEGRE","929213","07/08/2026 - 10:00","SÃO SEBASTIÃO","BALTAZAR DE OLIVEIRA GARCIA","AVERIGUAÇÃO/CORTE DE ÁRVORE","ABT-1365","1º BBM / 1ª CIA / 1º PEL / AÇORIANOS","-30.0099682083249","-51.140177249908454","CORTE TOTAL | EVENTO EXTREMO",""
"PORTO ALEGRE","929216","07/08/2026 - 10:07","SARANDI","DIQUE","AVERIGUAÇÃO/CORTE DE ÁRVORE","ABT-0600","1º BBM / 2ª CIA / 2º PEL / PASSO D`AREIA","-29.98527096433506","-51.13732337290704","CORTE TOTAL",""
"PORTO ALEGRE","929233","07/08/2026 - 10:31","SÃO JOÃO","FELICÍSSIMO DE AZEVEDO","AVERIGUAÇÃO/CORTE DE ÁRVORE","ABT-1365","1º BBM / 1ª CIA / 1º PEL / AÇORIANOS","-30.01217932533495","-51.19075298309326","EVENTO EXTREMO | VISTORIA",""
"PORTO ALEGRE","929234","07/08/2026 - 10:32","SANTA TEREZA","RUA DORMÊNIO","AVERIGUAÇÃO/CORTE DE ÁRVORE","ABT-0594","1º BBM / 1ª CIA / 2º PEL / TERESÓPOLIS","-30.074869046500602","-51.22725248336793","VISTORIA",""
"PORTO ALEGRE","929247","07/08/2026 - 10:55","PONTA GROSSA","JULIETA ABBUD","SALVAMENTO/BUSCA/RESGATE","ABT-0599","1º BBM / 1ª CIA / 5º PEL / BELÉM NOVO","-30.177241790924665","-51.18182658355334","DESAPARECIMENTO",""
"PORTO ALEGRE","929247","07/08/2026 - 10:55","PONTA GROSSA","JULIETA ABBUD","SALVAMENTO/BUSCA/RESGATE","ABTS-866","BBS / 1ª CIA / 1º PEL / TERRESTRE","-30.177260340534062","-51.181697819020705","DESAPARECIMENTO",""
"PORTO ALEGRE","929247","07/08/2026 - 10:55","PONTA GROSSA","JULIETA ABBUD","SALVAMENTO/BUSCA/RESGATE","ABC-793","BBS / 1ª CIA / 2º PEL / CANIL","-30.17466336123993","-51.18255615234375","DESAPARECIMENTO",""
"PORTO ALEGRE","929253","07/08/2026 - 11:00","MEDIANEIRA","EURICO LARA","ATENDIMENTO PRÉ-HOSPITALAR","AR-1628","1º BBM / 1ª CIA / 2º PEL / TERESÓPOLIS","-30.060922854624668","-51.21513962745667","",""
"PORTO ALEGRE","929260","07/08/2026 - 11:14","PETRÓPOLIS","LAGEADO","AVERIGUAÇÃO/CORTE DE ÁRVORE","ABT-1365","1º BBM / 1ª CIA / 1º PEL / AÇORIANOS","-30.035458094623277","-51.179938316345215","CORTE PARCIAL | EVENTO EXTREMO",""
"PORTO ALEGRE","929266","07/08/2026 - 11:29","RUBEM BERTA","DONÁRIO BRAGA","AVERIGUAÇÃO/CORTE DE ÁRVORE","ABT-0600","1º BBM / 2ª CIA / 2º PEL / PASSO D`AREIA","-30.013591442692988","-51.09623191427496","VISTORIA",""
"PORTO ALEGRE","929278","07/08/2026 - 11:54","VILA MAPA","DOS PINEIROS","INCÊNDIO","ABT-0598","1º BBM / 1ª CIA / 4º PEL / RESTINGA","-30.10093628185509","-51.13928139209747","EDIFICAÇÃO RESIDENCIAL UNIFAMILIAR",""
"PORTO ALEGRE","929316","07/08/2026 - 13:16","INDEPENDÊNCIA","VINTE E QUATRO DE OUTUBRO","INCÊNDIO","ABT-1365","1º BBM / 1ª CIA / 1º PEL / AÇORIANOS","-30.021877928543557","-51.193199157714844","EDIFICAÇÃO COMERCIAL",""
"PORTO ALEGRE","929331","07/08/2026 - 13:57","PETRÓPOLIS","CAÇAPAVA","AVERIGUAÇÃO/CORTE DE ÁRVORE","ABT-1364","1º BBM / 2ª CIA / 3º PEL / PARTENON","-30.042293917335808","-51.18118286132813","EVENTO EXTREMO | VISTORIA",""
"PORTO ALEGRE","929335","07/08/2026 - 14:09","COSTA E SILVA","DANTE ANGELO PILLA","AVERIGUAÇÃO/CORTE DE ÁRVORE","ABT-0600","1º BBM / 2ª CIA / 2º PEL / PASSO D`AREIA","-30.01208643239063","-51.118655204772956","CORTE PARCIAL",""
"PORTO ALEGRE","929347","07/08/2026 - 14:32","JARDIM CARVALHO","AVENIDA IPIRANGA","SALVAMENTO/BUSCA/RESGATE","ATP-1190","BBS / 2ª CIA / 2º PEL / MERGULHO","-30.064488512769316","-51.15004777908326","AFOGAMENTO",""
"PORTO ALEGRE","929351","07/08/2026 - 14:33","CAMPO NOVO","ZENÓBIA LÚCIA DE DEUS","AVERIGUAÇÃO/CORTE DE ÁRVORE","ABT-0599","1º BBM / 1ª CIA / 5º PEL / BELÉM NOVO","-30.127497737465504","-51.203970932933764","CORTE PARCIAL",""
"PORTO ALEGRE","929366","07/08/2026 - 14:53","CRISTO REDENTOR","FERNANDO ABBOTT","AVERIGUAÇÃO/CORTE DE ÁRVORE","ABT-0600","1º BBM / 2ª CIA / 2º PEL / PASSO D`AREIA","-30.00805437916249","-51.15818032604562","CORTE TOTAL",""
"PORTO ALEGRE","929371","07/08/2026 - 14:58","PROTÁSIO ALVES","GILDO DE FREITAS","AVERIGUAÇÃO/CORTE DE ÁRVORE","ABT-1364","1º BBM / 2ª CIA / 3º PEL / PARTENON","-30.042071017512068","-51.16800785064698","CORTE TOTAL | EVENTO EXTREMO",""
"PORTO ALEGRE","929375","07/08/2026 - 15:01","SANTA TEREZA","RUA DORMÊNIO","AVERIGUAÇÃO/CORTE DE ÁRVORE","ABT-0594","1º BBM / 1ª CIA / 2º PEL / TERESÓPOLIS","-30.074887615352676","-51.22710227966309","CORTE TOTAL",""
"PORTO ALEGRE","929380","07/08/2026 - 15:07","PETRÓPOLIS","LAGEADO","AVERIGUAÇÃO/CORTE DE ÁRVORE","ABT-1365","1º BBM / 1ª CIA / 1º PEL / AÇORIANOS","-30.03540236586974","-51.17965936660767","CORTE PARCIAL | EVENTO EXTREMO",""
"PORTO ALEGRE","929384","07/08/2026 - 15:13","HÍPICA","RUA DORIVAL CASTILHO MACHADO","AVERIGUAÇÃO/CORTE DE ÁRVORE","ABT-0599","1º BBM / 1ª CIA / 5º PEL / BELÉM NOVO","-30.161974278424573","-51.19309187332344","CORTE PARCIAL",""
"PORTO ALEGRE","929390","07/08/2026 - 15:21","TRISTEZA","DOUTOR MARIO TOTTA","AVERIGUAÇÃO/CORTE DE ÁRVORE","ABT-0596","1º BBM / 1ª CIA / 3º PEL / ASSUNÇÃO","-30.115173813204684","-51.25598430633545","CORTE TOTAL",""
"PORTO ALEGRE","929397","07/08/2026 - 15:30","RESTINGA","ECONOMISTA NILO WULFF","ATENDIMENTO PRÉ-HOSPITALAR","AR-1628","1º BBM / 1ª CIA / 2º PEL / TERESÓPOLIS","-30.150025754414866","-51.14607810974121","",""
"PORTO ALEGRE","929398","07/08/2026 - 15:33","PETRÓPOLIS","CAÇAPAVA","AVERIGUAÇÃO/CORTE DE ÁRVORE","ABTS-866","BBS / 1ª CIA / 1º PEL / TERRESTRE","-30.04231248693199","-51.18146181106568","CORTE PARCIAL | EVENTO EXTREMO",""
"PORTO ALEGRE","929426","07/08/2026 - 16:24","CENTRO","BORGES DE MEDEIROS","ATENDIMENTO PRÉ-HOSPITALAR","AR-1628","1º BBM / 1ª CIA / 2º PEL / TERESÓPOLIS","-30.03603395657452","-51.228325366973884","",""
"PORTO ALEGRE","929438","07/08/2026 - 16:45","RESTINGA","COLISEU","PRODUTOS PERIGOSOS","ABT-0598","1º BBM / 1ª CIA / 4º PEL / RESTINGA","-30.159599531785904","-51.13850355148316","EXPLOSIVO",""
"PORTO ALEGRE","929451","07/08/2026 - 17:02","RESTINGA","ESTRADA DO RINCAO","AÇÕES PREVENTIVAS","ABT-0598","1º BBM / 1ª CIA / 4º PEL / RESTINGA","-30.135143736498772","-51.14131450653077","INSPEÇÃO/REMOÇÃO DE FONTE DE PERIGO",""
"PORTO ALEGRE","929465","07/08/2026 - 17:30","JARDIM SÃO PEDRO","CARNEIRO DA FONTOURA","AVERIGUAÇÃO/CORTE DE ÁRVORE","ABT-0600","1º BBM / 2ª CIA / 2º PEL / PASSO D`AREIA","-30.011770548131746","-51.167342633068216","CORTE PARCIAL",""
"PORTO ALEGRE","929468","07/08/2026 - 17:37","IPANEMA","TENENTE CORONEL MARIO DOERNTE","AVERIGUAÇÃO/CORTE DE ÁRVORE","ABT-0596","1º BBM / 1ª CIA / 3º PEL / ASSUNÇÃO","-30.12968767149255","-51.230771541595466","VISTORIA",""
"PORTO ALEGRE","929504","07/08/2026 - 18:55","FLORESTA","AVENIDA FARRAPOS","OCORRÊNCIA NÃO ATENDIDA","ABT-0597","1º BBM / 2ª CIA / 1º PEL / FLORESTA","-30.023104121173127","-51.21332642847999","",""
"PORTO ALEGRE","929506","07/08/2026 - 19:03","ARQUIPÉLAGO","PRESIDENTE VARGAS","ATENDIMENTO PRÉ-HOSPITALAR","AR-1628","1º BBM / 1ª CIA / 2º PEL / TERESÓPOLIS","-30.02117193196878","-51.25697135925294","",""
"PORTO ALEGRE","929552","07/08/2026 - 22:33","VILA NOVA","DAS TRÊS MENINAS","INCÊNDIO","ABT-0594","1º BBM / 1ª CIA / 2º PEL / TERESÓPOLIS","-30.126235719523343","-51.18152618408204","TRANSFORMADOR/REDE ELÉTRICA",""
"PORTO ALEGRE","929559","07/08/2026 - 23:06","LAMI","RUA ITAMBÉ","INCÊNDIO","ABT-0599","1º BBM / 1ª CIA / 5º PEL / BELÉM NOVO","-30.233134451727175","-51.097047269411185","EDIFICAÇÃO RESIDENCIAL UNIFAMILIAR",""
"PORTO ALEGRE","929572","08/08/2026 - 01:05","CRISTAL","ARAPEI","INCÊNDIO","ABT-0594","1º BBM / 1ª CIA / 2º PEL / TERESÓPOLIS","-30.08677096578487","-51.22976303100587","EDIFICAÇÃO RESIDENCIAL UNIFAMILIAR",""
"PORTO ALEGRE","929589","08/08/2026 - 05:04","RUBEM BERTA","MARTIM FÉLIX BERTA","INCÊNDIO","ABT-0600","1º BBM / 2ª CIA / 2º PEL / PASSO D`AREIA","-30.040920095650883","-51.1044283550598","TRANSFORMADOR/REDE ELÉTRICA",""
"PORTO ALEGRE","929599","08/08/2026 - 06:31","SANTANA","RAMIRO BARCELOS","ATENDIMENTO PRÉ-HOSPITALAR","AR-1628","1º BBM / 1ª CIA / 2º PEL / TERESÓPOLIS","-30.038388086899754","-51.20826883812021","",""
"PORTO ALEGRE","929611","08/08/2026 - 08:38","PASSO DAREIA","ASSIS BRASIL","OCORRÊNCIA NÃO ATENDIDA","ABT-0600","1º BBM / 2ª CIA / 2º PEL / PASSO D`AREIA","-30.01147325911698","-51.16427420908867","",""
"PORTO ALEGRE","929617","08/08/2026 - 08:57","PETRÓPOLIS","CAÇAPAVA","AVERIGUAÇÃO/CORTE DE ÁRVORE","ABTS-866","BBS / 1ª CIA / 1º PEL / TERRESTRE","-30.042331067257656","-51.18126869201661","CORTE TOTAL",""
"PORTO ALEGRE","929631","08/08/2026 - 09:26","HÍPICA","RUA DORIVAL CASTILHO MACHADO","AVERIGUAÇÃO/CORTE DE ÁRVORE","ABT-0599","1º BBM / 1ª CIA / 5º PEL / BELÉM NOVO","-30.166361843421505","-51.195280960736646","CORTE PARCIAL | EVENTO EXTREMO",""
"PORTO ALEGRE","929639","08/08/2026 - 09:51","SÃO GERALDO","CAIRÚ","AVERIGUAÇÃO/CORTE DE ÁRVORE","ABT-0597","1º BBM / 2ª CIA / 1º PEL / FLORESTA","-30.00483971361336","-51.202425956726074","CORTE PARCIAL",""
"PORTO ALEGRE","929661","08/08/2026 - 10:53","PARTENON","TOBIAS BARRETO","AVERIGUAÇÃO/CORTE DE ÁRVORE","ABT-1365","1º BBM / 1ª CIA / 1º PEL / AÇORIANOS","-30.061804995549668","-51.1949908733368","EVENTO EXTREMO | VISTORIA",""
"PORTO ALEGRE","929662","08/08/2026 - 10:55","MORRO SANTANA","AV. PROTÁSIO ALVES","AÇÕES PREVENTIVAS","ABT-1364","1º BBM / 2ª CIA / 3º PEL / PARTENON","-30.03960051088476","-51.17204189300538","APOIO À PESSOA OU INSTITUIÇÃO | FESTAS E EVENTOS",""
"PORTO ALEGRE","929687","08/08/2026 - 12:40","TRISTEZA","DOUTOR MÁRIO TOTTA","AÇÕES PREVENTIVAS","ABT-0596","1º BBM / 1ª CIA / 3º PEL / ASSUNÇÃO","-30.107377515658783","-51.23441604107042","VISTORIA DE HIDRANTES",""
"PORTO ALEGRE","929688","08/08/2026 - 12:41","TRISTEZA","GENERAL RONDON","AÇÕES PREVENTIVAS","ABT-0596","1º BBM / 1ª CIA / 3º PEL / ASSUNÇÃO","-30.102328501684887","-51.24289388043872","VISTORIA DE HIDRANTES",""
"PORTO ALEGRE","929689","08/08/2026 - 12:46","RESTINGA","VEREADOR MILTON POZZOLO DE OLIVEIRA","AVERIGUAÇÃO/CORTE DE ÁRVORE","ABT-0598","1º BBM / 1ª CIA / 4º PEL / RESTINGA","-30.1598963782436","-51.13446950912476","EVENTO EXTREMO",""
"PORTO ALEGRE","929693","08/08/2026 - 13:14","HÍPICA","ESTRADA JÚLIO ANTÔNIO PEREIRA","AVERIGUAÇÃO/MANEJO DE INSETOS","ABT-0598","1º BBM / 1ª CIA / 4º PEL / RESTINGA","-30.14679717810236","-51.17141962051392","VISTORIA",""
"PORTO ALEGRE","929708","08/08/2026 - 14:04","JARDIM FLORESTA","DIAMANTINA","AVERIGUAÇÃO/CORTE DE ÁRVORE","ABT-0600","1º BBM / 2ª CIA / 2º PEL / PASSO D`AREIA","-29.999748116702452","-51.157794008632614","CORTE PARCIAL",""
"PORTO ALEGRE","929718","08/08/2026 - 14:19","GUARUJÁ","JOAÇABA","AVERIGUAÇÃO/CORTE DE ÁRVORE","ABT-0596","1º BBM / 1ª CIA / 3º PEL / ASSUNÇÃO","-30.15861621912955","-51.22424840266168","CORTE TOTAL",""
"PORTO ALEGRE","929723","08/08/2026 - 14:38","PARTENON","TOBIAS BARRETO","AVERIGUAÇÃO/CORTE DE ÁRVORE","ABT-1365","1º BBM / 1ª CIA / 1º PEL / AÇORIANOS","-30.0617399959603","-51.19498014450074","CORTE TOTAL | EVENTO EXTREMO",""
"PORTO ALEGRE","929727","08/08/2026 - 14:54","CORONEL APARÍCIO BORGES","DA REPRESA","AVERIGUAÇÃO/CORTE DE ÁRVORE","ATP-1452","1º BBM / 2ª CIA / 3º PEL / PARTENON","-30.090131466848476","-51.168887615203865","CORTE TOTAL",""
"PORTO ALEGRE","929728","08/08/2026 - 15:02","HUMAITÁ","PADRE LEOPOLDO BRENTANO","AÇÕES PREVENTIVAS","AR-1628","1º BBM / 1ª CIA / 2º PEL / TERESÓPOLIS","-29.97318955147002","-51.19598865509033","APOIO À PESSOA OU INSTITUIÇÃO",""
"PORTO ALEGRE","929728","08/08/2026 - 15:02","HUMAITÁ","PADRE LEOPOLDO BRENTANO","AÇÕES PREVENTIVAS","ABT-0597","1º BBM / 2ª CIA / 1º PEL / FLORESTA","-29.97356130892401","-51.195645332336426","APOIO À PESSOA OU INSTITUIÇÃO",""
"PORTO ALEGRE","929729","08/08/2026 - 15:03","HÍPICA","RUA DORIVAL CASTILHO MACHADO","AÇÕES PREVENTIVAS","ABT-0599","1º BBM / 1ª CIA / 5º PEL / BELÉM NOVO","-30.16336570495799","-51.19410057046481","VISTORIA DE HIDRANTES",""
"PORTO ALEGRE","929730","08/08/2026 - 15:04","HÍPICA","RUA DORIVAL CASTILHO MACHADO","AÇÕES PREVENTIVAS","ABT-0599","1º BBM / 1ª CIA / 5º PEL / BELÉM NOVO","-30.16625980924402","-51.19543119222577","VISTORIA DE HIDRANTES",""
"PORTO ALEGRE","929746","08/08/2026 - 15:42","PASSO DAREIA","JOÃO WALLIG","AVERIGUAÇÃO/CORTE DE ÁRVORE","ABT-0600","1º BBM / 2ª CIA / 2º PEL / PASSO D`AREIA","-30.01938841920305","-51.16410250144473","CORTE TOTAL",""
"PORTO ALEGRE","929757","08/08/2026 - 16:05","HÍPICA","RUA DELOR FEIJO DE BASTOS","AÇÕES PREVENTIVAS","ABT-0598","1º BBM / 1ª CIA / 4º PEL / RESTINGA","-30.15381084724769","-51.16794347763062","EVENTO EXTREMO",""
"PORTO ALEGRE","929795","08/08/2026 - 17:37","VILA JOÃO PESSOA","JUAREZ TÁVORA","AÇÕES PREVENTIVAS","ABT-1364","1º BBM / 2ª CIA / 3º PEL / PARTENON","-30.06523134204962","-51.17395162582398","VISTORIA DE HIDRANTES",""
"PORTO ALEGRE","929796","08/08/2026 - 17:38","PARTENON","AV. BENTO GONÇALVES","AÇÕES PREVENTIVAS","ABT-1364","1º BBM / 2ª CIA / 3º PEL / PARTENON","-30.06164713933005","-51.17099046707154","VISTORIA DE HIDRANTES",""
"PORTO ALEGRE","929814","08/08/2026 - 18:16","FARRAPOS","FREDERICO MENTZ","AÇÕES PREVENTIVAS","ABT-0597","1º BBM / 2ª CIA / 1º PEL / FLORESTA","-29.993782817855895","-51.201353073120124","VISTORIA DE HIDRANTES",""
"PORTO ALEGRE","929816","08/08/2026 - 18:17","FARRAPOS","FREDERICO MENTZ","AÇÕES PREVENTIVAS","ABT-0597","1º BBM / 2ª CIA / 1º PEL / FLORESTA","-29.995845626331278","-51.20225429534912","VISTORIA DE HIDRANTES",""
"PORTO ALEGRE","929847","08/08/2026 - 19:49","NAVEGANTES","BRASIL","ATENDIMENTO PRÉ-HOSPITALAR","AR-1628","1º BBM / 1ª CIA / 2º PEL / TERESÓPOLIS","-30.006016638650596","-51.198333120781065","",""
"PORTO ALEGRE","929860","08/08/2026 - 20:17","IPANEMA","CONSELHEIRO XAVIER DA COSTA","INCÊNDIO","ABT-0596","1º BBM / 1ª CIA / 3º PEL / ASSUNÇÃO","-30.125678715380097","-51.23669549496909","TRANSFORMADOR/REDE ELÉTRICA",""
"PORTO ALEGRE","929864","08/08/2026 - 20:27","GLÓRIA","PROFESSOR OSCAR PEREIRA","AÇÕES PREVENTIVAS","ABT-0594","1º BBM / 1ª CIA / 2º PEL / TERESÓPOLIS","-30.077784313597363","-51.199464386212156","VISTORIA DE HIDRANTES",""
"PORTO ALEGRE","929865","08/08/2026 - 20:28","GLÓRIA","PROFESSOR OSCAR PEREIRA","AÇÕES PREVENTIVAS","ABT-0594","1º BBM / 1ª CIA / 2º PEL / TERESÓPOLIS","-30.07429341035804","-51.20244747565198","VISTORIA DE HIDRANTES",""
"PORTO ALEGRE","929869","08/08/2026 - 20:50","CENTRO","RUA FERNANDO MACHADO","AÇÕES PREVENTIVAS","ABT-1365","1º BBM / 1ª CIA / 1º PEL / AÇORIANOS","-30.03469646561254","-51.236565113067634","VISTORIA DE HIDRANTES",""
"PORTO ALEGRE","929870","08/08/2026 - 20:50","CENTRO HISTÓRICO","RUA DUQUE DE CAXIAS","AÇÕES PREVENTIVAS","ABT-1365","1º BBM / 1ª CIA / 1º PEL / AÇORIANOS","-30.03321034337225","-51.232563257217414","VISTORIA DE HIDRANTES",""
"PORTO ALEGRE","929871","08/08/2026 - 21:03","RESTINGA","RUA CLARA NUNES","AÇÕES PREVENTIVAS","ABT-0598","1º BBM / 1ª CIA / 4º PEL / RESTINGA","-30.15579610747215","-51.14938259124756","VISTORIA DE HIDRANTES",""
"PORTO ALEGRE","929872","08/08/2026 - 21:03","RESTINGA","RUA CLARA NUNES","AÇÕES PREVENTIVAS","ABT-0598","1º BBM / 1ª CIA / 4º PEL / RESTINGA","-30.155777553823256","-51.149146556854255","VISTORIA DE HIDRANTES",""
"PORTO ALEGRE","929874","08/08/2026 - 21:05","CAVALHADA","DA CAVALHADA","ATENDIMENTO PRÉ-HOSPITALAR","AR-1628","1º BBM / 1ª CIA / 2º PEL / TERESÓPOLIS","-30.12743988646415","-51.22299115331946","",""
"PORTO ALEGRE","929876","08/08/2026 - 21:28","LOMBA DO PINHEIRO","ESTRADA JOÃO DE OLIVEIRA REMIÃO","ATENDIMENTO PRÉ-HOSPITALAR","AR-1628","1º BBM / 1ª CIA / 2º PEL / TERESÓPOLIS","-30.124273258907085","-51.1045140799228","",""
"PORTO ALEGRE","929894","08/08/2026 - 23:13","CAVALHADA","VILA MARIA","ATENDIMENTO PRÉ-HOSPITALAR","AR-1628","1º BBM / 1ª CIA / 2º PEL / TERESÓPOLIS","-30.110114138390873","-51.229638981216304","",""
"PORTO ALEGRE","929898","09/08/2026 - 00:10","AGRONOMIA","ANTÔNIO DE CARVALHO","INCÊNDIO","ABT-1364","1º BBM / 2ª CIA / 3º PEL / PARTENON","-30.05923283637121","-51.14815950393677","VEGETAÇÃO",""
"PORTO ALEGRE","929926","09/08/2026 - 06:58","RUBEM BERTA","BALTAZAR DE OLIVEIRA GARCIA","INCÊNDIO","ABT-0600","1º BBM / 2ª CIA / 2º PEL / PASSO D`AREIA","-30.013201300040247","-51.09876443182675","EDIFICAÇÃO RESIDENCIAL UNIFAMILIAR",""
"PORTO ALEGRE","929926","09/08/2026 - 06:58","RUBEM BERTA","BALTAZAR DE OLIVEIRA GARCIA","OCORRÊNCIA NÃO ATENDIDA","AT-0671","1º BBM / 1ª CIA / 1º PEL / AÇORIANOS","-30.014582388208115","-51.10051839772157","",""
"PORTO ALEGRE","929927","09/08/2026 - 07:22","AZENHA","AVENIDA AZENHA","INCÊNDIO","ABT-1365","1º BBM / 1ª CIA / 1º PEL / AÇORIANOS","-30.054821938545345","-51.214554905891426","EDIFICAÇÃO COMERCIAL",""
"PORTO ALEGRE","929939","09/08/2026 - 08:43","PARTENON","AV. BENTO GONÇALVES","SALVAMENTO/BUSCA/RESGATE","ABT-1364","1º BBM / 2ª CIA / 3º PEL / PARTENON","-30.06372710697146","-51.17905855178833","CAPOTAMENTO",""
"PORTO ALEGRE","929939","09/08/2026 - 08:43","PARTENON","AV. BENTO GONÇALVES","ATENDIMENTO PRÉ-HOSPITALAR","AR-1628","1º BBM / 1ª CIA / 2º PEL / TERESÓPOLIS","-30.061572335692922","-51.17067971561124","",""
"PORTO ALEGRE","929953","09/08/2026 - 10:07","NAVEGANTES","CAIRU","AVERIGUAÇÃO/CORTE DE ÁRVORE","ABT-0597","1º BBM / 2ª CIA / 1º PEL / FLORESTA","-30.00465389361094","-51.19955074239944","CORTE PARCIAL",""
"PORTO ALEGRE","929956","09/08/2026 - 10:19","MENINO DEUS","IPIRANGA","SALVAMENTO/BUSCA/RESGATE","ABT-1365","1º BBM / 1ª CIA / 1º PEL / AÇORIANOS","-30.04840489213643","-51.221566200256355","DE ANIMAL",""
"PORTO ALEGRE","929984","09/08/2026 - 12:01","JARDIM CARVALHO","ANTONIO DE CARVALHO","ATENDIMENTO PRÉ-HOSPITALAR","ABT-1364","1º BBM / 2ª CIA / 3º PEL / PARTENON","-30.050095095202035","-51.144640445709236","",""
"PORTO ALEGRE","929987","09/08/2026 - 12:10","RIO BRANCO","CABRAL","ATENDIMENTO PRÉ-HOSPITALAR","AR-1628","1º BBM / 1ª CIA / 2º PEL / TERESÓPOLIS","-30.032975873872612","-51.20829782733952","",""
"PORTO ALEGRE","929989","09/08/2026 - 12:16","ABERTA DOS MORROS","MANOEL MARQUES DE FRAGA","INCÊNDIO","ABT-0599","1º BBM / 1ª CIA / 5º PEL / BELÉM NOVO","-30.157540134880723","-51.190345255569504","TRANSFORMADOR/REDE ELÉTRICA",""
"PORTO ALEGRE","929991","09/08/2026 - 12:21","AZENHA","AVENIDA BENTO GONÇALVES","ATENDIMENTO PRÉ-HOSPITALAR","AR-1628","1º BBM / 1ª CIA / 2º PEL / TERESÓPOLIS","-30.05061149479187","-51.211887884167524","",""
"PORTO ALEGRE","929992","09/08/2026 - 12:23","BELEM NOVO","RUA PODALIRIO TEIXEIRA MACHADO","AÇÕES PREVENTIVAS","ABT-0599","1º BBM / 1ª CIA / 5º PEL / BELÉM NOVO","-30.209216129922844","-51.177728140394265","VISTORIA DE HIDRANTES",""
"PORTO ALEGRE","929993","09/08/2026 - 12:23","BELÉM NOVO","INÁCIO ANTÔNIO DA SILVA","AÇÕES PREVENTIVAS","ABT-0599","1º BBM / 1ª CIA / 5º PEL / BELÉM NOVO","-30.20971680554962","-51.17555955407923","VISTORIA DE HIDRANTES",""
"PORTO ALEGRE","930000","09/08/2026 - 12:59","TERESÓPOLIS","AV. TERESÓPOLIS","OCORRÊNCIA NÃO ATENDIDA","ABT-0594","1º BBM / 1ª CIA / 2º PEL / TERESÓPOLIS","-30.096202358781394","-51.20543003082276","",""
"PORTO ALEGRE","930016","09/08/2026 - 15:07","JARDIM LINDÓIA","ALIANÇA","INCÊNDIO","ABT-0600","1º BBM / 2ª CIA / 2º PEL / PASSO D`AREIA","-30.009172428396607","-51.154530645317195","EDIFICAÇÃO MULTIFAMILIAR",""
"PORTO ALEGRE","930026","09/08/2026 - 15:47","CENTRO","RIACHUELO","AÇÕES PREVENTIVAS","ABT-1365","1º BBM / 1ª CIA / 1º PEL / AÇORIANOS","-30.032290794075664","-51.23317480087281","VISTORIA DE HIDRANTES",""
"PORTO ALEGRE","930027","09/08/2026 - 15:49","CENTRO","RIACHUELO","AÇÕES PREVENTIVAS","ABT-1365","1º BBM / 1ª CIA / 1º PEL / AÇORIANOS","-30.032764502354556","-51.2348484992981","VISTORIA DE HIDRANTES",""
"PORTO ALEGRE","930030","09/08/2026 - 15:56","SANTA TEREZA","BANCO INGLÊS","ATENDIMENTO PRÉ-HOSPITALAR","AR-1628","1º BBM / 1ª CIA / 2º PEL / TERESÓPOLIS","-30.07374463123832","-51.226908861411516","",""
"PORTO ALEGRE","930037","09/08/2026 - 16:33","ABERTA DOS MORROS","GERMANO BONOW FILHO","AVERIGUAÇÃO/MANEJO DE INSETOS","ABT-0598","1º BBM / 1ª CIA / 4º PEL / RESTINGA","-30.160044801137328","-51.19764089584351","VISTORIA",""
"PORTO ALEGRE","930044","09/08/2026 - 16:53","VILA NOVA","JOAQUIM DE CARVALHO","INCÊNDIO","ABT-0594","1º BBM / 1ª CIA / 2º PEL / TERESÓPOLIS","-30.117679554887513","-51.220278739929206","LIXO",""
"PORTO ALEGRE","930045","09/08/2026 - 16:55","BELÉM NOVO","JOAQUIM MARTINS DA SILVA","AÇÕES PREVENTIVAS","ABT-0599","1º BBM / 1ª CIA / 5º PEL / BELÉM NOVO","-30.210477085889536","-51.174916359755834","APOIO À PESSOA OU INSTITUIÇÃO",""
"PORTO ALEGRE","930048","09/08/2026 - 17:09","TRISTEZA","DOUTOR MARIO TOTTA","INCÊNDIO","ABT-0596","1º BBM / 1ª CIA / 3º PEL / ASSUNÇÃO","-30.11511812933421","-51.255791187286384","EDIFICAÇÃO MULTIFAMILIAR",""
"PORTO ALEGRE","930062","09/08/2026 - 17:56","NONOAI","QUARAÍ","ATENDIMENTO PRÉ-HOSPITALAR","AR-1628","1º BBM / 1ª CIA / 2º PEL / TERESÓPOLIS","-30.087111497153494","-51.21944356625053","",""
"PORTO ALEGRE","930068","09/08/2026 - 18:11","FLORESTA","DOUTOR BARROS CASSAL","AÇÕES PREVENTIVAS","ABT-0597","1º BBM / 2ª CIA / 1º PEL / FLORESTA","-30.025370679746036","-51.21896982192994","VISTORIA DE HIDRANTES",""
"PORTO ALEGRE","930069","09/08/2026 - 18:12","RIO BRANCO","MARIANTE","AÇÕES PREVENTIVAS","ABT-0597","1º BBM / 2ª CIA / 1º PEL / FLORESTA","-30.03480792388217","-51.20397090911866","VISTORIA DE HIDRANTES",""
"PORTO ALEGRE","930073","09/08/2026 - 18:30","TRISTEZA","DOUTOR PEREIRA NETO","SALVAMENTO/BUSCA/RESGATE","ABT-0596","1º BBM / 1ª CIA / 3º PEL / ASSUNÇÃO","-30.111814163502363","-51.250276565551765","ELEVADORES",""
"PORTO ALEGRE","930075","09/08/2026 - 18:31","CAVALHADA","AVENIDA CAVALHADA","AÇÕES PREVENTIVAS","ABT-0594","1º BBM / 1ª CIA / 2º PEL / TERESÓPOLIS","-30.1008991539288","-51.23167276382447","VISTORIA DE HIDRANTES",""
"PORTO ALEGRE","930078","09/08/2026 - 18:34","NONOAI","AV. FABIO ARAUJO DOS SANTOS","AÇÕES PREVENTIVAS","ABT-0594","1º BBM / 1ª CIA / 2º PEL / TERESÓPOLIS","-30.088943236429717","-51.215879917144775","VISTORIA DE HIDRANTES",""
"PORTO ALEGRE","930098","09/08/2026 - 19:17","JARDIM CARVALHO","ANTONIO DE CARVALHO","AÇÕES PREVENTIVAS","ABT-1364","1º BBM / 2ª CIA / 3º PEL / PARTENON","-30.050243683103194","-51.14457607269288","VISTORIA DE HIDRANTES",""
"PORTO ALEGRE","930099","09/08/2026 - 19:18","JARDIM CARVALHO","ANTONIO DE CARVALHO","AÇÕES PREVENTIVAS","ABT-1364","1º BBM / 2ª CIA / 3º PEL / PARTENON","-30.050243683103194","-51.14455461502076","VISTORIA DE HIDRANTES",""
"PORTO ALEGRE","930100","09/08/2026 - 19:20","LOMBA DO PINHEIRO","ESTR. JOÃO DE OLIVEIRA REMIÃO","INCÊNDIO","ABT-0598","1º BBM / 1ª CIA / 4º PEL / RESTINGA","-30.10817596094167","-51.11301183700562","EDIFICAÇÃO RESIDENCIAL UNIFAMILIAR",""
"PORTO ALEGRE","930100","09/08/2026 - 19:20","LOMBA DO PINHEIRO","ESTR. JOÃO DE OLIVEIRA REMIÃO","INCÊNDIO","ABT-0599","1º BBM / 1ª CIA / 5º PEL / BELÉM NOVO","-30.108268773896693","-51.112925974563645","EDIFICAÇÃO RESIDENCIAL UNIFAMILIAR",""
"PORTO ALEGRE","930102","09/08/2026 - 19:26","IPANEMA","GUAÍBA","AÇÕES PREVENTIVAS","ABT-0596","1º BBM / 1ª CIA / 3º PEL / ASSUNÇÃO","-30.135143736498772","-51.23330354690552","VISTORIA DE HIDRANTES",""
"PORTO ALEGRE","930103","09/08/2026 - 19:27","IPANEMA","TRAMANDAÍ","AÇÕES PREVENTIVAS","ABT-0596","1º BBM / 1ª CIA / 3º PEL / ASSUNÇÃO","-30.133250850150496","-51.231586933135986","VISTORIA DE HIDRANTES",""
"PORTO ALEGRE","930115","09/08/2026 - 19:57","BELÉM VELHO","SÃO JOSÉ DO NORTE","INCÊNDIO","ABT-1364","1º BBM / 2ª CIA / 3º PEL / PARTENON","-30.10216155816954","-51.17094728403969","TRANSFORMADOR/REDE ELÉTRICA",""
"PORTO ALEGRE","930120","09/08/2026 - 20:15","CIDADE BAIXA","LOUREIRO DA SILVA","ATENDIMENTO PRÉ-HOSPITALAR","AR-1628","1º BBM / 1ª CIA / 2º PEL / TERESÓPOLIS","-30.035878982502055","-51.22466338887109","",""
"PORTO ALEGRE","930131","09/08/2026 - 20:56","HÍPICA","JOÃO OTTO PAIVA","INCÊNDIO","ABT-0598","1º BBM / 1ª CIA / 4º PEL / RESTINGA","-30.159580978852635","-51.177084445953376","EDIFICAÇÃO RESIDENCIAL UNIFAMILIAR",""
"PORTO ALEGRE","930144","09/08/2026 - 21:19","CENTRO","DUQUE DE CAXIAS","INCÊNDIO","ABT-1365","1º BBM / 1ª CIA / 1º PEL / AÇORIANOS","-30.033479704681856","-51.22644782066346","EDIFICAÇÃO MULTIFAMILIAR | TRANSFORMADOR/REDE ELÉTRICA",""
"PORTO ALEGRE","930151","09/08/2026 - 22:08","ESPÍRITO SANTO","CIRINO PRUNES","ATENDIMENTO PRÉ-HOSPITALAR","AR-1628","1º BBM / 1ª CIA / 2º PEL / TERESÓPOLIS","-30.14714377398229","-51.20993765469151","",""
"PORTO ALEGRE","930153","09/08/2026 - 22:18","CENTRO","CAPITÃO MONTANHA","INCÊNDIO","ABT-1365","1º BBM / 1ª CIA / 1º PEL / AÇORIANOS","-30.029132681022446","-51.23197317123414","CONTAINER",""
"PORTO ALEGRE","930162","09/08/2026 - 23:09","RESTINGA","CECÍLIO MONZA","INCÊNDIO","ABT-0598","1º BBM / 1ª CIA / 4º PEL / RESTINGA","-30.15579610747215","-51.12916946411133","EDIFICAÇÃO RESIDENCIAL UNIFAMILIAR",""
"PORTO ALEGRE","930164","09/08/2026 - 23:24","HUMAITÁ","AIRTON FERREIRA DA SILVA","PRODUTOS PERIGOSOS","ABT-0597","1º BBM / 2ª CIA / 1º PEL / FLORESTA","-29.979620759272233","-51.186890602111816","EXPLOSIVO",""
"PORTO ALEGRE","930169","10/08/2026 - 00:47","RESTINGA","ECONOMISTA NILO WULFF","AÇÕES PREVENTIVAS","ABT-0598","1º BBM / 1ª CIA / 4º PEL / RESTINGA","-30.15045251234241","-51.14569187164307","VISTORIA DE HIDRANTES",""
"PORTO ALEGRE","930170","10/08/2026 - 00:48","LOMBA DO PINHEIRO","DO COQUEIRO","AÇÕES PREVENTIVAS","ABT-0598","1º BBM / 1ª CIA / 4º PEL / RESTINGA","-30.09416020432672","-51.15135669708253","VISTORIA DE HIDRANTES",""
"PORTO ALEGRE","930180","10/08/2026 - 05:20","CIDADE BAIXA","DA REPÚBLICA","INCÊNDIO","ABT-1365","1º BBM / 1ª CIA / 1º PEL / AÇORIANOS","-30.041105112480807","-51.22716665267945","CONTAINER",""
"PORTO ALEGRE","930181","10/08/2026 - 05:43","JARDIM ITU SABARÁ","MARINA SIRÂNGELO CASTELLO","INCÊNDIO","ABT-0600","1º BBM / 2ª CIA / 2º PEL / PASSO D`AREIA","-30.028506053567003","-51.13646527293064","MEIO DE TRANSPORTE",""
"PORTO ALEGRE","930196","10/08/2026 - 08:47","JARDIM ITU SABARÁ","NESTOR VALDMAN","SALVAMENTO/BUSCA/RESGATE","ABT-0600","1º BBM / 2ª CIA / 2º PEL / PASSO D`AREIA","-30.026794218794322","-51.135671024335245","CAPOTAMENTO | COLISÃO/CHOQUE | DESENCARCERAMENTO | OCORRÊNCIA DE VULTO",""
"PORTO ALEGRE","930202","10/08/2026 - 08:55","VILA NOVA","CRISTIANO KRAEMER","ATENDIMENTO PRÉ-HOSPITALAR","AR-1628","1º BBM / 1ª CIA / 2º PEL / TERESÓPOLIS","-30.118985564243978","-51.202897435025534","",""
"PORTO ALEGRE","930206","10/08/2026 - 09:10","GLÓRIA","AV. APARÍCIO BORGES","AVERIGUAÇÃO/CORTE DE ÁRVORE","ABT-0594","1º BBM / 1ª CIA / 2º PEL / TERESÓPOLIS","-30.070802383948067","-51.18942260742188","CORTE TOTAL",""
"PORTO ALEGRE","930223","10/08/2026 - 09:47","SANTA CECÍLIA","SILVA SÓ","AÇÕES PREVENTIVAS","ABTS-866","BBS / 1ª CIA / 1º PEL / TERRESTRE","-30.038931791730132","-51.20414257049561","TERRESTRE",""
"PORTO ALEGRE","930232","10/08/2026 - 09:59","SARANDI","WILLY EUGÊNIO FLECK","AVERIGUAÇÃO/MANEJO DE INSETOS","ABT-0600","1º BBM / 2ª CIA / 2º PEL / PASSO D`AREIA","-30.00294433922565","-51.12058639526367","VISTORIA",""
"PORTO ALEGRE","930235","10/08/2026 - 10:07","PARTENON","MÁRIO DE ARTAGÃO","AVERIGUAÇÃO/CORTE DE ÁRVORE","ABT-1365","1º BBM / 1ª CIA / 1º PEL / AÇORIANOS","-30.06667984311151","-51.19279146194459","CORTE PARCIAL",""
"PORTO ALEGRE","930239","10/08/2026 - 10:18","SÃO GERALDO","PRESIDENTE FRANKLIN ROOSEVELT","ATENDIMENTO PRÉ-HOSPITALAR","AR-1628","1º BBM / 1ª CIA / 2º PEL / TERESÓPOLIS","-30.008549104375696","-51.20328906462405","",""
"PORTO ALEGRE","930246","10/08/2026 - 10:45","RUBEM BERTA","MAURÍCIO SELIGMAN","AVERIGUAÇÃO/CORTE DE ÁRVORE","ABT-0600","1º BBM / 2ª CIA / 2º PEL / PASSO D`AREIA","-30.00945259271228","-51.09493374824524","VISTORIA",""
"PORTO ALEGRE","930247","10/08/2026 - 10:48","NAVEGANTES","CAIRU","AVERIGUAÇÃO/CORTE DE ÁRVORE","ABT-0597","1º BBM / 2ª CIA / 1º PEL / FLORESTA","-30.00389202796266","-51.202109295449006","CORTE TOTAL",""
"PORTO ALEGRE","930250","10/08/2026 - 11:07","RUBEM BERTA","INÁCIO KOHLER","AVERIGUAÇÃO/CORTE DE ÁRVORE","ABT-0600","1º BBM / 2ª CIA / 2º PEL / PASSO D`AREIA","-30.012365175976253","-51.11527616505137","VISTORIA",""
"PORTO ALEGRE","930257","10/08/2026 - 11:35","CIDADE BAIXA","VENÂNCIO AIRES","INCÊNDIO","ABT-1365","1º BBM / 1ª CIA / 1º PEL / AÇORIANOS","-30.04306013165489","-51.219522356987","CONTAINER",""
"PORTO ALEGRE","930262","10/08/2026 - 11:44","COSTA E SILVA","WALDEMAR LUIZ DE FREITAS FILHO","AVERIGUAÇÃO/CORTE DE ÁRVORE","ABT-0600","1º BBM / 2ª CIA / 2º PEL / PASSO D`AREIA","-30.009982125450996","-51.120404026531766","VISTORIA",""
"PORTO ALEGRE","930263","10/08/2026 - 11:54","LOMBA DO PINHEIRO","RUA DA COMUNIDADE","AVERIGUAÇÃO/CORTE DE ÁRVORE","ABT-0598","1º BBM / 1ª CIA / 4º PEL / RESTINGA","-30.128240093425493","-51.1141061782837","VISTORIA",""
"PORTO ALEGRE","930264","10/08/2026 - 11:55","LOMBA DO PINHEIRO","RUA DA COMUNIDADE","AVERIGUAÇÃO/CORTE DE ÁRVORE","ABT-0598","1º BBM / 1ª CIA / 4º PEL / RESTINGA","-30.127497737465504","-51.1159086227417","VISTORIA",""
"PORTO ALEGRE","930266","10/08/2026 - 11:58","RESTINGA","RUA BRINCO DE PRINCESA","INCÊNDIO","ABT-0598","1º BBM / 1ª CIA / 4º PEL / RESTINGA","-30.17317934234294","-51.14483356475831","EDIFICAÇÃO RESIDENCIAL UNIFAMILIAR",""
"PORTO ALEGRE","930278","10/08/2026 - 12:52","SARANDI","ALCIDES MAIA","ATENDIMENTO PRÉ-HOSPITALAR","AR-1628","1º BBM / 1ª CIA / 2º PEL / TERESÓPOLIS","-29.984255474517944","-51.126618233927005","",""
"PORTO ALEGRE","930313","10/08/2026 - 14:25","NAVEGANTES","BRASIL","OCORRÊNCIA NÃO ATENDIDA","ABT-0597","1º BBM / 2ª CIA / 1º PEL / FLORESTA","-30.00505650317634","-51.20137022882882","",""
"PORTO ALEGRE","930318","10/08/2026 - 14:40","HUMAITÁ","AJ RENNER","OCORRÊNCIA NÃO ATENDIDA","ABT-0597","1º BBM / 2ª CIA / 1º PEL / FLORESTA","-29.996409329297244","-51.197126452215755","",""
"PORTO ALEGRE","930336","10/08/2026 - 15:20","SÃO JOÃO","ASSIS BRASIL","INCÊNDIO","ABT-0597","1º BBM / 2ª CIA / 1º PEL / FLORESTA","-30.00827732088532","-51.18210630234586","MEIO DE TRANSPORTE",""
"PORTO ALEGRE","930340","10/08/2026 - 15:31","PASSO DAREIA","CIPÓ","SALVAMENTO/BUSCA/RESGATE","ABT-0600","1º BBM / 2ª CIA / 2º PEL / PASSO D`AREIA","-30.02037302252081","-51.15527230914612","OCORRÊNCIA DE VULTO",""
"PORTO ALEGRE","930341","10/08/2026 - 15:32","SANTA TEREZA","DOUTOR ÊNIO AMORETTY GOMES","OCORRÊNCIA NÃO ATENDIDA","ABT-1365","1º BBM / 1ª CIA / 1º PEL / AÇORIANOS","-30.080198164012497","-51.22222065925599","",""
"PORTO ALEGRE","930342","10/08/2026 - 15:35","RESTINGA","PASSO DA TAQUARA","AVERIGUAÇÃO/CORTE DE ÁRVORE","ABTS-866","BBS / 1ª CIA / 1º PEL / TERRESTRE","-30.15227085151394","-51.14320278167725","CORTE PARCIAL",""
"PORTO ALEGRE","930360","10/08/2026 - 16:44","SARANDI","IRMÃO DESIRE AFONSO","SALVAMENTO/BUSCA/RESGATE","ABT-0600","1º BBM / 2ª CIA / 2º PEL / PASSO D`AREIA","-29.982390132706012","-51.12566117685588","DE ANIMAL",""
"PORTO ALEGRE","930372","10/08/2026 - 17:33","RUBEM BERTA","EDU LASCASAS","INCÊNDIO","ABT-0600","1º BBM / 2ª CIA / 2º PEL / PASSO D`AREIA","-30.00863963515938","-51.10939671662374","EDIFICAÇÃO RESIDENCIAL UNIFAMILIAR",""
"PORTO ALEGRE","930374","10/08/2026 - 17:46","NAVEGANTES","PARANÁ","AÇÕES PREVENTIVAS","ABT-0597","1º BBM / 2ª CIA / 1º PEL / FLORESTA","-30.014387296357697","-51.19763645181836","ACIDENTES DOMÉSTICOS | APOIO À PESSOA OU INSTITUIÇÃO",""
"PORTO ALEGRE","930377","10/08/2026 - 17:51","TERESÓPOLIS","CORONEL JOÃO PINTO","ATENDIMENTO PRÉ-HOSPITALAR","AR-1628","1º BBM / 1ª CIA / 2º PEL / TERESÓPOLIS","-30.081860884165604","-51.21377629031423","",""
"PORTO ALEGRE","930407","10/08/2026 - 18:51","BELÉM VELHO","ESTR. AFONSO LOURENÇO MARIANTE","ATENDIMENTO PRÉ-HOSPITALAR","AR-1628","1º BBM / 1ª CIA / 2º PEL / TERESÓPOLIS","-30.11525954672669","-51.17634569083701","",""
"PORTO ALEGRE","930434","10/08/2026 - 21:47","RUBEM BERTA","MARTIM FÉLIX BERTA","OCORRÊNCIA NÃO ATENDIDA","ABT-0600","1º BBM / 2ª CIA / 2º PEL / PASSO D`AREIA","-30.01728883769396","-51.10687490642691","",""
"PORTO ALEGRE","930437","10/08/2026 - 22:23","LOMBA DO PINHEIRO","RUA 4 DE JUNHO","ATENDIMENTO PRÉ-HOSPITALAR","AR-1628","1º BBM / 1ª CIA / 2º PEL / TERESÓPOLIS","-30.10810424841653","-51.13062871206161","",""
"PORTO ALEGRE","930439","10/08/2026 - 22:57","SÃO JOSÉ","TRAVESSA SÃO GUILHERME","INCÊNDIO","ABT-1364","1º BBM / 2ª CIA / 3º PEL / PARTENON","-30.07577901271736","-51.15794384550629","MEIO DE TRANSPORTE",""
"PORTO ALEGRE","930451","11/08/2026 - 01:37","AUXILIADORA","CARLOS TREIN FILHO","INCÊNDIO","ABT-0597","1º BBM / 2ª CIA / 1º PEL / FLORESTA","-30.03110341729586","-51.186861850321996","EDIFICAÇÃO MULTIFAMILIAR",""
"PORTO ALEGRE","930458","11/08/2026 - 07:13","CIDADE BAIXA","RUA DA REPÚBLICA","INCÊNDIO","ABT-1365","1º BBM / 1ª CIA / 1º PEL / AÇORIANOS","-30.040993661294312","-51.2268877029419","CONTAINER",""
"PORTO ALEGRE","930464","11/08/2026 - 08:18","SANTA CECÍLIA","SILVA SÓ","AVERIGUAÇÃO/CORTE DE ÁRVORE","ABT-0597","1º BBM / 2ª CIA / 1º PEL / FLORESTA","-30.039136123061763","-51.204185485839844","CORTE PARCIAL",""
"PORTO ALEGRE","930474","11/08/2026 - 08:48","MEDIANEIRA","FONSECA RAMOS","AÇÕES PREVENTIVAS","ABT-1365","1º BBM / 1ª CIA / 1º PEL / AÇORIANOS","-30.066791265392055","-51.21245741844178","APOIO À PESSOA OU INSTITUIÇÃO",""
"PORTO ALEGRE","930477","11/08/2026 - 08:51","LAMI","DA TAQUARA","AVERIGUAÇÃO/CORTE DE ÁRVORE","ABT-0598","1º BBM / 1ª CIA / 4º PEL / RESTINGA","-30.197662795968995","-51.10857009887695","CORTE TOTAL | EVENTO EXTREMO",""
"PORTO ALEGRE","930477","11/08/2026 - 08:51","LAMI","DA TAQUARA","AVERIGUAÇÃO/CORTE DE ÁRVORE","ABTS-866","BBS / 1ª CIA / 1º PEL / TERRESTRE","-30.2388239","-51.0839564","CORTE TOTAL | EVENTO EXTREMO",""
"PORTO ALEGRE","930496","11/08/2026 - 09:38","HIGIENÓPOLIS","PLÍNIO BRASIL MILANO","ATENDIMENTO PRÉ-HOSPITALAR","AR-1628","1º BBM / 1ª CIA / 2º PEL / TERESÓPOLIS","-30.020505324670463","-51.18049748621663","",""
"PORTO ALEGRE","930511","11/08/2026 - 10:05","GLÓRIA","AV. APARÍCIO BORGES","AVERIGUAÇÃO/CORTE DE ÁRVORE","ABT-0594","1º BBM / 1ª CIA / 2º PEL / TERESÓPOLIS","-30.072176526063558","-51.18719100952149","CORTE TOTAL",""
"PORTO ALEGRE","930533","11/08/2026 - 11:18","RESTINGA","ESTR. JOÃO ANTÔNIO DA SILVEIRA","OCORRÊNCIA NÃO ATENDIDA","ABT-0599","1º BBM / 1ª CIA / 5º PEL / BELÉM NOVO","-30.145776629128687","-51.12951273582043","",""
"PORTO ALEGRE","930547","11/08/2026 - 12:12","SÃO JOSÉ","DEOCLIDES DE ALMEIDA","INCÊNDIO","ABT-1364","1º BBM / 2ª CIA / 3º PEL / PARTENON","-30.068643644067695","-51.15876496581744","EDIFICAÇÃO RESIDENCIAL UNIFAMILIAR",""
"PORTO ALEGRE","930550","11/08/2026 - 12:19","JARDIM CARVALHO","BOM PRINCÍPIO","ATENDIMENTO PRÉ-HOSPITALAR","AR-1628","1º BBM / 1ª CIA / 2º PEL / TERESÓPOLIS","-30.050917839862283","-51.146209744694495","",""
"PORTO ALEGRE","930564","11/08/2026 - 12:58","VILA JARDIM","DOS PRAZERES","SALVAMENTO/BUSCA/RESGATE","ABT-0600","1º BBM / 2ª CIA / 2º PEL / PASSO D`AREIA","-30.031511629557745","-51.148670694934005","DE ANIMAL",""
"PORTO ALEGRE","930587","11/08/2026 - 13:48","PASSO DAS PEDRAS","TENENTE ARY TARRAGÔ","INCÊNDIO","ABT-0600","1º BBM / 2ª CIA / 2º PEL / PASSO D`AREIA","-30.03129013413202","-51.13442955983874","LIXO",""
"PORTO ALEGRE","930650","11/08/2026 - 16:09","BELÉM NOVO","PINHEIRO MACHADO","AVERIGUAÇÃO/CORTE DE ÁRVORE","ABT-0599","1º BBM / 1ª CIA / 5º PEL / BELÉM NOVO","-30.20739884143076","-51.19444366866788","CORTE PARCIAL",""
"PORTO ALEGRE","930663","11/08/2026 - 16:38","TERESÓPOLIS","AV. TERESÓPOLIS","ATENDIMENTO PRÉ-HOSPITALAR","ABT-0594","1º BBM / 1ª CIA / 2º PEL / TERESÓPOLIS","-30.083744560469643","-51.21401309967042","",""
"PORTO ALEGRE","930691","11/08/2026 - 18:32","VILA JARDIM","SATURNINO DE BRITO","INCÊNDIO","ABT-0600","1º BBM / 2ª CIA / 2º PEL / PASSO D`AREIA","-30.036030745659993","-51.15171659373176","EDIFICAÇÃO RESIDENCIAL UNIFAMILIAR",""
"PORTO ALEGRE","930691","11/08/2026 - 18:32","VILA JARDIM","SATURNINO DE BRITO","INCÊNDIO","ABT-1364","1º BBM / 2ª CIA / 3º PEL / PARTENON","-30.036665509860555","-51.152665486195176","EDIFICAÇÃO COMERCIAL",""
"PORTO ALEGRE","930704","11/08/2026 - 19:14","SARANDI","WILLY EUGÊNIO FLECK","AVERIGUAÇÃO/MANEJO DE INSETOS","ABT-0600","1º BBM / 2ª CIA / 2º PEL / PASSO D`AREIA","-29.996099000878278","-51.118182048119394","EXTERMÍNIO",""
"PORTO ALEGRE","930723","11/08/2026 - 20:06","VILA NOVA","JANDIRA PEREIRA SANTOS","ATENDIMENTO PRÉ-HOSPITALAR","AR-1628","1º BBM / 1ª CIA / 2º PEL / TERESÓPOLIS","-30.12316721569817","-51.21938769521291","",""
"PORTO ALEGRE","930726","11/08/2026 - 20:34","PARTENON","AV. BENTO GONÇALVES","INCÊNDIO","ABT-1365","1º BBM / 1ª CIA / 1º PEL / AÇORIANOS","-30.053206107852144","-51.20392799377442","EDIFICAÇÃO COMERCIAL",""
"PORTO ALEGRE","930726","11/08/2026 - 20:34","PARTENON","AV. BENTO GONÇALVES","OCORRÊNCIA NÃO ATENDIDA","ABT-1364","1º BBM / 2ª CIA / 3º PEL / PARTENON","-30.051729723353123","-51.20740333689969","",""
"PORTO ALEGRE","930730","11/08/2026 - 20:44","CRISTAL","WENCESLAU ESCOBAR","ATENDIMENTO PRÉ-HOSPITALAR","AR-1628","1º BBM / 1ª CIA / 2º PEL / TERESÓPOLIS","-30.098240923927392","-51.248093555032995","",""
"PORTO ALEGRE","930737","11/08/2026 - 21:18","FLORESTA","DOUTOR BARROS CASSAL","AÇÕES PREVENTIVAS","ABT-1365","1º BBM / 1ª CIA / 1º PEL / AÇORIANOS","-30.024943381683602","-51.218347549438484","APOIO À PESSOA OU INSTITUIÇÃO",""
"PORTO ALEGRE","930743","11/08/2026 - 21:37","RUBEM BERTA","26 DE MARÇO","INCÊNDIO","ABT-0600","1º BBM / 2ª CIA / 2º PEL / PASSO D`AREIA","-30.01889133836249","-51.09787555912714","TRANSFORMADOR/REDE ELÉTRICA",""
"PORTO ALEGRE","930758","11/08/2026 - 23:30","SANTA TEREZA","CRUZEIRO DO SUL","ATENDIMENTO PRÉ-HOSPITALAR","AR-1628","1º BBM / 1ª CIA / 2º PEL / TERESÓPOLIS","-30.07707114933299","-51.223723716353554","",""
"PORTO ALEGRE","930759","11/08/2026 - 23:39","RIO BRANCO","CABRAL","INCÊNDIO","ABT-0597","1º BBM / 2ª CIA / 1º PEL / FLORESTA","-30.034102019390673","-51.201803684234626","CONTAINER",""
"PORTO ALEGRE","930772","12/08/2026 - 02:15","FLORESTA","DOUTOR VALE","INCÊNDIO","ABT-0597","1º BBM / 2ª CIA / 1º PEL / FLORESTA","-30.02399588810609","-51.20774745941163","TRANSFORMADOR/REDE ELÉTRICA",""
"PORTO ALEGRE","930782","12/08/2026 - 07:20","LOMBA DO PINHEIRO","RUA PANORAMA","SALVAMENTO/BUSCA/RESGATE","ABT-0598","1º BBM / 1ª CIA / 4º PEL / RESTINGA","-30.124825209792903","-51.09726190567017","DE ANIMAL",""
"PORTO ALEGRE","930828","12/08/2026 - 10:53","CASCATA","ESTRADA DOS ALPES","ATENDIMENTO PRÉ-HOSPITALAR","AR-1628","1º BBM / 1ª CIA / 2º PEL / TERESÓPOLIS","-30.095014201321508","-51.18811368942261","",""
"PORTO ALEGRE","930878","12/08/2026 - 14:09","PRAIA DE BELAS","AURELIANO DE FIGUEIREDO PINTO","ATENDIMENTO PRÉ-HOSPITALAR","ABT-1365","1º BBM / 1ª CIA / 1º PEL / AÇORIANOS","-30.042944038957152","-51.22948408126831","",""
"PORTO ALEGRE","930897","12/08/2026 - 14:41","JARDIM DO SALSO","R. NICOLA MATHIAS FALCI","SALVAMENTO/BUSCA/RESGATE","ABT-1364","1º BBM / 2ª CIA / 3º PEL / PARTENON","-30.05291822720285","-51.16167783737183","DE ANIMAL",""
"PORTO ALEGRE","930899","12/08/2026 - 14:43","VILA NOVA","BECO DO IMPERIO","ATENDIMENTO PRÉ-HOSPITALAR","AR-1628","1º BBM / 1ª CIA / 2º PEL / TERESÓPOLIS","-30.119201529914754","-51.201353073120124","",""
"PORTO ALEGRE","930914","12/08/2026 - 15:25","SÃO GERALDO","ERNESTO DA FONTOURA","AÇÕES PREVENTIVAS","ABT-0597","1º BBM / 2ª CIA / 1º PEL / FLORESTA","-30.009020571661456","-51.19762931630838","ACIDENTES DOMÉSTICOS",""
"PORTO ALEGRE","930932","12/08/2026 - 16:01","MENINO DEUS","ALMIRANTE ÁLVARO ALBERTO DA MOTTA E SILVA","OCORRÊNCIA NÃO ATENDIDA","AR-1628","1º BBM / 1ª CIA / 2º PEL / TERESÓPOLIS","-30.055778423601065","-51.223905086517334","",""
"PORTO ALEGRE","930952","12/08/2026 - 16:54","TERESÓPOLIS","AV TERESOPOLIS","OCORRÊNCIA NÃO ATENDIDA","AR-1628","1º BBM / 1ª CIA / 2º PEL / TERESÓPOLIS","-30.084505812242014","-51.21461391448975","",""
"PORTO ALEGRE","930962","12/08/2026 - 17:55","IPANEMA","OSWALDO GONÇALVES CRUZ","OCORRÊNCIA NÃO ATENDIDA","AR-1628","1º BBM / 1ª CIA / 2º PEL / TERESÓPOLIS","-30.136999472188048","-51.22489213943482","",""
"PORTO ALEGRE","930976","12/08/2026 - 18:39","JARDIM DO SALSO","RUA ÂNGELO CRIVELLARO","INCÊNDIO","ABT-1364","1º BBM / 2ª CIA / 3º PEL / PARTENON","-30.049482167753396","-51.16929531097412","EDIFICAÇÃO RESIDENCIAL UNIFAMILIAR",""
"PORTO ALEGRE","930978","12/08/2026 - 18:45","VILA CONCEIÇÃO","WENCESLAU ESCOBAR","ATENDIMENTO PRÉ-HOSPITALAR","AR-1628","1º BBM / 1ª CIA / 2º PEL / TERESÓPOLIS","-30.118886000433783","-51.2534523010254","",""
"PORTO ALEGRE","931000","12/08/2026 - 20:29","FARROUPILHA","JOÃO PESSOA","INCÊNDIO","ABT-1365","1º BBM / 1ª CIA / 1º PEL / AÇORIANOS","-30.049017826251845","-51.2099575996399","EDIFICAÇÃO MULTIFAMILIAR",""
"PORTO ALEGRE","931004","12/08/2026 - 20:47","PRAIA DE BELAS","PRAIA DE BELAS","ATENDIMENTO PRÉ-HOSPITALAR","AR-1628","1º BBM / 1ª CIA / 2º PEL / TERESÓPOLIS","-30.05210101305796","-51.22841119766236","",""
"PORTO ALEGRE","931011","12/08/2026 - 21:39","PARTENON","FREI GERMANO","INCÊNDIO","ABT-1364","1º BBM / 2ª CIA / 3º PEL / PARTENON","-30.061517139901333","-51.167600154876716","EDIFICAÇÃO COMERCIAL",""
"PORTO ALEGRE","931013","12/08/2026 - 21:44","HIGIENÓPOLIS","PLÍNIO BRASIL MILANO","INCÊNDIO","ABT-0597","1º BBM / 2ª CIA / 1º PEL / FLORESTA","-30.02164259691053","-51.18652676764979","TRANSFORMADOR/REDE ELÉTRICA",""
"PORTO ALEGRE","931018","12/08/2026 - 22:09","BELÉM VELHO","ESTRADA ANTONIO BORGES","SALVAMENTO/BUSCA/RESGATE","ABT-1364","1º BBM / 2ª CIA / 3º PEL / PARTENON","-30.101029101609825","-51.16910219192505","DE ANIMAL",""
"PORTO ALEGRE","931023","13/08/2026 - 00:10","AUXILIADORA","CARLOS GOMES","INCÊNDIO","ABT-0600","1º BBM / 2ª CIA / 2º PEL / PASSO D`AREIA","-30.035012263717597","-51.17718636989594","TRANSFORMADOR/REDE ELÉTRICA",""
"PORTO ALEGRE","931026","13/08/2026 - 01:22","BELA VISTA","ENGENHEIRO OLAVO NUNES","INCÊNDIO","ABT-0597","1º BBM / 2ª CIA / 1º PEL / FLORESTA","-30.034739810510075","-51.19279534340531","EDIFICAÇÃO MULTIFAMILIAR",""
"PORTO ALEGRE","931030","13/08/2026 - 02:27","NAVEGANTES","ARABUTAN","AVERIGUAÇÃO/CORTE DE ÁRVORE","ABT-0597","1º BBM / 2ª CIA / 1º PEL / FLORESTA","-30.0036318773771","-51.19688037155121","VISTORIA",""
"PORTO ALEGRE","931032","13/08/2026 - 03:09","CASCATA","PROFESSOR OSCAR PEREIRA","INCÊNDIO","ABT-1365","1º BBM / 1ª CIA / 1º PEL / AÇORIANOS","-30.074850477645047","-51.20193243026734","LIXO",""
"PORTO ALEGRE","931039","13/08/2026 - 07:42","TRISTEZA","GENERAL RONDON","INCÊNDIO","ABT-0596","1º BBM / 1ª CIA / 3º PEL / ASSUNÇÃO","-30.10372081393309","-51.248709805179814","TRANSFORMADOR/REDE ELÉTRICA",""
"PORTO ALEGRE","931061","13/08/2026 - 09:15","JARDIM FLORESTA","AVARÉ","SALVAMENTO/BUSCA/RESGATE","ABT-0600","1º BBM / 2ª CIA / 2º PEL / PASSO D`AREIA","-29.999748122667736","-51.158137288424335","DE ANIMAL",""
"PORTO ALEGRE","931070","13/08/2026 - 09:38","PRAIA DE BELAS","PADRE CACIQUE","AÇÕES PREVENTIVAS","ABT-1365","1º BBM / 1ª CIA / 1º PEL / AÇORIANOS","-30.061517139901333","-51.23090028762818","ACIDENTES DOMÉSTICOS",""
"PORTO ALEGRE","931073","13/08/2026 - 09:42","NAVEGANTES","ARABUTAN","AVERIGUAÇÃO/CORTE DE ÁRVORE","ABT-0597","1º BBM / 2ª CIA / 1º PEL / FLORESTA","-30.003984938720773","-51.19575262069703","VISTORIA",""
"PORTO ALEGRE","931082","13/08/2026 - 10:03","PETRÓPOLIS","LAGEADO","AVERIGUAÇÃO/CORTE DE ÁRVORE","ABT-0597","1º BBM / 2ª CIA / 1º PEL / FLORESTA","-30.035606704479445","-51.179895401000984","VISTORIA",""
"PORTO ALEGRE","931112","13/08/2026 - 11:40","CENTRO HISTÓRICO","RUA RIACHUELO","AÇÕES PREVENTIVAS","ABT-1365","1º BBM / 1ª CIA / 1º PEL / AÇORIANOS","-30.031454832766133","-51.23044967651368","APOIO À PESSOA OU INSTITUIÇÃO | OCORRÊNCIA DE VULTO",""
"PORTO ALEGRE","931126","13/08/2026 - 12:44","RUBEM BERTA","ANTÔNIO BASTOS","OCORRÊNCIA NÃO ATENDIDA","ABT-0600","1º BBM / 2ª CIA / 2º PEL / PASSO D`AREIA","-30.005861470457468","-51.121577327999134","",""
"PORTO ALEGRE","931132","13/08/2026 - 13:09","BOM JESUS","PATAGÔNIA","ATENDIMENTO PRÉ-HOSPITALAR","AR-1628","1º BBM / 1ª CIA / 2º PEL / TERESÓPOLIS","-30.04381086266073","-51.15975369804648","",""
"PORTO ALEGRE","931138","13/08/2026 - 13:45","BOM JESUS","SÃO MARCOS","AVERIGUAÇÃO/CORTE DE ÁRVORE","ABT-1364","1º BBM / 2ª CIA / 3º PEL / PARTENON","-30.043891357359037","-51.16826533610284","EVENTO EXTREMO",""
"PORTO ALEGRE","931168","13/08/2026 - 14:52","PETRÓPOLIS","PALMEIRA","SALVAMENTO/BUSCA/RESGATE","ABT-0597","1º BBM / 2ª CIA / 1º PEL / FLORESTA","-30.037947280316942","-51.17957353591919","ELEVADORES",""
"PORTO ALEGRE","931175","13/08/2026 - 15:12","JARDIM CARVALHO","BECO SOUZA COSTA","AVERIGUAÇÃO/CORTE DE ÁRVORE","ABT-1364","1º BBM / 2ª CIA / 3º PEL / PARTENON","-30.053568284459065","-51.14079955875254","EVENTO EXTREMO",""
"PORTO ALEGRE","931182","13/08/2026 - 15:25","RUBEM BERTA","DANTE ÂNGELO PILLA","AVERIGUAÇÃO/CORTE DE ÁRVORE","ABT-0600","1º BBM / 2ª CIA / 2º PEL / PASSO D`AREIA","-30.010079582856363","-51.118551330255585","VISTORIA",""
"PORTO ALEGRE","931187","13/08/2026 - 15:44","SÃO JOSÉ","CONDOR","ATENDIMENTO PRÉ-HOSPITALAR","AR-1628","1º BBM / 1ª CIA / 2º PEL / TERESÓPOLIS","-30.06942822275053","-51.171564805279935","",""
"PORTO ALEGRE","931206","13/08/2026 - 16:41","SARANDI","DIAMANTE","OCORRÊNCIA NÃO ATENDIDA","ABT-0600","1º BBM / 2ª CIA / 2º PEL / PASSO D`AREIA","-29.985493984087913","-51.11311913528058","",""
"PORTO ALEGRE","931209","13/08/2026 - 16:50","LOMBA DO PINHEIRO","DEPUTADO ADÃO PRETTO","AVERIGUAÇÃO/CORTE DE ÁRVORE","ABT-0598","1º BBM / 1ª CIA / 4º PEL / RESTINGA","-30.120073870880812","-51.10309839248658","VISTORIA",""
"PORTO ALEGRE","931214","13/08/2026 - 17:24","JARDIM FLORESTA","OURO PRETO","ATENDIMENTO PRÉ-HOSPITALAR","AR-1628","1º BBM / 1ª CIA / 2º PEL / TERESÓPOLIS","-30.003173515918174","-51.155025937381545","",""
"PORTO ALEGRE","931254","13/08/2026 - 19:15","LOMBA DO PINHEIRO","JOAO DE OLIVEIRA REMIÃO","ATENDIMENTO PRÉ-HOSPITALAR","AR-1628","1º BBM / 1ª CIA / 2º PEL / TERESÓPOLIS","-30.134914859258284","-51.09457281855677","",""
"PORTO ALEGRE","931257","13/08/2026 - 19:29","PRAIA DE BELAS","AV. AURELIANO DE FIGUEIREDO PINTO","AÇÕES PREVENTIVAS","ABT-1365","1º BBM / 1ª CIA / 1º PEL / AÇORIANOS","-30.043278385558313","-51.228314638137824","APOIO À PESSOA OU INSTITUIÇÃO",""
"PORTO ALEGRE","931278","13/08/2026 - 22:33","SARANDI","ULISSES DE ALENCASTRO BRANDÃO","ATENDIMENTO PRÉ-HOSPITALAR","AR-1628","1º BBM / 1ª CIA / 2º PEL / TERESÓPOLIS","-29.988783577119015","-51.1213892859964","",""
"PORTO ALEGRE","931290","14/08/2026 - 01:54","RESTINGA","BISPO MARINO PRUDENCIO MOREIRA","INCÊNDIO","ABT-0598","1º BBM / 1ª CIA / 4º PEL / RESTINGA","-30.152567720032255","-51.13348245620728","TRANSFORMADOR/REDE ELÉTRICA",""
"PORTO ALEGRE","931301","14/08/2026 - 07:26","BOA VISTA","ENGENHEIRO ALFREDO CORREA DAUDT","SALVAMENTO/BUSCA/RESGATE","ABT-0600","1º BBM / 2ª CIA / 2º PEL / PASSO D`AREIA","-30.021877924368763","-51.17920874557882","DE ANIMAL",""
"PORTO ALEGRE","931304","14/08/2026 - 08:23","FLORESTA","ÁLVARO CHAVES","AÇÕES PREVENTIVAS","ABT-0597","1º BBM / 2ª CIA / 1º PEL / FLORESTA","-30.01735698631785","-51.20659161309282","ACIDENTES DOMÉSTICOS",""
"PORTO ALEGRE","931318","14/08/2026 - 09:26","CASCATA","RENASCENÇA","ATENDIMENTO PRÉ-HOSPITALAR","AR-1628","1º BBM / 1ª CIA / 2º PEL / TERESÓPOLIS","-30.098494026077415","-51.186819783032874","",""
"PORTO ALEGRE","931331","14/08/2026 - 10:07","BELÉM NOVO","PINHEIRO MACHADO","AVERIGUAÇÃO/CORTE DE ÁRVORE","ABT-0599","1º BBM / 1ª CIA / 5º PEL / BELÉM NOVO","-30.206564360982668","-51.19401443017979","VISTORIA",""
"PORTO ALEGRE","931333","14/08/2026 - 10:09","JARDIM CARVALHO","ANTONIO DE CARVALHO","AÇÕES PREVENTIVAS","ABT-1364","1º BBM / 2ª CIA / 3º PEL / PARTENON","-30.061294651767895","-51.149147300430954","PALESTRAS/TREINAMENTOS EXTERNOS",""
"PORTO ALEGRE","931337","14/08/2026 - 10:12","BOM JESUS","SÃO MARCOS","AVERIGUAÇÃO/CORTE DE ÁRVORE","ABT-1364","1º BBM / 2ª CIA / 3º PEL / PARTENON","-30.04298116538066","-51.16824387512594","VISTORIA",""
"PORTO ALEGRE","931360","14/08/2026 - 11:10","SÃO CAETANO","CASEMIRO SCHMIEDEL","INCÊNDIO","ABT-0598","1º BBM / 1ª CIA / 4º PEL / RESTINGA","-30.18562585842322","-51.06426000595093","EDIFICAÇÃO RESIDENCIAL UNIFAMILIAR",""
"PORTO ALEGRE","931373","14/08/2026 - 12:16","VILA NOVA","JOÃO PASSUELO","ATENDIMENTO PRÉ-HOSPITALAR","AR-1628","1º BBM / 1ª CIA / 2º PEL / TERESÓPOLIS","-30.11318632564128","-51.213098918471196","",""
"PORTO ALEGRE","931393","14/08/2026 - 13:40","CENTRO HISTÓRICO","RUA DOS ANDRADAS","AVERIGUAÇÃO/CORTE DE ÁRVORE","ABTS-866","BBS / 1ª CIA / 1º PEL / TERRESTRE","-30.032205558727526","-51.23684177791549","VISTORIA",""
"PORTO ALEGRE","931418","14/08/2026 - 14:48","PRAIA DE BELAS","PRAIA DE BELAS","AVERIGUAÇÃO/CORTE DE ÁRVORE","ABT-1365","1º BBM / 1ª CIA / 1º PEL / AÇORIANOS","-30.045377313443336","-51.22841119766236","CORTE PARCIAL",""
"PORTO ALEGRE","931428","14/08/2026 - 15:10","CENTRO","DOS ANDRADAS","ATENDIMENTO PRÉ-HOSPITALAR","AR-1628","1º BBM / 1ª CIA / 2º PEL / TERESÓPOLIS","-30.03169581499771","-51.23503560855488","",""
"PORTO ALEGRE","931445","14/08/2026 - 15:43","BOM JESUS","CLOVIS BEVILAQUA","INCÊNDIO","ABT-1364","1º BBM / 2ª CIA / 3º PEL / PARTENON","-30.044968672524906","-51.15822297039747","EDIFICAÇÃO RESIDENCIAL UNIFAMILIAR",""
"PORTO ALEGRE","931479","14/08/2026 - 17:14","CASCATA","PROFESSOR OSCAR PEREIRA","AVERIGUAÇÃO/CORTE DE ÁRVORE","ABT-0594","1º BBM / 1ª CIA / 2º PEL / TERESÓPOLIS","-30.091208288331966","-51.18139743804932","VISTORIA",""
"PORTO ALEGRE","931480","14/08/2026 - 17:15","JARDIM CARVALHO","AVENIDA IPIRANGA","ATENDIMENTO PRÉ-HOSPITALAR","AR-1628","1º BBM / 1ª CIA / 2º PEL / TERESÓPOLIS","-30.067216799459043","-51.14727778971032","",""
"PORTO ALEGRE","931502","14/08/2026 - 18:28","SANTANA","AVENIDA JERONIMO DE ORNELAS","INCÊNDIO","ABT-1365","1º BBM / 1ª CIA / 1º PEL / AÇORIANOS","-30.03960051088476","-51.20893836021424","CONTAINER",""
"PORTO ALEGRE","931505","14/08/2026 - 18:34","BOM JESUS","OITO","SALVAMENTO/BUSCA/RESGATE","ABT-1364","1º BBM / 2ª CIA / 3º PEL / PARTENON","-30.049110648220065","-51.15968189711921","DE ANIMAL",""
"PORTO ALEGRE","931517","14/08/2026 - 19:07","FLORESTA","FARRAPOS","INCÊNDIO","ABT-1365","1º BBM / 1ª CIA / 1º PEL / AÇORIANOS","-30.017976305655733","-51.208906173706055","CONTAINER",""
"PORTO ALEGRE","931519","14/08/2026 - 19:09","FARRAPOS","BR 448 KM 21","SALVAMENTO/BUSCA/RESGATE","ABT-0597","1º BBM / 2ª CIA / 1º PEL / FLORESTA","-29.971120076217126","-51.19980823103431","SUICÍDIO/TENTATIVA",""
"PORTO ALEGRE","931519","14/08/2026 - 19:09","FARRAPOS","BR 448 KM 21","OCORRÊNCIA NÃO ATENDIDA","ABTS-866","BBS / 1ª CIA / 1º PEL / TERRESTRE","-29.972049513075724","-51.19935236850104","",""
"PORTO ALEGRE","931531","14/08/2026 - 20:03","JARDIM LINDÓIA","PANAMERICANA","ATENDIMENTO PRÉ-HOSPITALAR","AR-1628","1º BBM / 1ª CIA / 2º PEL / TERESÓPOLIS","-30.003794997347846","-51.15147121778782","",""
"PORTO ALEGRE","931544","14/08/2026 - 21:22","SANTANA","VENÂNCIO AIRES","INCÊNDIO","ABT-1365","1º BBM / 1ª CIA / 1º PEL / AÇORIANOS","-30.039739826807224","-51.214034557342536","CONTAINER",""
"PORTO ALEGRE","931551","14/08/2026 - 22:22","NONOAI","JOÃO MAIA","INCÊNDIO","ABT-0594","1º BBM / 1ª CIA / 2º PEL / TERESÓPOLIS","-30.0924707537575","-51.226351261138916","TRANSFORMADOR/REDE ELÉTRICA",""
"PORTO ALEGRE","931552","14/08/2026 - 22:37","FLORESTA","DOUTOR BARROS CASSAL","INCÊNDIO","ABT-1365","1º BBM / 1ª CIA / 1º PEL / AÇORIANOS","-30.025268499942136","-51.21799349784852","CONTAINER",""
"PORTO ALEGRE","931565","15/08/2026 - 02:45","MOINHOS DE VENTO","HILÁRIO RIBEIRO","INCÊNDIO","ABT-0597","1º BBM / 2ª CIA / 1º PEL / FLORESTA","-30.02407020165512","-51.20671583654859","CONTAINER | LIXO",""
"PORTO ALEGRE","931574","15/08/2026 - 05:43","GLÓRIA","MADRE ANA","ATENDIMENTO PRÉ-HOSPITALAR","AR-1628","1º BBM / 1ª CIA / 2º PEL / TERESÓPOLIS","-30.07954828700265","-51.20004415512086","",""
"PORTO ALEGRE","931578","15/08/2026 - 06:48","PETRÓPOLIS","PROFESSOR CRISTIANO FISCHER","INCÊNDIO","ABT-1364","1º BBM / 2ª CIA / 3º PEL / PARTENON","-30.041030796796683","-51.17178437450166","EDIFICAÇÃO COMERCIAL",""
"PORTO ALEGRE","931579","15/08/2026 - 06:51","FLORESTA","RAMIRO BARCELOS","INCÊNDIO","ABT-0597","1º BBM / 2ª CIA / 1º PEL / FLORESTA","-30.02241826024541","-51.21211595368816","EDIFICAÇÃO COMERCIAL | LIXO",""
"PORTO ALEGRE","931591","15/08/2026 - 08:44","CAVALHADA","BERNARDO GOMES","AVERIGUAÇÃO/CORTE DE ÁRVORE","ABT-0596","1º BBM / 1ª CIA / 3º PEL / ASSUNÇÃO","-30.103869345746652","-51.23139388018262","CORTE TOTAL",""
"PORTO ALEGRE","931632","15/08/2026 - 11:22","BELÉM NOVO","PINHEIRO MACHADO","AVERIGUAÇÃO/CORTE DE ÁRVORE","ABT-0599","1º BBM / 1ª CIA / 5º PEL / BELÉM NOVO","-30.20739884143076","-51.1944865862885","CORTE PARCIAL",""
"PORTO ALEGRE","931634","15/08/2026 - 11:29","JARDIM DO SALSO","AV. IPIRANGA","ATENDIMENTO PRÉ-HOSPITALAR","AR-1628","1º BBM / 1ª CIA / 2º PEL / TERESÓPOLIS","-30.055031769409364","-51.16855069666274","",""
"PORTO ALEGRE","931634","15/08/2026 - 11:29","JARDIM DO SALSO","AV. IPIRANGA","AÇÕES PREVENTIVAS","ABT-1364","1º BBM / 2ª CIA / 3º PEL / PARTENON","-30.055369829173706","-51.16817951202393","APOIO À PESSOA OU INSTITUIÇÃO",""
"PORTO ALEGRE","931657","15/08/2026 - 13:05","HUMAITÁ","A. J. RENNER","INCÊNDIO","ABT-0597","1º BBM / 2ª CIA / 1º PEL / FLORESTA","-29.99512086067089","-51.19703999663841","EDIFICAÇÃO COMERCIAL | TRANSFORMADOR/REDE ELÉTRICA",""
"PORTO ALEGRE","931661","15/08/2026 - 13:19","PROTÁSIO ALVES","REGINA DE ARAÚJO ROCHA","AVERIGUAÇÃO/MANEJO DE INSETOS","ABT-0600","1º BBM / 2ª CIA / 2º PEL / PASSO D`AREIA","-30.033414512970193","-51.10787332420216","VISTORIA",""
"PORTO ALEGRE","931663","15/08/2026 - 13:24","ASSUNÇÃO","AVENIDA GUAÍBA","AVERIGUAÇÃO/CORTE DE ÁRVORE","ABT-0596","1º BBM / 1ª CIA / 3º PEL / ASSUNÇÃO","-30.09835586612189","-51.263623264048164","CORTE TOTAL",""
"PORTO ALEGRE","931671","15/08/2026 - 13:48","TRISTEZA","COPACABANA","AÇÕES PREVENTIVAS","ABT-0600","1º BBM / 2ª CIA / 2º PEL / PASSO D`AREIA","-30.104667569694485","-51.25662816208087","VISTORIA DE HIDRANTES",""
"PORTO ALEGRE","931673","15/08/2026 - 13:51","CRISTAL","CAPIVARI","AÇÕES PREVENTIVAS","ABT-0600","1º BBM / 2ª CIA / 2º PEL / PASSO D`AREIA","-30.0834474844218","-51.238067143506406","VISTORIA DE HIDRANTES",""
"PORTO ALEGRE","931682","15/08/2026 - 14:22","NAVEGANTES","SERTÓRIO","ATENDIMENTO PRÉ-HOSPITALAR","AR-1628","1º BBM / 1ª CIA / 2º PEL / TERESÓPOLIS","-30.002757820575592","-51.18667016713827","",""
"PORTO ALEGRE","931686","15/08/2026 - 14:49","CAVALHADA","ÂNGELO BARBOZA","AVERIGUAÇÃO/MANEJO DE INSETOS","ABT-0594","1º BBM / 1ª CIA / 2º PEL / TERESÓPOLIS","-30.104574750973327","-51.22757434844971","VISTORIA",""
"PORTO ALEGRE","931688","15/08/2026 - 14:57","CENTRO","WASHINGTON LUIZ","ATENDIMENTO PRÉ-HOSPITALAR","AR-1628","1º BBM / 1ª CIA / 2º PEL / TERESÓPOLIS","-30.036922260311638","-51.23260984917678","",""
"PORTO ALEGRE","931736","15/08/2026 - 17:36","GLÓRIA","PROFESSOR OSCAR PEREIRA","INCÊNDIO","ABT-1364","1º BBM / 2ª CIA / 3º PEL / PARTENON","-30.08734652336026","-51.187512894432","MEIO DE TRANSPORTE",""
"PORTO ALEGRE","931738","15/08/2026 - 17:40","PRAIA DE BELAS","PRAIA DE BELAS","AÇÕES PREVENTIVAS","ABT-1365","1º BBM / 1ª CIA / 1º PEL / AÇORIANOS","-30.041476615530353","-51.227831840515144","VISTORIA DE HIDRANTES",""
"PORTO ALEGRE","931739","15/08/2026 - 17:41","CENTRO","JÚLIO DE CASTILHOS","AÇÕES PREVENTIVAS","ABT-1365","1º BBM / 1ª CIA / 1º PEL / AÇORIANOS","-30.026912653090957","-51.22759580612183","VISTORIA DE HIDRANTES",""
"PORTO ALEGRE","931742","15/08/2026 - 17:45","INDEPENDÊNCIA","INDEPENDENCIA","AÇÕES PREVENTIVAS","ABT-0597","1º BBM / 2ª CIA / 1º PEL / FLORESTA","-30.029234856843377","-51.21467579629187","VISTORIA DE HIDRANTES",""
"PORTO ALEGRE","931743","15/08/2026 - 17:48","INDEPENDÊNCIA","PINHEIRO MACHADO","AÇÕES PREVENTIVAS","ABT-0597","1º BBM / 2ª CIA / 1º PEL / FLORESTA","-30.028287404282327","-51.21079448921094","VISTORIA DE HIDRANTES",""
"PORTO ALEGRE","931747","15/08/2026 - 17:59","TERESÓPOLIS","CLEMENCIANO BARNASQUE","AÇÕES PREVENTIVAS","ABT-0594","1º BBM / 1ª CIA / 2º PEL / TERESÓPOLIS","-30.085545561293415","-51.20731830596924","VISTORIA DE HIDRANTES",""
"PORTO ALEGRE","931748","15/08/2026 - 18:00","TERESÓPOLIS","CLEMENCIANO BARNASQUE","AÇÕES PREVENTIVAS","ABT-0594","1º BBM / 1ª CIA / 2º PEL / TERESÓPOLIS","-30.083057572133175","-51.210129261016846","VISTORIA DE HIDRANTES",""
"PORTO ALEGRE","931777","15/08/2026 - 19:23","MORRO SANTANA","AV. PROTÁSIO ALVES","ATENDIMENTO PRÉ-HOSPITALAR","AR-1628","1º BBM / 1ª CIA / 2º PEL / TERESÓPOLIS","-30.039011101226365","-51.12523010541055","",""
"PORTO ALEGRE","931798","15/08/2026 - 21:27","IPANEMA","TRAMANDAÍ","ATENDIMENTO PRÉ-HOSPITALAR","AR-1628","1º BBM / 1ª CIA / 2º PEL / TERESÓPOLIS","-30.13289160729898","-51.23217470214904","",""
"PORTO ALEGRE","931806","15/08/2026 - 22:00","IPANEMA","ESTRADA CAMPO NOVO","AÇÕES PREVENTIVAS","ABT-0599","1º BBM / 1ª CIA / 5º PEL / BELÉM NOVO","-30.139114968311517","-51.21298305996335","VISTORIA DE HIDRANTES",""
"PORTO ALEGRE","931807","15/08/2026 - 22:01","CHAPÉU DO SOL","EST. CHAPÉU DO SOL","AÇÕES PREVENTIVAS","ABT-0599","1º BBM / 1ª CIA / 5º PEL / BELÉM NOVO","-30.18032097826113","-51.16970299880602","VISTORIA DE HIDRANTES",""
"PORTO ALEGRE","931808","15/08/2026 - 22:18","PARTENON","AV. BENTO GONÇALVES","AÇÕES PREVENTIVAS","ABT-1364","1º BBM / 2ª CIA / 3º PEL / PARTENON","-30.061767735191236","-51.16576774968343","VISTORIA DE HIDRANTES",""
"PORTO ALEGRE","931809","15/08/2026 - 22:19","PETRÓPOLIS","PROFESSOR CRISTIANO FISCHER","AÇÕES PREVENTIVAS","ABT-1364","1º BBM / 2ª CIA / 3º PEL / PARTENON","-30.06044060329948","-51.16933782313456","VISTORIA DE HIDRANTES",""
"PORTO ALEGRE","931820","15/08/2026 - 23:27","GLÓRIA","CORONEL APARÍCIO BORGES","INCÊNDIO","ABT-0594","1º BBM / 1ª CIA / 2º PEL / TERESÓPOLIS","-30.073216404709687","-51.199100017547615","LIXO",""
"PORTO ALEGRE","931823","15/08/2026 - 23:56","PRAIA DE BELAS","AV. AURELIANO DE FIGUEIREDO PINTO","INCÊNDIO","ABT-1365","1º BBM / 1ª CIA / 1º PEL / AÇORIANOS","-30.043464133182493","-51.22289657592774","CONTAINER",""
"PORTO ALEGRE","931825","16/08/2026 - 00:54","HUMAITÁ","RUA DONA TEODORA","INCÊNDIO","ABT-0597","1º BBM / 2ª CIA / 1º PEL / FLORESTA","-29.992983700349953","-51.1945220543328","LIXO",""
"PORTO ALEGRE","931826","16/08/2026 - 01:09","FARRAPOS","BAMBAS DA ORGIA","SALVAMENTO/BUSCA/RESGATE","ABT-0597","1º BBM / 2ª CIA / 1º PEL / FLORESTA","-29.980897038084727","-51.193628800901344","DE ANIMAL",""
"PORTO ALEGRE","931839","16/08/2026 - 02:51","SANTANA","TV. ESPORTE CLUBE CRUZEIRO","AÇÕES PREVENTIVAS","ABT-1364","1º BBM / 2ª CIA / 3º PEL / PARTENON","-30.0435384237869","-51.128847602334325","INSPEÇÃO/REMOÇÃO DE FONTE DE PERIGO",""
"PORTO ALEGRE","931842","16/08/2026 - 03:25","PRAIA DE BELAS","PADRE CACIQUE","ATENDIMENTO PRÉ-HOSPITALAR","AR-1628","1º BBM / 1ª CIA / 2º PEL / TERESÓPOLIS","-30.072694572137262","-51.24046337415273","",""
"PORTO ALEGRE","931849","16/08/2026 - 04:14","MORRO SANTANA","AV. PROTÁSIO ALVES","INCÊNDIO","ABT-1364","1º BBM / 2ª CIA / 3º PEL / PARTENON","-30.04152300710193","-51.15463035860943","EDIFICAÇÃO COMERCIAL | LIXO",""
"PORTO ALEGRE","931923","16/08/2026 - 12:12","CIDADE BAIXA","GEN LIMA E SILVA","OCORRÊNCIA NÃO ATENDIDA","AR-1628","1º BBM / 1ª CIA / 2º PEL / TERESÓPOLIS","-30.04201529247778","-51.217532157897956","",""
"PORTO ALEGRE","931927","16/08/2026 - 12:32","FARRAPOS","OSCAR JAEGER","ATENDIMENTO PRÉ-HOSPITALAR","AR-1628","1º BBM / 1ª CIA / 2º PEL / TERESÓPOLIS","-29.977855006690028","-51.193070411682136","",""
"PORTO ALEGRE","931937","16/08/2026 - 13:17","BOM FIM","GARIBALDI","ATENDIMENTO PRÉ-HOSPITALAR","AR-1628","1º BBM / 1ª CIA / 2º PEL / TERESÓPOLIS","-30.029755023026084","-51.215064525604255","",""
"PORTO ALEGRE","931950","16/08/2026 - 14:43","PETRÓPOLIS","JOÃO ABBOTT","INCÊNDIO","ABT-0597","1º BBM / 2ª CIA / 1º PEL / FLORESTA","-30.041383739898567","-51.18489503860474","EDIFICAÇÃO MULTIFAMILIAR",""
"PORTO ALEGRE","931955","16/08/2026 - 15:19","PARTENON","NELSON DUARTE BROCHADO","ATENDIMENTO PRÉ-HOSPITALAR","AR-1628","1º BBM / 1ª CIA / 2º PEL / TERESÓPOLIS","-30.059864275138523","-51.17723464965821","",""
"PORTO ALEGRE","931956","16/08/2026 - 15:21","PETRÓPOLIS","RUA JOÃO ABOTT","AÇÕES PREVENTIVAS","ABT-0597","1º BBM / 2ª CIA / 1º PEL / FLORESTA","-30.042312492298475","-51.18772745132447","VISTORIA DE HIDRANTES",""
"PORTO ALEGRE","931957","16/08/2026 - 15:22","PETRÓPOLIS","RUA JOÃO ABOTT","AÇÕES PREVENTIVAS","ABT-0597","1º BBM / 2ª CIA / 1º PEL / FLORESTA","-30.041049386903232","-51.18369340896607","VISTORIA DE HIDRANTES",""
"PORTO ALEGRE","931961","16/08/2026 - 15:51","VILA NOVA","JOAQUIM DE CARVALHO","AVERIGUAÇÃO/CORTE DE ÁRVORE","ABT-0594","1º BBM / 1ª CIA / 2º PEL / TERESÓPOLIS","-30.114208621672894","-51.21965646743775","VISTORIA",""
"PORTO ALEGRE","931973","16/08/2026 - 16:31","PRAIA DE BELAS","PADRE CACIQUE","OCORRÊNCIA NÃO ATENDIDA","ABT-1365","1º BBM / 1ª CIA / 1º PEL / AÇORIANOS","-30.068982544750757","-51.23804569244385","",""
"PORTO ALEGRE","931978","16/08/2026 - 16:43","LOMBA DO PINHEIRO","RUA DA COMUNIDADE","AVERIGUAÇÃO/CORTE DE ÁRVORE","ABT-0598","1º BBM / 1ª CIA / 4º PEL / RESTINGA","-30.127312147603337","-51.117925643920906","CORTE PARCIAL | VISTORIA",""
"PORTO ALEGRE","931979","16/08/2026 - 16:49","ABERTA DOS MORROS","ISIDORO BETTIO","OCORRÊNCIA NÃO ATENDIDA","AR-1628","1º BBM / 1ª CIA / 2º PEL / TERESÓPOLIS","-30.16488697549555","-51.19920730590821","",""
"PORTO ALEGRE","931985","16/08/2026 - 17:13","VILA NOVA","JOÃO SALAMONI","AÇÕES PREVENTIVAS","ABT-0594","1º BBM / 1ª CIA / 2º PEL / TERESÓPOLIS","-30.113336228905048","-51.21851921081544","VISTORIA DE HIDRANTES",""
"PORTO ALEGRE","931986","16/08/2026 - 17:14","TERESÓPOLIS","ARNALDO BOHRER","AÇÕES PREVENTIVAS","ABT-0594","1º BBM / 1ª CIA / 2º PEL / TERESÓPOLIS","-30.081033713894428","-51.20652437210084","VISTORIA DE HIDRANTES",""
"PORTO ALEGRE","931996","16/08/2026 - 17:32","HÍPICA","JUCA BATISTA","AÇÕES PREVENTIVAS","ABT-0599","1º BBM / 1ª CIA / 5º PEL / BELÉM NOVO","-30.165350772819245","-51.18227720657539","VISTORIA DE HIDRANTES",""
"PORTO ALEGRE","931997","16/08/2026 - 17:33","BELÉM NOVO","JUCA BATISTA","AÇÕES PREVENTIVAS","ABT-0599","1º BBM / 1ª CIA / 5º PEL / BELÉM NOVO","-30.18581133857462","-51.17472397500629","VISTORIA DE HIDRANTES",""
"PORTO ALEGRE","932003","16/08/2026 - 17:51","RUBEM BERTA","WILLY EUGENIO FLECK","INCÊNDIO","ABT-0600","1º BBM / 2ª CIA / 2º PEL / PASSO D`AREIA","-30.013610023631283","-51.095523702037106","EDIFICAÇÃO RESIDENCIAL UNIFAMILIAR",""
"PORTO ALEGRE","932014","16/08/2026 - 18:32","PARTENON","ANTÔNIO MARANGHELLO","AÇÕES PREVENTIVAS","ABT-1364","1º BBM / 2ª CIA / 3º PEL / PARTENON","-30.060012845400006","-51.16230008672979","VISTORIA DE HIDRANTES",""
"PORTO ALEGRE","932015","16/08/2026 - 18:33","PARTENON","ALBION","AÇÕES PREVENTIVAS","ABT-1364","1º BBM / 2ª CIA / 3º PEL / PARTENON","-30.05750564803245","-51.16530419387431","VISTORIA DE HIDRANTES",""
"PORTO ALEGRE","932018","16/08/2026 - 18:48","BELÉM VELHO","COSTA GAMA","AVERIGUAÇÃO/CORTE DE ÁRVORE","ABT-0598","1º BBM / 1ª CIA / 4º PEL / RESTINGA","-30.137648971435933","-51.16882324218751","VISTORIA",""
"PORTO ALEGRE","932025","16/08/2026 - 19:06","LAMI","ESTRADA OTAVIANO JOSE PINTO","ATENDIMENTO PRÉ-HOSPITALAR","AR-1628","1º BBM / 1ª CIA / 2º PEL / TERESÓPOLIS","-30.226701180434","-51.09889276813579","",""
"PORTO ALEGRE","932032","16/08/2026 - 19:38","RIO BRANCO","MIGUEL TOSTES","INCÊNDIO","ABT-0597","1º BBM / 2ª CIA / 1º PEL / FLORESTA","-30.029253434254045","-51.20575189590454","EDIFICAÇÃO MULTIFAMILIAR",""
"PORTO ALEGRE","932052","16/08/2026 - 20:42","TRISTEZA","COPACABANA","AÇÕES PREVENTIVAS","ABT-0596","1º BBM / 1ª CIA / 3º PEL / ASSUNÇÃO","-30.105020282304228","-51.257894359718236","VISTORIA DE HIDRANTES",""
"PORTO ALEGRE","932053","16/08/2026 - 20:43","CRISTAL","WENCESLAU ESCOBAR","AÇÕES PREVENTIVAS","ABT-0596","1º BBM / 1ª CIA / 3º PEL / ASSUNÇÃO","-30.104834833145233","-51.25379645988998","VISTORIA DE HIDRANTES",""
"PORTO ALEGRE","932064","16/08/2026 - 22:08","RUBEM BERTA","JDOIS","INCÊNDIO","ABT-0600","1º BBM / 2ª CIA / 2º PEL / PASSO D`AREIA","-30.0009927653589","-51.10835736622597","TRANSFORMADOR/REDE ELÉTRICA",""
"PORTO ALEGRE","932068","16/08/2026 - 22:24","MOINHOS DE VENTO","PADRE CHAGAS","INCÊNDIO","ABT-0597","1º BBM / 2ª CIA / 1º PEL / FLORESTA","-30.02632744916354","-51.20495796203614","EDIFICAÇÃO MULTIFAMILIAR",""
"PORTO ALEGRE","932074","16/08/2026 - 23:13","MENINO DEUS","PAES DE ANDRADE","INCÊNDIO","ABT-1365","1º BBM / 1ª CIA / 1º PEL / AÇORIANOS","-30.059084261958326","-51.21811151504517","CONTAINER",""
"PORTO ALEGRE","932086","17/08/2026 - 02:58","VILA IPIRANGA","DOUTOR JOÃO SIMPLÍCIO ALVES DE CARVALHO","INCÊNDIO","ABT-0600","1º BBM / 2ª CIA / 2º PEL / PASSO D`AREIA","-30.156816556358233","-51.18472345323785","TRANSFORMADOR/REDE ELÉTRICA",""
"PORTO ALEGRE","932089","17/08/2026 - 03:28","CRISTAL","DOUTOR RAUL MOREIRA","SALVAMENTO/BUSCA/RESGATE","ABT-0594","1º BBM / 1ª CIA / 2º PEL / TERESÓPOLIS","-30.09011290085799","-51.23349666595459","DE ANIMAL",""
"PORTO ALEGRE","932097","17/08/2026 - 06:19","RESTINGA","ESTR. JOÃO ANTÔNIO DA SILVEIRA","INCÊNDIO","ABT-0598","1º BBM / 1ª CIA / 4º PEL / RESTINGA","-30.14569374983232","-51.12975076862418","LIXO",""
"PORTO ALEGRE","932128","17/08/2026 - 09:15","GLÓRIA","CORONEL APARÍCIO BORGES","AVERIGUAÇÃO/CORTE DE ÁRVORE","ABT-0594","1º BBM / 1ª CIA / 2º PEL / TERESÓPOLIS","-30.07479477105748","-51.20382070541382","CORTE TOTAL",""
"PORTO ALEGRE","932137","17/08/2026 - 09:30","FARROUPILHA","JOÃO PESSOA","AVERIGUAÇÃO/MANEJO DE INSETOS","ABT-1365","1º BBM / 1ª CIA / 1º PEL / AÇORIANOS","-30.050958759259554","-51.208584308624275","VISTORIA",""
"PORTO ALEGRE","932138","17/08/2026 - 09:30","LOMBA DO PINHEIRO","RUA DA COMUNIDADE","AVERIGUAÇÃO/CORTE DE ÁRVORE","ABT-0598","1º BBM / 1ª CIA / 4º PEL / RESTINGA","-30.127126557392316","-51.12202405929566","CORTE TOTAL",""
"PORTO ALEGRE","932154","17/08/2026 - 09:59","CAVALHADA","BEGÔNIA","AVERIGUAÇÃO/CORTE DE ÁRVORE","ABT-0596","1º BBM / 1ª CIA / 3º PEL / ASSUNÇÃO","-30.117605311007505","-51.22551434583057","CORTE PARCIAL",""
"PORTO ALEGRE","932177","17/08/2026 - 10:47","CAVALHADA","BARBOSA NETO","ATENDIMENTO PRÉ-HOSPITALAR","AR-1628","1º BBM / 1ª CIA / 2º PEL / TERESÓPOLIS","-30.09630286998171","-51.230498947349425","",""
"PORTO ALEGRE","932183","17/08/2026 - 10:57","NONOAI","RUA DOS APÓSTOLOS","AVERIGUAÇÃO/CORTE DE ÁRVORE","ABT-0594","1º BBM / 1ª CIA / 2º PEL / TERESÓPOLIS","-30.08847908004426","-51.21390581130982","VISTORIA",""
"PORTO ALEGRE","932184","17/08/2026 - 10:59","RIO BRANCO","SÃO MANOEL","OCORRÊNCIA NÃO ATENDIDA","ABT-0597","1º BBM / 2ª CIA / 1º PEL / FLORESTA","-30.041829542137105","-51.20521540273634","",""
"PORTO ALEGRE","932205","17/08/2026 - 11:53","SANTANA","VEADOR PORTO","ATENDIMENTO PRÉ-HOSPITALAR","AR-1628","1º BBM / 1ª CIA / 2º PEL / TERESÓPOLIS","-30.049525699657547","-51.1984489265454","",""
"PORTO ALEGRE","932212","17/08/2026 - 12:35","RIO BRANCO","CORONEL AURÉLIO BITENCOURT","INCÊNDIO","ABT-0597","1º BBM / 2ª CIA / 1º PEL / FLORESTA","-30.031668467993732","-51.19873524812842","VEGETAÇÃO",""
"PORTO ALEGRE","932229","17/08/2026 - 13:34","PROTÁSIO ALVES","DOUTOR EURICO DA COSTA GAMA","AVERIGUAÇÃO/CORTE DE ÁRVORE","ABT-1364","1º BBM / 2ª CIA / 3º PEL / PARTENON","-30.04025069609443","-51.172427942730764","EVENTO EXTREMO",""
"PORTO ALEGRE","932234","17/08/2026 - 13:40","SARANDI","A UM","OCORRÊNCIA NÃO ATENDIDA","ABT-0597","1º BBM / 2ª CIA / 1º PEL / FLORESTA","-29.99030753906786","-51.12011417971923","",""
"PORTO ALEGRE","932236","17/08/2026 - 13:41","PEDRA REDONDA","CORONEL MARCOS","AVERIGUAÇÃO/MANEJO DE INSETOS","ABT-0596","1º BBM / 1ª CIA / 3º PEL / ASSUNÇÃO","-30.124231306122546","-51.24549145179263","VISTORIA",""
"PORTO ALEGRE","932278","17/08/2026 - 15:02","SANTA ROSA","RUA K","ATENDIMENTO PRÉ-HOSPITALAR","AR-1628","1º BBM / 1ª CIA / 2º PEL / TERESÓPOLIS","-29.987634790370397","-51.09995743717773","",""
"PORTO ALEGRE","932314","17/08/2026 - 16:23","ARQUIPÉLAGO","RUA DO PESCADOR","AVERIGUAÇÃO/CORTE DE ÁRVORE","ABT-0597","1º BBM / 2ª CIA / 1º PEL / FLORESTA","-29.997629642333138","-51.30674265804631","CORTE PARCIAL",""
"PORTO ALEGRE","932342","17/08/2026 - 17:24","CAMPO NOVO","ESTRADA JORGE PEREIRA NUNES","AVERIGUAÇÃO/MANEJO DE INSETOS","ABT-0594","1º BBM / 1ª CIA / 2º PEL / TERESÓPOLIS","-30.12801738722358","-51.19920730590821","VISTORIA",""
"PORTO ALEGRE","932349","17/08/2026 - 17:38","PROTÁSIO ALVES","DOUTOR EURICO DA COSTA GAMA","AVERIGUAÇÃO/CORTE DE ÁRVORE","ABT-1364","1º BBM / 2ª CIA / 3º PEL / PARTENON","-30.039396198995863","-51.17365121841431","EVENTO EXTREMO",""
"PORTO ALEGRE","932365","17/08/2026 - 18:11","TRISTEZA","DOUTOR PEREIRA NETO","ATENDIMENTO PRÉ-HOSPITALAR","AR-1628","1º BBM / 1ª CIA / 2º PEL / TERESÓPOLIS","-30.11234578695296","-51.25131939429356","",""
"PORTO ALEGRE","932404","17/08/2026 - 19:41","PRAIA DE BELAS","PADRE CACIQUE","AÇÕES PREVENTIVAS","ABT-1365","1º BBM / 1ª CIA / 1º PEL / AÇORIANOS","-30.06485992810633","-51.23536348342896","FESTAS E EVENTOS",""
"PORTO ALEGRE","932404","17/08/2026 - 19:41","PRAIA DE BELAS","PADRE CACIQUE","AÇÕES PREVENTIVAS","AR-1628","1º BBM / 1ª CIA / 2º PEL / TERESÓPOLIS","-30.065656047867","-51.23629953417925","FESTAS E EVENTOS",""
"PORTO ALEGRE","932404","17/08/2026 - 19:41","PRAIA DE BELAS","PADRE CACIQUE","AÇÕES PREVENTIVAS","ATP-1506","1º BBM / ESTADO MAIOR","-30.06485992810633","-51.23540639877319","FESTAS E EVENTOS",""
"PORTO ALEGRE","932442","17/08/2026 - 21:52","SARANDI","ENGENHEIRO FRANCISCO RODOLFO SIMCH","PRODUTOS PERIGOSOS","ABT-0600","1º BBM / 2ª CIA / 2º PEL / PASSO D`AREIA","-30.006827965855592","-51.13348250247428","EXPLOSIVO",""
"PORTO ALEGRE","932444","17/08/2026 - 22:38","NAVEGANTES","FREDERICO MENTZ","INCÊNDIO","ABT-0597","1º BBM / 2ª CIA / 1º PEL / FLORESTA","-29.994396089718393","-51.20165351721924","TRANSFORMADOR/REDE ELÉTRICA",""
"PORTO ALEGRE","932457","17/08/2026 - 23:39","NAVEGANTES","AVENIDA BRASIL","SALVAMENTO/BUSCA/RESGATE","ABT-0597","1º BBM / 2ª CIA / 1º PEL / FLORESTA","-30.005508662740564","-51.19995785113835","DE ANIMAL",""
"PORTO ALEGRE","932476","18/08/2026 - 02:19","SARANDI","21 DE ABRIL","INCÊNDIO","ABT-0600","1º BBM / 2ª CIA / 2º PEL / PASSO D`AREIA","-29.9788955565539","-51.13011372726642","EDIFICAÇÃO COMERCIAL",""
"PORTO ALEGRE","932484","18/08/2026 - 06:04","SANTANA","VICENTE DA FONTOURA","AVERIGUAÇÃO/CORTE DE ÁRVORE","ABT-1365","1º BBM / 1ª CIA / 1º PEL / AÇORIANOS","-30.056354167432374","-51.20912075042725","CORTE TOTAL",""
"PORTO ALEGRE","932504","18/08/2026 - 08:58","GLÓRIA","CORONEL APARÍCIO BORGES","AVERIGUAÇÃO/CORTE DE ÁRVORE","ABT-0594","1º BBM / 1ª CIA / 2º PEL / TERESÓPOLIS","-30.071192345136282","-51.18740558624268","CORTE TOTAL",""
"PORTO ALEGRE","932509","18/08/2026 - 09:11","VILA ASSUNÇÃO","PEREIRA PASSOS","AVERIGUAÇÃO/CORTE DE ÁRVORE","ABT-0596","1º BBM / 1ª CIA / 3º PEL / ASSUNÇÃO","-30.100147314294038","-51.26368759740708","CORTE PARCIAL",""
"PORTO ALEGRE","932565","18/08/2026 - 10:55","BOM JESUS","SÃO MARCOS","AVERIGUAÇÃO/CORTE DE ÁRVORE","ABT-1364","1º BBM / 2ª CIA / 3º PEL / PARTENON","-30.04385420682974","-51.16837264098735","CORTE PARCIAL",""
"PORTO ALEGRE","932567","18/08/2026 - 10:56","VILA NOVA","JOÃO PASSUELO","AVERIGUAÇÃO/MANEJO DE INSETOS","ABT-0594","1º BBM / 1ª CIA / 2º PEL / TERESÓPOLIS","-30.110719004376957","-51.201095581054695","VISTORIA",""
"PORTO ALEGRE","932571","18/08/2026 - 11:04","CENTRO","RUA DEMÉTRIO RIBEIRO","ATENDIMENTO PRÉ-HOSPITALAR","AR-1628","1º BBM / 1ª CIA / 2º PEL / TERESÓPOLIS","-30.03569604354742","-51.232754630913604","",""
"PORTO ALEGRE","932576","18/08/2026 - 11:14","PASSO DAS PEDRAS","DOUTOR GREGÓRIO BEHEREGARAY FILHO","SALVAMENTO/BUSCA/RESGATE","ABT-0600","1º BBM / 2ª CIA / 2º PEL / PASSO D`AREIA","-30.01306190924086","-51.12556447687796","DE ANIMAL",""
"PORTO ALEGRE","932607","18/08/2026 - 12:58","HIGIENÓPOLIS","PLÍNIO BRASIL MILANO","ATENDIMENTO PRÉ-HOSPITALAR","ATP-1243","1º BBM / 2ª CIA / 2º PEL / PASSO D`AREIA","-30.021822191856433","-51.19077445067973","",""
"PORTO ALEGRE","932619","18/08/2026 - 13:28","JARDIM ITU SABARÁ","GUADALAJARA","ATENDIMENTO PRÉ-HOSPITALAR","AR-1628","1º BBM / 1ª CIA / 2º PEL / TERESÓPOLIS","-30.029186218320287","-51.143538192130244","",""
"PORTO ALEGRE","932621","18/08/2026 - 13:32","PETRÓPOLIS","PALMEIRA","SALVAMENTO/BUSCA/RESGATE","ABT-0597","1º BBM / 2ª CIA / 1º PEL / FLORESTA","-30.037482884745604","-51.18079665725987","ELEVADORES",""
"PORTO ALEGRE","932698","18/08/2026 - 16:11","PASSO DAREIA","CIPÓ","INCÊNDIO","ABT-0600","1º BBM / 2ª CIA / 2º PEL / PASSO D`AREIA","-30.01769296321456","-51.1557931278007","EDIFICAÇÃO COMERCIAL",""
"PORTO ALEGRE","932711","18/08/2026 - 16:43","JARDIM CARVALHO","TV. PEREIRA","AVERIGUAÇÃO/MANEJO DE INSETOS","ABT-1364","1º BBM / 2ª CIA / 3º PEL / PARTENON","-30.061442853840695","-51.14408252640543","REMOÇÃO",""
"PORTO ALEGRE","932725","18/08/2026 - 17:20","ABERTA DOS MORROS","MANOEL MARQUES DE FRAGA","ATENDIMENTO PRÉ-HOSPITALAR","AR-1628","1º BBM / 1ª CIA / 2º PEL / TERESÓPOLIS","-30.15661579604573","-51.1903279819619","",""
"PORTO ALEGRE","932739","18/08/2026 - 18:07","VILA JARDIM","ALDROVANDO LEÃO","AÇÕES PREVENTIVAS","ABT-0600","1º BBM / 2ª CIA / 2º PEL / PASSO D`AREIA","-30.035309487227646","-51.152729981488584","APOIO À PESSOA OU INSTITUIÇÃO",""
"PORTO ALEGRE","932746","18/08/2026 - 18:22","NAVEGANTES","18 DE NOVEMBRO","INCÊNDIO","ABT-0597","1º BBM / 2ª CIA / 1º PEL / FLORESTA","-29.99859597094492","-51.19285590982666","EDIFICAÇÃO COMERCIAL",""
"PORTO ALEGRE","932761","18/08/2026 - 18:53","VILA NOVA","JOÃO PASSUELO","AVERIGUAÇÃO/MANEJO DE INSETOS","ABT-0594","1º BBM / 1ª CIA / 2º PEL / TERESÓPOLIS","-30.11081181494313","-51.20126724243165","EXTERMÍNIO",""
"PORTO ALEGRE","932772","18/08/2026 - 19:27","SANTANA","JOÃO PESSOA","AVERIGUAÇÃO/MANEJO DE INSETOS","ABT-1365","1º BBM / 1ª CIA / 1º PEL / AÇORIANOS","-30.051079485893407","-51.20845556259156","EXTERMÍNIO",""
"PORTO ALEGRE","932773","18/08/2026 - 19:28","CAVALHADA","JUCA BATISTA","ATENDIMENTO PRÉ-HOSPITALAR","AR-1628","1º BBM / 1ª CIA / 2º PEL / TERESÓPOLIS","-30.139664265125216","-51.22058264762455","",""
"PORTO ALEGRE","932790","18/08/2026 - 20:18","SARANDI","VIDAL BARBOSA","AVERIGUAÇÃO/MANEJO DE INSETOS","ABT-0600","1º BBM / 2ª CIA / 2º PEL / PASSO D`AREIA","-29.98059638967985","-51.131529874140156","EXTERMÍNIO | REMOÇÃO | VISTORIA",""
"PORTO ALEGRE","932821","18/08/2026 - 22:54","CAVALHADA","EDUARDO PRADO","ATENDIMENTO PRÉ-HOSPITALAR","AR-1628","1º BBM / 1ª CIA / 2º PEL / TERESÓPOLIS","-30.12494124192194","-51.22048985194965","",""
"PORTO ALEGRE","932830","19/08/2026 - 04:45","TERESÓPOLIS","SEPÉ TIARAJU","ATENDIMENTO PRÉ-HOSPITALAR","AR-1628","1º BBM / 1ª CIA / 2º PEL / TERESÓPOLIS","-30.075599267311283","-51.21529186338176","",""
"PORTO ALEGRE","932834","19/08/2026 - 05:35","SÃO JOSÉ","9 DE JUNHO","INCÊNDIO","ABT-1364","1º BBM / 2ª CIA / 3º PEL / PARTENON","-30.078304358334545","-51.15991817276187","EDIFICAÇÃO RESIDENCIAL UNIFAMILIAR",""
"PORTO ALEGRE","932837","19/08/2026 - 06:28","MEDIANEIRA","GENERAL GOMES CARNEIRO","INCÊNDIO","ABT-1365","1º BBM / 1ª CIA / 1º PEL / AÇORIANOS","-30.067441226195204","-51.21070861816407","CONTAINER",""
"PORTO ALEGRE","932850","19/08/2026 - 08:34","CRUZEIRO","AVENIDA NITEROI","SALVAMENTO/BUSCA/RESGATE","ABT-1365","1º BBM / 1ª CIA / 1º PEL / AÇORIANOS","-30.06885255495607","-51.20570898056031","SUICÍDIO/TENTATIVA",""
"PORTO ALEGRE","932871","19/08/2026 - 09:51","ABERTA DOS MORROS","RUA ATILIO BETTIO","SALVAMENTO/BUSCA/RESGATE","ABT-0599","1º BBM / 1ª CIA / 5º PEL / BELÉM NOVO","-30.16725231903302","-51.20039556518596","DE ANIMAL",""
"PORTO ALEGRE","932874","19/08/2026 - 09:56","ARQUIPÉLAGO","SANTA RITA DE CÁSSIA","AVERIGUAÇÃO/CORTE DE ÁRVORE","ABT-0597","1º BBM / 2ª CIA / 1º PEL / FLORESTA","-29.993126179136205","-51.224828523295706","CORTE TOTAL",""
"PORTO ALEGRE","932919","19/08/2026 - 12:39","BOM JESUS","CARUMBÉ","AVERIGUAÇÃO/MANEJO DE INSETOS","ABT-1364","1º BBM / 2ª CIA / 3º PEL / PARTENON","-30.044931602894632","-51.15226874894354","VISTORIA",""
"PORTO ALEGRE","932920","19/08/2026 - 12:42","TRISTEZA","ERNESTO PAIVA","SALVAMENTO/BUSCA/RESGATE","ABT-0596","1º BBM / 1ª CIA / 3º PEL / ASSUNÇÃO","-30.110199273724866","-51.25763654047905","DE ANIMAL",""
"PORTO ALEGRE","932938","19/08/2026 - 13:37","NONOAI","DOUTOR NEY CABRAL","AVERIGUAÇÃO/MANEJO DE INSETOS","ABT-0594","1º BBM / 1ª CIA / 2º PEL / TERESÓPOLIS","-30.08799635509225","-51.212897300720215","VISTORIA",""
"PORTO ALEGRE","932947","19/08/2026 - 13:56","CAMAQUÃ","CAMAQUÃ","ATENDIMENTO PRÉ-HOSPITALAR","AR-1628","1º BBM / 1ª CIA / 2º PEL / TERESÓPOLIS","-30.10487176294667","-51.23886108398438","",""
"PORTO ALEGRE","932954","19/08/2026 - 14:06","RUBEM BERTA","MARTINS FELIX BERTA","AÇÕES PREVENTIVAS","ABT-0600","1º BBM / 2ª CIA / 2º PEL / PASSO D`AREIA","-30.013869066645885","-51.09640316609271","APOIO À PESSOA OU INSTITUIÇÃO",""
"PORTO ALEGRE","932997","19/08/2026 - 16:00","NAVEGANTES","PRAÇA DOS NAVEGANTES","AÇÕES PREVENTIVAS","ABT-0597","1º BBM / 2ª CIA / 1º PEL / FLORESTA","-29.99827386245307","-51.20444279981651","APOIO À PESSOA OU INSTITUIÇÃO",""
"PORTO ALEGRE","933008","19/08/2026 - 16:36","VILA NOVA","AVENIDA BELEM VELHO","ATENDIMENTO PRÉ-HOSPITALAR","AR-1628","1º BBM / 1ª CIA / 2º PEL / TERESÓPOLIS","-30.11122018039857","-51.19950771331788","",""
"PORTO ALEGRE","933019","19/08/2026 - 17:16","BOA VISTA","CASEMIRO DE ABREU","SALVAMENTO/BUSCA/RESGATE","ABTS-866","BBS / 1ª CIA / 1º PEL / TERRESTRE","-30.032225775115585","-51.202318668365486","SUICÍDIO/TENTATIVA",""
"PORTO ALEGRE","933020","19/08/2026 - 17:20","BELEM NOVO","AV. JUCA BATISTA","INCÊNDIO","ABT-0599","1º BBM / 1ª CIA / 5º PEL / BELÉM NOVO","-30.19150540926482","-51.168950154456","EDIFICAÇÃO RESIDENCIAL UNIFAMILIAR",""
"PORTO ALEGRE","933043","19/08/2026 - 18:28","IPANEMA","ESTRADA CAMPO NOVO","ATENDIMENTO PRÉ-HOSPITALAR","AR-1628","1º BBM / 1ª CIA / 2º PEL / TERESÓPOLIS","-30.140655169417577","-51.21474266052247","",""
"PORTO ALEGRE","933057","19/08/2026 - 19:06","JARDIM CARVALHO","R. ATTÍLIO BILIBIO","INCÊNDIO","ABT-1364","1º BBM / 2ª CIA / 3º PEL / PARTENON","-30.059307227228057","-51.148808402709854","EDIFICAÇÃO RESIDENCIAL UNIFAMILIAR",""
"PORTO ALEGRE","933076","19/08/2026 - 20:10","MONT SERRAT","MARILAND","OCORRÊNCIA NÃO ATENDIDA","ABT-0597","1º BBM / 2ª CIA / 1º PEL / FLORESTA","-30.026986964453585","-51.193742254910745","",""
"PORTO ALEGRE","933080","19/08/2026 - 20:24","VILA IPIRANGA","NICOLAU COELHO","ATENDIMENTO PRÉ-HOSPITALAR","AR-1628","1º BBM / 1ª CIA / 2º PEL / TERESÓPOLIS","-30.025296367171823","-51.14631414413453","",""
"PORTO ALEGRE","933081","19/08/2026 - 20:37","PASSO DAREIA","ANTÔNIO JOAQUIM MESQUITA","PRODUTOS PERIGOSOS","ABT-0600","1º BBM / 2ª CIA / 2º PEL / PASSO D`AREIA","-30.010944414867758","-51.16048671461249","EXPLOSIVO",""
"PORTO ALEGRE","933087","19/08/2026 - 21:00","BOM JESUS","CARUMBÉ","AVERIGUAÇÃO/MANEJO DE INSETOS","ABT-1364","1º BBM / 2ª CIA / 3º PEL / PARTENON","-30.0446158220937","-51.151700013226865","EXTERMÍNIO",""
"PORTO ALEGRE","933096","19/08/2026 - 22:00","GLÓRIA","CORONEL APARÍCIO BORGES","ATENDIMENTO PRÉ-HOSPITALAR","AR-1628","1º BBM / 1ª CIA / 2º PEL / TERESÓPOLIS","-30.073327819630734","-51.19976520538331","",""
"PORTO ALEGRE","933108","19/08/2026 - 23:16","FLORESTA","CRISTÓVÃO COLOMBO","AÇÕES PREVENTIVAS","ABT-0597","1º BBM / 2ª CIA / 1º PEL / FLORESTA","-30.025259210863837","-51.212317587395475","APOIO À PESSOA OU INSTITUIÇÃO",""
"PORTO ALEGRE","933113","19/08/2026 - 23:52","PRAIA DE BELAS","AV. AURELIANO DE FIGUEIREDO PINTO","INCÊNDIO","ABT-1365","1º BBM / 1ª CIA / 1º PEL / AÇORIANOS","-30.0428140149742","-51.230342388153076","CONTAINER",""
"PORTO ALEGRE","933127","20/08/2026 - 03:27","JARDIM BOTÂNICO","DOUTOR SALVADOR FRANÇA","INCÊNDIO","ABT-1364","1º BBM / 2ª CIA / 3º PEL / PARTENON","-30.048093788385493","-51.1791552187184","MEIO DE TRANSPORTE",""
"PORTO ALEGRE","933180","20/08/2026 - 10:10","AUXILIADORA","MARILAND","AVERIGUAÇÃO/MANEJO DE INSETOS","ABT-0597","1º BBM / 2ª CIA / 1º PEL / FLORESTA","-30.01876902876437","-51.194193024915656","VISTORIA",""
"PORTO ALEGRE","933195","20/08/2026 - 10:44","SÃO JOSÉ","9 DE JUNHO","AVERIGUAÇÃO/CORTE DE ÁRVORE","ABT-1364","1º BBM / 2ª CIA / 3º PEL / PARTENON","-30.0746833750746","-51.16069076793043","EVENTO EXTREMO",""
"PORTO ALEGRE","933206","20/08/2026 - 11:33","AZENHA","FLORIANÓPOLIS","ATENDIMENTO PRÉ-HOSPITALAR","AR-1628","1º BBM / 1ª CIA / 2º PEL / TERESÓPOLIS","-30.054671716210088","-51.213446950562144","",""
"PORTO ALEGRE","933212","20/08/2026 - 12:06","CENTRO","GENERAL CÂMARA","INCÊNDIO","ABT-1365","1º BBM / 1ª CIA / 1º PEL / AÇORIANOS","-30.028045895318378","-51.23054623603821","CONTAINER",""
"PORTO ALEGRE","933239","20/08/2026 - 14:06","PASSO DAREIA","DOM PEDRITO","ATENDIMENTO PRÉ-HOSPITALAR","AR-1628","1º BBM / 1ª CIA / 2º PEL / TERESÓPOLIS","-30.014866232121953","-51.17660164833069","",""
"PORTO ALEGRE","933260","20/08/2026 - 15:12","BELÉM NOVO","AV. BEIRA RIO","AVERIGUAÇÃO/CORTE DE ÁRVORE","ABT-0599","1º BBM / 1ª CIA / 5º PEL / BELÉM NOVO","-30.210829408933318","-51.1985010364925","VISTORIA",""
"PORTO ALEGRE","933263","20/08/2026 - 15:16","CHAPÉU DO SOL","PEDRO DE OLIVEIRA FRANÇA","AVERIGUAÇÃO/MANEJO DE INSETOS","ABT-0598","1º BBM / 1ª CIA / 4º PEL / RESTINGA","-30.180265331151055","-51.16983175277711","VISTORIA",""
"PORTO ALEGRE","933264","20/08/2026 - 15:19","PRAIA DE BELAS","BORGES DE MEDEIROS","INCÊNDIO","ABT-1365","1º BBM / 1ª CIA / 1º PEL / AÇORIANOS","-30.042293917335808","-51.22888326644898","CASA DE MAQUINAS",""
"PORTO ALEGRE","933286","20/08/2026 - 16:10","MENINO DEUS","GETÚLIO VARGAS","ATENDIMENTO PRÉ-HOSPITALAR","AR-1628","1º BBM / 1ª CIA / 2º PEL / TERESÓPOLIS","-30.056587055509027","-51.22274308935111","",""
"PORTO ALEGRE","933296","20/08/2026 - 16:27","PARTENON","PEDRO VELHO","AVERIGUAÇÃO/MANEJO DE INSETOS","ABT-1365","1º BBM / 1ª CIA / 1º PEL / AÇORIANOS","-30.06300283748451","-51.19064569473267","VISTORIA",""
"PORTO ALEGRE","933326","20/08/2026 - 18:29","SÃO JOÃO","CEARA","ATENDIMENTO PRÉ-HOSPITALAR","AR-1628","1º BBM / 1ª CIA / 2º PEL / TERESÓPOLIS","-29.99928121150751","-51.19088848274671","",""
"PORTO ALEGRE","933334","20/08/2026 - 18:59","BELÉM VELHO","SANTUÁRIO","INCÊNDIO","ABT-0594","1º BBM / 1ª CIA / 2º PEL / TERESÓPOLIS","-30.10154889062537","-51.18901491165161","MEIO DE TRANSPORTE",""
"PORTO ALEGRE","933341","20/08/2026 - 19:22","PASSO DAREIA","ASSIS BRASIL","SALVAMENTO/BUSCA/RESGATE","ABT-0600","1º BBM / 2ª CIA / 2º PEL / PASSO D`AREIA","-30.01149184045208","-51.169445514678955","DESENCARCERAMENTO",""
"PORTO ALEGRE","933347","20/08/2026 - 20:15","CRISTO REDENTOR","ASSIS BRASIL","ATENDIMENTO PRÉ-HOSPITALAR","AR-1628","1º BBM / 1ª CIA / 2º PEL / TERESÓPOLIS","-30.011704063928523","-51.169845141688626","",""
"PORTO ALEGRE","933366","20/08/2026 - 22:08","CENTRO","DA CONCEIÇÃO","ATENDIMENTO PRÉ-HOSPITALAR","AR-1628","1º BBM / 1ª CIA / 2º PEL / TERESÓPOLIS","-30.027707551359264","-51.21918870716703","",""
"PORTO ALEGRE","933378","21/08/2026 - 00:28","BELEM NOVO","AV JUCA BATISTA","AVERIGUAÇÃO/CORTE DE ÁRVORE","ABT-0599","1º BBM / 1ª CIA / 5º PEL / BELÉM NOVO","-30.20589677152978","-51.179037121900535","CORTE PARCIAL",""
"PORTO ALEGRE","933380","21/08/2026 - 00:29","BELEM NOVO","AV JUCA BATISTA","AVERIGUAÇÃO/CORTE DE ÁRVORE","ABT-0599","1º BBM / 1ª CIA / 5º PEL / BELÉM NOVO","-30.205562975105217","-51.17892981369399","CORTE TOTAL",""
"PORTO ALEGRE","933387","21/08/2026 - 02:51","RUBEM BERTA","EDU LASCASAS","INCÊNDIO","ABT-0600","1º BBM / 2ª CIA / 2º PEL / PASSO D`AREIA","-30.0135604","-51.0963906","EDIFICAÇÃO RESIDENCIAL UNIFAMILIAR",""
"PORTO ALEGRE","933388","21/08/2026 - 02:51","RIO BRANCO","DOMINGOS JOSÉ DE ALMEIDA","INCÊNDIO","ABT-0597","1º BBM / 2ª CIA / 1º PEL / FLORESTA","-30.039267699832603","-51.19955146114386","LIXO",""
"PORTO ALEGRE","933391","21/08/2026 - 06:00","PARTENON","CERES","INCÊNDIO","ABT-1364","1º BBM / 2ª CIA / 3º PEL / PARTENON","-30.05739421828068","-51.163823746689516","LIXO",""
"PORTO ALEGRE","933425","21/08/2026 - 09:38","PRAIA DE BELAS","AV. AURELIANO DE FIGUEIREDO PINTO","AÇÕES PREVENTIVAS","ABT-1365","1º BBM / 1ª CIA / 1º PEL / AÇORIANOS","-30.043863489395115","-51.22799277305604","APOIO À PESSOA OU INSTITUIÇÃO",""
"PORTO ALEGRE","933429","21/08/2026 - 09:42","CENTRO HISTÓRICO","RUA DOS ANDRADAS","AÇÕES PREVENTIVAS","AT-1590","1º BBM / 1ª CIA / 1º PEL / AÇORIANOS","-30.03150127524609","-51.23461246490479","APOIO À PESSOA OU INSTITUIÇÃO",""
"PORTO ALEGRE","933429","21/08/2026 - 09:42","CENTRO HISTÓRICO","RUA DOS ANDRADAS","AVERIGUAÇÃO/CORTE DE ÁRVORE","AEM-0482","1º BBM / 1ª CIA / 1º PEL / AÇORIANOS","-30.03231865933122","-51.23723030090333","CORTE TOTAL",""
"PORTO ALEGRE","933429","21/08/2026 - 09:42","CENTRO HISTÓRICO","RUA DOS ANDRADAS","AVERIGUAÇÃO/CORTE DE ÁRVORE","ABTS-866","BBS / 1ª CIA / 1º PEL / TERRESTRE","-30.03163131407418","-51.23433351516724","CORTE TOTAL",""
"PORTO ALEGRE","933435","21/08/2026 - 09:51","SÃO GERALDO","AV POLÔNIA","ATENDIMENTO PRÉ-HOSPITALAR","AR-1628","1º BBM / 1ª CIA / 2º PEL / TERESÓPOLIS","-30.00778462271104","-51.20623307898051","",""
"PORTO ALEGRE","933463","21/08/2026 - 11:01","AZENHA","AVENIDA AZENHA","ATENDIMENTO PRÉ-HOSPITALAR","AR-1628","1º BBM / 1ª CIA / 2º PEL / TERESÓPOLIS","-30.053343155830554","-51.21411501083836","",""
"PORTO ALEGRE","933472","21/08/2026 - 11:21","PETRÓPOLIS","BARÃO DO AMAZONAS","SALVAMENTO/BUSCA/RESGATE","ABT-1365","1º BBM / 1ª CIA / 1º PEL / AÇORIANOS","-30.048274875321276","-51.186107397079475","DE ANIMAL",""
"PORTO ALEGRE","933476","21/08/2026 - 11:37","FARRAPOS","VOLUNTARIOS DA PATRIA","SALVAMENTO/BUSCA/RESGATE","ABT-0597","1º BBM / 2ª CIA / 1º PEL / FLORESTA","-29.978524137678207","-51.19970083236695","DE ANIMAL",""
"PORTO ALEGRE","933491","21/08/2026 - 13:22","TRISTEZA","PROFESSOR PADRE WERNER","AÇÕES PREVENTIVAS","ABT-0596","1º BBM / 1ª CIA / 3º PEL / ASSUNÇÃO","-30.119053326206345","-51.248859156250056","PROGRAMA BOMBEIRO NA ESCOLA",""
"PORTO ALEGRE","933566","21/08/2026 - 16:31","SÃO JOSÉ","9 DE JUNHO","AVERIGUAÇÃO/CORTE DE ÁRVORE","ABT-1364","1º BBM / 2ª CIA / 3º PEL / PARTENON","-30.07381061617227","-51.160926779155396","VISTORIA",""
"PORTO ALEGRE","933574","21/08/2026 - 16:57","CAVALHADA","VICENTE MONTEGGIA","ATENDIMENTO PRÉ-HOSPITALAR","AR-1628","1º BBM / 1ª CIA / 2º PEL / TERESÓPOLIS","-30.108724100066244","-51.22028047260693","",""
"PORTO ALEGRE","933611","21/08/2026 - 18:56","MEDIANEIRA","PORTO ALEGRE","SALVAMENTO/BUSCA/RESGATE","ABT-1365","1º BBM / 1ª CIA / 1º PEL / AÇORIANOS","-30.059957133441095","-51.211159229278564","ELEVADORES",""
"PORTO ALEGRE","933618","21/08/2026 - 19:17","CAVALHADA","ÂNGELO BARBOZA","AVERIGUAÇÃO/MANEJO DE INSETOS","ABT-0594","1º BBM / 1ª CIA / 2º PEL / TERESÓPOLIS","-30.10487176294667","-51.22763872146607","EXTERMÍNIO",""
"PORTO ALEGRE","933623","21/08/2026 - 19:36","CAMAQUÃ","CHICO PEDRO","ATENDIMENTO PRÉ-HOSPITALAR","AR-1628","1º BBM / 1ª CIA / 2º PEL / TERESÓPOLIS","-30.099237034452326","-51.24392687570393","",""
"PORTO ALEGRE","933625","21/08/2026 - 19:45","SANTA TEREZA","DONA OTÍLIA","PRODUTOS PERIGOSOS","ABT-0596","1º BBM / 1ª CIA / 3º PEL / ASSUNÇÃO","-30.079084088312673","-51.22903346684904","EXPLOSIVO",""
"PORTO ALEGRE","933647","21/08/2026 - 22:11","BELÉM NOVO","IDALINO PEREIRA DA SILVA","INCÊNDIO","ABT-0599","1º BBM / 1ª CIA / 5º PEL / BELÉM NOVO","-30.214371112607537","-51.17538923428736","VEGETAÇÃO",""
"PORTO ALEGRE","933670","21/08/2026 - 23:51","SÃO SEBASTIÃO","ASSIS BRASIL","INCÊNDIO","ABT-0600","1º BBM / 2ª CIA / 2º PEL / PASSO D`AREIA","-30.005248466884378","-51.13828843608197","EDIFICAÇÃO MULTIFAMILIAR",""
"PORTO ALEGRE","933686","22/08/2026 - 03:06","CASCATA","DOS CANUDOS","AÇÕES PREVENTIVAS","ABT-1364","1º BBM / 2ª CIA / 3º PEL / PARTENON","-30.093807480971787","-51.17384418213847","APOIO À PESSOA OU INSTITUIÇÃO",""
"PORTO ALEGRE","933715","22/08/2026 - 09:07","SÃO JOSÉ","CLEMENTE PEREIRA","AVERIGUAÇÃO/CORTE DE ÁRVORE","ABT-1364","1º BBM / 2ª CIA / 3º PEL / PARTENON","-30.070765240534392","-51.16545440749352","VISTORIA",""
"PORTO ALEGRE","933716","22/08/2026 - 09:22","TERESÓPOLIS","AV. TERESÓPOLIS","AVERIGUAÇÃO/CORTE DE ÁRVORE","ABT-0594","1º BBM / 1ª CIA / 2º PEL / TERESÓPOLIS","-30.077561493666586","-51.207554340362556","CORTE PARCIAL",""
"PORTO ALEGRE","933718","22/08/2026 - 09:33","CAVALHADA","PÉ DE DEUS","AVERIGUAÇÃO/CORTE DE ÁRVORE","ABT-0596","1º BBM / 1ª CIA / 3º PEL / ASSUNÇÃO","-30.117586752858916","-51.2255144086215","CORTE TOTAL",""
"PORTO ALEGRE","933727","22/08/2026 - 10:10","COSTA E SILVA","JORGE ALBERTO CAMPEZATO","AVERIGUAÇÃO/CORTE DE ÁRVORE","ABT-0600","1º BBM / 2ª CIA / 2º PEL / PASSO D`AREIA","-30.011526679327645","-51.11694661990758","VISTORIA",""
"PORTO ALEGRE","933728","22/08/2026 - 10:12","BOM JESUS","RUA T","ATENDIMENTO PRÉ-HOSPITALAR","AR-1628","1º BBM / 1ª CIA / 2º PEL / TERESÓPOLIS","-30.041142262848457","-51.16442441940308","",""
"PORTO ALEGRE","933732","22/08/2026 - 10:19","PARTENON","HONÓRIO LEMOS","AÇÕES PREVENTIVAS","ABT-1364","1º BBM / 2ª CIA / 3º PEL / PARTENON","-30.05720849260748","-51.192040463249135","VISTORIA DE HIDRANTES",""
"PORTO ALEGRE","933752","22/08/2026 - 11:07","BOM JESUS","SÃO DOMINGOS","AVERIGUAÇÃO/MANEJO DE INSETOS","ABT-1364","1º BBM / 2ª CIA / 3º PEL / PARTENON","-30.045135846127494","-51.15120651320641","EXTERMÍNIO",""
"PORTO ALEGRE","933753","22/08/2026 - 11:10","ESPÍRITO SANTO","DOS TAPUIAS","INCÊNDIO","ABT-0596","1º BBM / 1ª CIA / 3º PEL / ASSUNÇÃO","-30.15172349724522","-51.22379780311392","EDIFICAÇÃO RESIDENCIAL UNIFAMILIAR",""
"PORTO ALEGRE","933760","22/08/2026 - 11:33","VILA NOVA","MONTE CRISTO","ATENDIMENTO PRÉ-HOSPITALAR","AR-1628","1º BBM / 1ª CIA / 2º PEL / TERESÓPOLIS","-30.122574848277264","-51.220343112945564","",""
"PORTO ALEGRE","933763","22/08/2026 - 11:41","ASSUNÇÃO","AVENIDA GUAÍBA","SALVAMENTO/BUSCA/RESGATE","ABT-0596","1º BBM / 1ª CIA / 3º PEL / ASSUNÇÃO","-30.10088067964668","-51.26534014220051","DE ANIMAL",""
"PORTO ALEGRE","933769","22/08/2026 - 11:55","SÃO GERALDO","BUARQUE DE MACEDO","AÇÕES PREVENTIVAS","ABT-0597","1º BBM / 2ª CIA / 1º PEL / FLORESTA","-30.0140187884821","-51.195213004733624","VISTORIA DE HIDRANTES",""
"PORTO ALEGRE","933772","22/08/2026 - 11:56","SÃO JOÃO","ASSIS BRASIL","AÇÕES PREVENTIVAS","ABT-0597","1º BBM / 2ª CIA / 1º PEL / FLORESTA","-30.008717078267185","-51.18043382832555","VISTORIA DE HIDRANTES",""
"PORTO ALEGRE","933784","22/08/2026 - 13:12","SARANDI","ENGENHEIRO FREDERICO DAHNE","INCÊNDIO","ABT-0600","1º BBM / 2ª CIA / 2º PEL / PASSO D`AREIA","-30.009485100568785","-51.136357772928605","EDIFICAÇÃO MULTIFAMILIAR",""
"PORTO ALEGRE","933801","22/08/2026 - 14:03","IPANEMA","RUA GÁVEA","AÇÕES PREVENTIVAS","ABT-0596","1º BBM / 1ª CIA / 3º PEL / ASSUNÇÃO","-30.133547774708276","-51.2277567237912","VISTORIA DE HIDRANTES",""
"PORTO ALEGRE","933802","22/08/2026 - 14:08","BELÉM NOVO","AV DES MELO GUIMARÃES","AÇÕES PREVENTIVAS","ABT-0599","1º BBM / 1ª CIA / 5º PEL / BELÉM NOVO","-30.21058834593438","-51.18947615435711","VISTORIA DE HIDRANTES",""
"PORTO ALEGRE","933803","22/08/2026 - 14:11","BELÉM NOVO","DOUTOR CECÍLIO MONZA","AÇÕES PREVENTIVAS","ABT-0599","1º BBM / 1ª CIA / 5º PEL / BELÉM NOVO","-30.21055125926675","-51.18169803994913","VISTORIA DE HIDRANTES",""
"PORTO ALEGRE","933820","22/08/2026 - 14:53","CENTRO","JÚLIO DE CASTILHOS","ATENDIMENTO PRÉ-HOSPITALAR","AR-1628","1º BBM / 1ª CIA / 2º PEL / TERESÓPOLIS","-30.024262952163276","-51.2217190861702","",""
"PORTO ALEGRE","933827","22/08/2026 - 15:35","ABERTA DOS MORROS","OMAR PEREIRA","INCÊNDIO","ABT-0598","1º BBM / 1ª CIA / 4º PEL / RESTINGA","-30.160119012500402","-51.19736194610596","EDIFICAÇÃO RESIDENCIAL UNIFAMILIAR",""
"PORTO ALEGRE","933845","22/08/2026 - 16:48","PRAIA DE BELAS","BORGES DE MEDEIROS","SALVAMENTO/BUSCA/RESGATE","ABTS-866","BBS / 1ª CIA / 1º PEL / TERRESTRE","-30.045135846127494","-51.229076385498054","SUICÍDIO/TENTATIVA",""
"PORTO ALEGRE","933845","22/08/2026 - 16:48","PRAIA DE BELAS","BORGES DE MEDEIROS","OCORRÊNCIA NÃO ATENDIDA","ABT-1365","1º BBM / 1ª CIA / 1º PEL / AÇORIANOS","-30.05414403577535","-51.22999906539917","",""
"PORTO ALEGRE","933855","22/08/2026 - 17:19","TERESÓPOLIS","AV. TERESÓPOLIS","AVERIGUAÇÃO/CORTE DE ÁRVORE","ABT-0594","1º BBM / 1ª CIA / 2º PEL / TERESÓPOLIS","-30.08287189879071","-51.21326208114624","CORTE TOTAL",""
"PORTO ALEGRE","933859","22/08/2026 - 17:25","JARDIM DO SALSO","ABILIO AZAMBUJA","ATENDIMENTO PRÉ-HOSPITALAR","AR-1628","1º BBM / 1ª CIA / 2º PEL / TERESÓPOLIS","-30.048336111390707","-51.167755197306306","",""
"PORTO ALEGRE","933862","22/08/2026 - 17:38","IPANEMA","DEA COUFAL","AÇÕES PREVENTIVAS","ABT-0596","1º BBM / 1ª CIA / 3º PEL / ASSUNÇÃO","-30.12848135314459","-51.22705935109971","VISTORIA DE HIDRANTES",""
"PORTO ALEGRE","933869","22/08/2026 - 17:59","JARDIM BOTÂNICO","DOUTOR SALVADOR FRANÇA","OCORRÊNCIA NÃO ATENDIDA","ABT-1364","1º BBM / 2ª CIA / 3º PEL / PARTENON","-30.057301353400973","-51.183586104081556","",""
"PORTO ALEGRE","933878","22/08/2026 - 18:21","CIDADE BAIXA","JOÃO ALFREDO","INCÊNDIO","ABT-1365","1º BBM / 1ª CIA / 1º PEL / AÇORIANOS","-30.043320178804116","-51.223384737968445","EDIFICAÇÃO MULTIFAMILIAR",""
"PORTO ALEGRE","933878","22/08/2026 - 18:21","CIDADE BAIXA","JOÃO ALFREDO","OCORRÊNCIA NÃO ATENDIDA","ABT-0597","1º BBM / 2ª CIA / 1º PEL / FLORESTA","-30.038838913712816","-51.22754847984446","",""
"PORTO ALEGRE","933879","22/08/2026 - 18:28","JARDIM CARVALHO","AVENIDA IPIRANGA","AÇÕES PREVENTIVAS","ABT-1364","1º BBM / 2ª CIA / 3º PEL / PARTENON","-30.064247092649037","-51.15071296030937","VISTORIA DE HIDRANTES",""
"PORTO ALEGRE","933882","22/08/2026 - 18:43","PRAIA DE BELAS","PADRE CACIQUE","AÇÕES PREVENTIVAS","AR-1628","1º BBM / 1ª CIA / 2º PEL / TERESÓPOLIS","-30.065606756633812","-51.23566650710931","FESTAS E EVENTOS",""
"PORTO ALEGRE","933897","22/08/2026 - 19:20","CASCATA","PADRE TESCHAUER","ATENDIMENTO PRÉ-HOSPITALAR","AR-1628","1º BBM / 1ª CIA / 2º PEL / TERESÓPOLIS","-30.080085806844046","-51.197704140246024","",""
"PORTO ALEGRE","933900","22/08/2026 - 19:28","PRAIA DE BELAS","PADRE CACIQUE","ATENDIMENTO PRÉ-HOSPITALAR","AR-1628","1º BBM / 1ª CIA / 2º PEL / TERESÓPOLIS","-30.065194200718004","-51.23594284057617","",""
"PORTO ALEGRE","933900","22/08/2026 - 19:28","PRAIA DE BELAS","PADRE CACIQUE","AÇÕES PREVENTIVAS","ABT-1365","1º BBM / 1ª CIA / 1º PEL / AÇORIANOS","-30.06539847786942","-51.23444080352784","FESTAS E EVENTOS",""
"PORTO ALEGRE","933903","22/08/2026 - 19:45","CIDADE BAIXA","LUIZ AFONSO","INCÊNDIO","ABT-0597","1º BBM / 2ª CIA / 1º PEL / FLORESTA","-30.039092780087216","-51.22132575626697","CONTAINER",""
"PORTO ALEGRE","933920","22/08/2026 - 21:37","MONT SERRAT","RUA TITO LIVIO ZAMBECARI","INCÊNDIO","ABT-0597","1º BBM / 2ª CIA / 1º PEL / FLORESTA","-30.027887985293024","-51.1881087379864","EDIFICAÇÃO MULTIFAMILIAR",""
"PORTO ALEGRE","933923","22/08/2026 - 22:04","CIDADE BAIXA","JOÃO ALFREDO","INCÊNDIO","AT-1590","1º BBM / 1ª CIA / 1º PEL / AÇORIANOS","-30.043259810776757","-51.2234115600586","EDIFICAÇÃO MULTIFAMILIAR",""
"PORTO ALEGRE","933930","22/08/2026 - 22:52","CIDADE BAIXA","JOSE DO PATROCINIO","INCÊNDIO","ABT-1365","1º BBM / 1ª CIA / 1º PEL / AÇORIANOS","-30.040250650180322","-51.22321844100953","CONTAINER",""
"PORTO ALEGRE","933936","23/08/2026 - 00:39","PARTENON","MÁRIO DE ARTAGÃO","ATENDIMENTO PRÉ-HOSPITALAR","AR-1628","1º BBM / 1ª CIA / 2º PEL / TERESÓPOLIS","-30.068239743624254","-51.19028091430665","",""
"PORTO ALEGRE","933948","23/08/2026 - 03:11","RIO BRANCO","RAMIRO BARCELOS","AVERIGUAÇÃO/CORTE DE ÁRVORE","ABT-0597","1º BBM / 2ª CIA / 1º PEL / FLORESTA","-30.03085727091608","-51.20844837326527","CORTE PARCIAL",""
"PORTO ALEGRE","933949","23/08/2026 - 03:33","VILA NOVA","AVENIDA JOÃO SALOMONI","ATENDIMENTO PRÉ-HOSPITALAR","AR-1628","1º BBM / 1ª CIA / 2º PEL / TERESÓPOLIS","-30.114615505442544","-51.21459640629054","",""
"PORTO ALEGRE","933970","23/08/2026 - 08:13","VILA CONCEIÇÃO","WENCESLAU ESCOBAR","AÇÕES PREVENTIVAS","ABT-0596","1º BBM / 1ª CIA / 3º PEL / ASSUNÇÃO","-30.109623477377756","-51.25622080670351","PALESTRAS/TREINAMENTOS EXTERNOS",""
"PORTO ALEGRE","933974","23/08/2026 - 08:18","CENTRO","JÚLIO DE CASTILHOS","AÇÕES PREVENTIVAS","ABT-0597","1º BBM / 2ª CIA / 1º PEL / FLORESTA","-30.025352101607712","-51.220470402406775","APOIO À PESSOA OU INSTITUIÇÃO",""
"PORTO ALEGRE","933974","23/08/2026 - 08:18","CENTRO","JÚLIO DE CASTILHOS","AÇÕES PREVENTIVAS","ABTS-866","BBS / 1ª CIA / 1º PEL / TERRESTRE","-30.024163093513067","-51.221051216125495","FESTAS E EVENTOS | TERRESTRE",""
"PORTO ALEGRE","933975","23/08/2026 - 08:23","CRISTO REDENTOR","ASSIS BRASIL","AÇÕES PREVENTIVAS","ABT-0600","1º BBM / 2ª CIA / 2º PEL / PASSO D`AREIA","-30.010321247120345","-51.15805219969922","FESTAS E EVENTOS",""
"PORTO ALEGRE","933978","23/08/2026 - 08:29","CRISTAL","COMANDAI","AÇÕES PREVENTIVAS","ABT-0594","1º BBM / 1ª CIA / 2º PEL / TERESÓPOLIS","-30.08682666562826","-51.234269142150886","FESTAS E EVENTOS",""
"PORTO ALEGRE","934001","23/08/2026 - 10:22","FLORESTA","FARRAPOS","SALVAMENTO/BUSCA/RESGATE","ABT-0597","1º BBM / 2ª CIA / 1º PEL / FLORESTA","-30.01949981476644","-51.21015067099268","DE ANIMAL",""
"PORTO ALEGRE","934006","23/08/2026 - 10:46","COSTA E SILVA","JORGE ALBERTO CAMPEZATO","AVERIGUAÇÃO/CORTE DE ÁRVORE","ABT-0600","1º BBM / 2ª CIA / 2º PEL / PASSO D`AREIA","-30.01152435673633","-51.11664883586693","VISTORIA",""
"PORTO ALEGRE","934011","23/08/2026 - 10:55","JARDIM BOTÂNICO","IPIRANGA","SALVAMENTO/BUSCA/RESGATE","ABT-1365","1º BBM / 1ª CIA / 1º PEL / AÇORIANOS","-30.055314111621154","-51.18823170661927","DE ANIMAL",""
"PORTO ALEGRE","934017","23/08/2026 - 11:11","CAVALHADA","DONA ZULMIRA","AÇÕES PREVENTIVAS","ABT-0594","1º BBM / 1ª CIA / 2º PEL / TERESÓPOLIS","-30.09404881287049","-51.23218774795533","VISTORIA DE HIDRANTES",""
"PORTO ALEGRE","934018","23/08/2026 - 11:12","NONOAI","SANTA FLORA","AÇÕES PREVENTIVAS","ABT-0594","1º BBM / 1ª CIA / 2º PEL / TERESÓPOLIS","-30.09339902687442","-51.23010635375977","VISTORIA DE HIDRANTES",""
"PORTO ALEGRE","934026","23/08/2026 - 11:52","CIDADE BAIXA","SARMENTO LEITE","AÇÕES PREVENTIVAS","ABT-1365","1º BBM / 1ª CIA / 1º PEL / AÇORIANOS","-30.038244492340393","-51.2243664264679","VISTORIA DE HIDRANTES",""
"PORTO ALEGRE","934028","23/08/2026 - 11:53","CENTRO","GENERAL LIMA E SILVA","AÇÕES PREVENTIVAS","ABT-1365","1º BBM / 1ª CIA / 1º PEL / AÇORIANOS","-30.035811042667792","-51.22477412223816","VISTORIA DE HIDRANTES",""
"PORTO ALEGRE","934051","23/08/2026 - 13:33","ASSUNÇÃO","GUAIBA","AÇÕES PREVENTIVAS","ABT-0596","1º BBM / 1ª CIA / 3º PEL / ASSUNÇÃO","-30.095830988403012","-51.25156219502784","VISTORIA DE HIDRANTES",""
"PORTO ALEGRE","934053","23/08/2026 - 13:34","CRISTAL","CAPIVARI","AÇÕES PREVENTIVAS","ABT-0596","1º BBM / 1ª CIA / 3º PEL / ASSUNÇÃO","-30.081516410247357","-51.24160820469564","VISTORIA DE HIDRANTES",""
"PORTO ALEGRE","934059","23/08/2026 - 14:13","PRAIA DE BELAS","EDVALDO PEREIRA PAIVA","ATENDIMENTO PRÉ-HOSPITALAR","AR-1628","1º BBM / 1ª CIA / 2º PEL / TERESÓPOLIS","-30.044531803409047","-51.23226001745097","",""
"PORTO ALEGRE","934075","23/08/2026 - 15:19","MENINO DEUS","GRÃO PARÁ","ATENDIMENTO PRÉ-HOSPITALAR","AR-1628","1º BBM / 1ª CIA / 2º PEL / TERESÓPOLIS","-30.06069297119891","-51.22853831208071","",""
"PORTO ALEGRE","934099","23/08/2026 - 16:42","IPANEMA","GUAIBA","ATENDIMENTO PRÉ-HOSPITALAR","AR-1628","1º BBM / 1ª CIA / 2º PEL / TERESÓPOLIS","-30.13499348879322","-51.233471584247624","",""
"PORTO ALEGRE","934101","23/08/2026 - 16:43","SÃO GERALDO","SÃO PEDRO","INCÊNDIO","ABT-0597","1º BBM / 2ª CIA / 1º PEL / FLORESTA","-30.008779015770003","-51.20718993783797","EDIFICAÇÃO COMERCIAL",""
"PORTO ALEGRE","934109","23/08/2026 - 17:06","MARCÍLIO DIAS","DOUTOR BARROS CASSAL","INCÊNDIO","ABT-0597","1º BBM / 2ª CIA / 1º PEL / FLORESTA","-30.025370679746036","-51.2169096285803","CONTAINER",""
"PORTO ALEGRE","934114","23/08/2026 - 17:19","AGRONOMIA","RUA SOLDADO JOSÉ DA SILVA","AÇÕES PREVENTIVAS","ABT-1364","1º BBM / 2ª CIA / 3º PEL / PARTENON","-30.069056822172325","-51.14824529827261","APOIO À PESSOA OU INSTITUIÇÃO",""
"PORTO ALEGRE","934123","23/08/2026 - 17:53","FLORESTA","DOUTOR BARROS CASSAL","AÇÕES PREVENTIVAS","ABT-0597","1º BBM / 2ª CIA / 1º PEL / FLORESTA","-30.025147741856287","-51.218626532196545","VISTORIA DE HIDRANTES",""
"PORTO ALEGRE","934124","23/08/2026 - 17:54","FLORESTA","TRAVESSA AZEVEDO","AÇÕES PREVENTIVAS","ABT-0597","1º BBM / 2ª CIA / 1º PEL / FLORESTA","-30.020558825601942","-51.21002236523346","VISTORIA DE HIDRANTES",""
"PORTO ALEGRE","934131","23/08/2026 - 18:19","AGRONOMIA","BENTO GONÇALVES","AÇÕES PREVENTIVAS","ABT-1364","1º BBM / 2ª CIA / 3º PEL / PARTENON","-30.069827450707958","-51.141926134458195","VISTORIA DE HIDRANTES",""
"PORTO ALEGRE","934133","23/08/2026 - 18:20","AGRONOMIA","BENTO GONÇALVES","AÇÕES PREVENTIVAS","ABT-1364","1º BBM / 2ª CIA / 3º PEL / PARTENON","-30.068722570355714","-51.143964286135756","VISTORIA DE HIDRANTES",""
"PORTO ALEGRE","934185","23/08/2026 - 21:45","JARDIM BOTÂNICO","LA PLATA","ATENDIMENTO PRÉ-HOSPITALAR","AR-1628","1º BBM / 1ª CIA / 2º PEL / TERESÓPOLIS","-30.051036414924273","-51.190913161748114","",""
"PORTO ALEGRE","934190","23/08/2026 - 22:12","LOMBA DO PINHEIRO","ESTR. JOÃO DE OLIVEIRA REMIÃO","PRODUTOS PERIGOSOS","ABT-0598","1º BBM / 1ª CIA / 4º PEL / RESTINGA","-30.09423446522782","-51.12852573394776","EXPLOSIVO",""
"PORTO ALEGRE","934195","23/08/2026 - 22:29","PARTENON","MARIETA","ATENDIMENTO PRÉ-HOSPITALAR","AR-1628","1º BBM / 1ª CIA / 2º PEL / TERESÓPOLIS","-30.066475482462582","-51.202576160430915","",""
"PORTO ALEGRE","934199","23/08/2026 - 22:51","BELEM NOVO","AV JUCA BATISTA","AÇÕES PREVENTIVAS","ABT-0599","1º BBM / 1ª CIA / 5º PEL / BELÉM NOVO","-30.191208658011853","-51.17532491683961","VISTORIA DE HIDRANTES",""
"PORTO ALEGRE","934200","23/08/2026 - 22:52","CAMPO NOVO","BECO PALADINO","AÇÕES PREVENTIVAS","ABT-0599","1º BBM / 1ª CIA / 5º PEL / BELÉM NOVO","-30.134364317104545","-51.20414257049561","VISTORIA DE HIDRANTES",""
"PORTO ALEGRE","934215","24/08/2026 - 00:53","JARDIM LEOPOLDINA","CARLOS ESTEVÃO","OCORRÊNCIA NÃO ATENDIDA","ABT-0600","1º BBM / 2ª CIA / 2º PEL / PASSO D`AREIA","-30.016917267240064","-51.11498594284058","",""
"PORTO ALEGRE","934222","24/08/2026 - 05:08","CRISTO REDENTOR","MARECHAL FROTA","AÇÕES PREVENTIVAS","ABT-0600","1º BBM / 2ª CIA / 2º PEL / PASSO D`AREIA","-30.016731469860687","-51.15674253875649","APOIO À PESSOA OU INSTITUIÇÃO",""
"PORTO ALEGRE","934226","24/08/2026 - 05:54","HÍPICA","AV. EDGAR PIRES DE CASTRO","SALVAMENTO/BUSCA/RESGATE","ABT-0598","1º BBM / 1ª CIA / 4º PEL / RESTINGA","-30.159251663706062","-51.160669326782234","COLISÃO/CHOQUE",""
"PORTO ALEGRE","934237","24/08/2026 - 07:31","PETRÓPOLIS","CORONEL LUCAS DE OLIVEIRA","INCÊNDIO","ABT-0597","1º BBM / 2ª CIA / 1º PEL / FLORESTA","-30.046219348708828","-51.195838317818925","EDIFICAÇÃO RESIDENCIAL UNIFAMILIAR",""
"PORTO ALEGRE","934247","24/08/2026 - 08:19","CASCATA","CLEBERTO GUEDES","INCÊNDIO","ABT-1364","1º BBM / 2ª CIA / 3º PEL / PARTENON","-30.08781068923372","-51.18252930133674","LIXO",""
"PORTO ALEGRE","934273","24/08/2026 - 09:42","FLORESTA","ALMIRANTE TAMANDARÉ","AÇÕES PREVENTIVAS","ABT-0597","1º BBM / 2ª CIA / 1º PEL / FLORESTA","-30.013479959375893","-51.20963573455811","APOIO À PESSOA OU INSTITUIÇÃO",""
"PORTO ALEGRE","934274","24/08/2026 - 09:43","HÍPICA","AVENIDA EDGAR PIRES DE CASTRO","AVERIGUAÇÃO/MANEJO DE INSETOS","ABT-0598","1º BBM / 1ª CIA / 4º PEL / RESTINGA","-30.15807817966414","-51.189186573028564","EXTERMÍNIO",""
"PORTO ALEGRE","934283","24/08/2026 - 10:19","BELÉM VELHO","NOSSA SENHORA DE BELÉM","INCÊNDIO","ABT-0594","1º BBM / 1ª CIA / 2º PEL / TERESÓPOLIS","-30.116083311979175","-51.17899417877198","TRANSFORMADOR/REDE ELÉTRICA",""
"PORTO ALEGRE","934324","24/08/2026 - 12:37","LOMBA DO PINHEIRO","ESTRADA JOÃO DE OLIVEIRA REMIÃO","SALVAMENTO/BUSCA/RESGATE","ABT-1364","1º BBM / 2ª CIA / 3º PEL / PARTENON","-30.135088073420473","-51.09468691892017","DE ANIMAL",""
"PORTO ALEGRE","934331","24/08/2026 - 12:59","BOM JESUS","RUA I","ATENDIMENTO PRÉ-HOSPITALAR","AR-1628","1º BBM / 1ª CIA / 2º PEL / TERESÓPOLIS","-30.050271543309847","-51.156721115112305","",""
"PORTO ALEGRE","934333","24/08/2026 - 13:04","NONOAI","SÃO SEBASTIÃO","AVERIGUAÇÃO/MANEJO DE INSETOS","ABT-0594","1º BBM / 1ª CIA / 2º PEL / TERESÓPOLIS","-30.08998293882699","-51.2249779701233","EXTERMÍNIO",""
"PORTO ALEGRE","934406","24/08/2026 - 15:15","BELA VISTA","ANITA GARIBALDI","ATENDIMENTO PRÉ-HOSPITALAR","AR-1628","1º BBM / 1ª CIA / 2º PEL / TERESÓPOLIS","-30.023178435390584","-51.17693424224854","",""
"PORTO ALEGRE","934421","24/08/2026 - 15:43","FLORESTA","AV CRISTOVÃO COLOMBO","ATENDIMENTO PRÉ-HOSPITALAR","ABT-0597","1º BBM / 2ª CIA / 1º PEL / FLORESTA","-30.01949981476644","-51.206352710723884","",""
"PORTO ALEGRE","934427","24/08/2026 - 15:55","JARDIM DO SALSO","ANGELO CRIVELLARO","AÇÕES PREVENTIVAS","ABT-1364","1º BBM / 2ª CIA / 3º PEL / PARTENON","-30.049667899570828","-51.169681482976564","TERRESTRE",""
"PORTO ALEGRE","934434","24/08/2026 - 16:13","FLORESTA","AV CRISTOVÃO COLOMBO","OCORRÊNCIA NÃO ATENDIDA","AR-1628","1º BBM / 1ª CIA / 2º PEL / TERESÓPOLIS","-30.01981566128692","-51.20661020278931","",""
"PORTO ALEGRE","934461","24/08/2026 - 17:15","CRISTAL","ICARAI","OCORRÊNCIA NÃO ATENDIDA","AR-1628","1º BBM / 1ª CIA / 2º PEL / TERESÓPOLIS","-30.08933312610979","-51.24152183532715","",""
"PORTO ALEGRE","934472","24/08/2026 - 17:41","TRISTEZA","DOUTOR MARIO TOTTA","OCORRÊNCIA NÃO ATENDIDA","AR-1628","1º BBM / 1ª CIA / 2º PEL / TERESÓPOLIS","-30.109493896732307","-51.23993396759033","",""
"PORTO ALEGRE","934495","24/08/2026 - 19:08","ABERTA DOS MORROS","ESTRADA CAMPO NOVO","AÇÕES PREVENTIVAS","ABT-0599","1º BBM / 1ª CIA / 5º PEL / BELÉM NOVO","-30.13950466001963","-51.214120388031006","APOIO À PESSOA OU INSTITUIÇÃO",""
"PORTO ALEGRE","934503","24/08/2026 - 19:30","RUBEM BERTA","JOÃO PARIS","SALVAMENTO/BUSCA/RESGATE","ABT-0600","1º BBM / 2ª CIA / 2º PEL / PASSO D`AREIA","-29.996059338272097","-51.09260547739383","DE ANIMAL",""
"PORTO ALEGRE","934519","24/08/2026 - 20:41","PRAIA DE BELAS","IPIRANGA","INCÊNDIO","ABT-1365","1º BBM / 1ª CIA / 1º PEL / AÇORIANOS","-30.04823772762846","-51.22437715530396","CONTAINER",""
"PORTO ALEGRE","934521","24/08/2026 - 21:02","BOA VISTA","QUATORZE DE JULHO","INCÊNDIO","ABT-0600","1º BBM / 2ª CIA / 2º PEL / PASSO D`AREIA","-30.02511058549258","-51.17618318402511","EDIFICAÇÃO RESIDENCIAL UNIFAMILIAR",""
"PORTO ALEGRE","934523","24/08/2026 - 21:11","PETRÓPOLIS","SANTOS NETO","INCÊNDIO","ABT-0597","1º BBM / 2ª CIA / 1º PEL / FLORESTA","-30.042628266131068","-51.18974447250367","TRANSFORMADOR/REDE ELÉTRICA",""
"PORTO ALEGRE","934537","24/08/2026 - 23:43","FLORESTA","DR. TIMÓTEO","INCÊNDIO","ABT-0597","1º BBM / 2ª CIA / 1º PEL / FLORESTA","-30.018849539350633","-51.19995832443238","EDIFICAÇÃO MULTIFAMILIAR",""
"PORTO ALEGRE","934541","25/08/2026 - 01:03","RUBEM BERTA","BALTAZAR DE OLIVEIRA GARCIA","INCÊNDIO","ABT-0600","1º BBM / 2ª CIA / 2º PEL / PASSO D`AREIA","-30.015802477742486","-51.10286249987638","VEGETAÇÃO",""
"PORTO ALEGRE","934567","25/08/2026 - 09:00","PARTENON","CORONEL APARICIO BORGES","AVERIGUAÇÃO/CORTE DE ÁRVORE","ABT-0594","1º BBM / 1ª CIA / 2º PEL / TERESÓPOLIS","-30.070932371181552","-51.18950843811035","CORTE TOTAL",""
"PORTO ALEGRE","934574","25/08/2026 - 09:21","CRISTAL","WENCESLAU ESCOBAR","ATENDIMENTO PRÉ-HOSPITALAR","AR-1628","1º BBM / 1ª CIA / 2º PEL / TERESÓPOLIS","-30.0987086","-51.2483573","",""
"PORTO ALEGRE","934583","25/08/2026 - 09:40","CAVALHADA","PÉ DE DEUS","AVERIGUAÇÃO/CORTE DE ÁRVORE","ABT-0596","1º BBM / 1ª CIA / 3º PEL / ASSUNÇÃO","-30.117475384530067","-51.225471486667686","CORTE PARCIAL",""
"PORTO ALEGRE","934600","25/08/2026 - 10:38","BOM JESUS","SÃO MATEUS","SALVAMENTO/BUSCA/RESGATE","ABT-1364","1º BBM / 2ª CIA / 3º PEL / PARTENON","-30.042999792090047","-51.170647144317634","DE ANIMAL",""
"PORTO ALEGRE","934634","25/08/2026 - 13:19","SÃO JOSÉ","9 DE JUNHO","AVERIGUAÇÃO/CORTE DE ÁRVORE","ABT-1364","1º BBM / 2ª CIA / 3º PEL / PARTENON","-30.073559915167984","-51.160980491118636","CORTE PARCIAL | EVENTO EXTREMO",""
"PORTO ALEGRE","934663","25/08/2026 - 14:20","PROTÁSIO ALVES","REVERENDO DANIEL BETTS","ATENDIMENTO PRÉ-HOSPITALAR","AR-1628","1º BBM / 1ª CIA / 2º PEL / TERESÓPOLIS","-30.042191754978838","-51.12669110298157","",""
"PORTO ALEGRE","934673","25/08/2026 - 14:34","JARDIM ITU SABARÁ","RUA DONA ADDA MASCARENHAS DE MORAES","AÇÕES PREVENTIVAS","ABT-0600","1º BBM / 2ª CIA / 2º PEL / PASSO D`AREIA","-30.021664272215855","-51.13651871681214","APOIO À PESSOA OU INSTITUIÇÃO",""
"PORTO ALEGRE","934679","25/08/2026 - 14:44","CRISTAL","JACUÍ","AVERIGUAÇÃO/MANEJO DE INSETOS","ABT-1365","1º BBM / 1ª CIA / 1º PEL / AÇORIANOS","-30.08054166870721","-51.233807802200324","VISTORIA",""
"PORTO ALEGRE","934719","25/08/2026 - 16:28","BELÉM NOVO","ALBERTO DE MORAES","AVERIGUAÇÃO/CORTE DE ÁRVORE","ABT-0599","1º BBM / 1ª CIA / 5º PEL / BELÉM NOVO","-30.210718149161035","-51.179358959198005","CORTE PARCIAL",""
"PORTO ALEGRE","934749","25/08/2026 - 17:54","BELA VISTA","DESEMBARGADOR MORENO LOUREIRO LIMA","ATENDIMENTO PRÉ-HOSPITALAR","AR-1628","1º BBM / 1ª CIA / 2º PEL / TERESÓPOLIS","-30.03445497226495","-51.188628673553474","",""
"PORTO ALEGRE","934788","25/08/2026 - 19:51","VILA NOVA","ESTRADA TRÊS MENINAS","ATENDIMENTO PRÉ-HOSPITALAR","AR-1628","1º BBM / 1ª CIA / 2º PEL / TERESÓPOLIS","-30.121577248931402","-51.19525909423829","",""
"PORTO ALEGRE","934870","26/08/2026 - 09:07","JARDIM BOTÂNICO","DOUTOR SALVADOR FRANÇA","SALVAMENTO/BUSCA/RESGATE","ABT-1364","1º BBM / 2ª CIA / 3º PEL / PARTENON","-30.056651471487566","-51.18397279824006","DE ANIMAL",""
"PORTO ALEGRE","934873","26/08/2026 - 09:08","IPANEMA","AVENIDA EDUARDO PRADO","AÇÕES PREVENTIVAS","ABT-0596","1º BBM / 1ª CIA / 3º PEL / ASSUNÇÃO","-30.137147926557343","-51.220128565967435","APOIO À PESSOA OU INSTITUIÇÃO",""
"PORTO ALEGRE","934876","26/08/2026 - 09:13","APARÍCIO BORGES","CORONEL APARICIO BORGES","AVERIGUAÇÃO/CORTE DE ÁRVORE","ABT-0594","1º BBM / 1ª CIA / 2º PEL / TERESÓPOLIS","-30.0714894573911","-51.18995904922486","CORTE PARCIAL | CORTE TOTAL",""
"PORTO ALEGRE","934881","26/08/2026 - 09:25","TRISTEZA","DOUTOR MARIO TOTTA","ATENDIMENTO PRÉ-HOSPITALAR","AR-1628","1º BBM / 1ª CIA / 2º PEL / TERESÓPOLIS","-30.115059726491005","-51.25553860167584","",""
"PORTO ALEGRE","934923","26/08/2026 - 11:13","VILA NOVA","RUA CAPITÃO AMARANTE XAVIER","INCÊNDIO","ABT-0599","1º BBM / 1ª CIA / 5º PEL / BELÉM NOVO","-30.12597589029753","-51.20742559432984","VEGETAÇÃO",""
"PORTO ALEGRE","934936","26/08/2026 - 12:27","SARANDI","ROCCO ALOISE","SALVAMENTO/BUSCA/RESGATE","ABT-0600","1º BBM / 2ª CIA / 2º PEL / PASSO D`AREIA","-29.99470272422876","-51.13409488317142","DE ANIMAL",""
"PORTO ALEGRE","934947","26/08/2026 - 13:10","JARDIM ITU SABARÁ","VINTE E QUATRO DE AGOSTO","PRODUTOS PERIGOSOS","ABT-0600","1º BBM / 2ª CIA / 2º PEL / PASSO D`AREIA","-30.02727492045765","-51.13950915371969","OCORRÊNCIA DE VULTO | QUÍMICO",""
"PORTO ALEGRE","934954","26/08/2026 - 13:28","CIDADE BAIXA","VENÂNCIO AIRES","ATENDIMENTO PRÉ-HOSPITALAR","AR-1628","1º BBM / 1ª CIA / 2º PEL / TERESÓPOLIS","-30.002207229611166","-51.172936625227294","",""
"PORTO ALEGRE","934954","26/08/2026 - 13:28","CIDADE BAIXA","VENÂNCIO AIRES","AÇÕES PREVENTIVAS","ABT-1365","1º BBM / 1ª CIA / 1º PEL / AÇORIANOS","-30.036999911042606","-51.209292411804206","APOIO À PESSOA OU INSTITUIÇÃO",""
"PORTO ALEGRE","934954","26/08/2026 - 13:28","CIDADE BAIXA","VENÂNCIO AIRES","AÇÕES PREVENTIVAS","ABT-0597","1º BBM / 2ª CIA / 1º PEL / FLORESTA","-29.999714050962645","-51.187479618119575","APOIO À PESSOA OU INSTITUIÇÃO",""
"PORTO ALEGRE","934962","26/08/2026 - 13:45","RUBEM BERTA","LAUDELINO MEDEIROS","INCÊNDIO","ABT-0600","1º BBM / 2ª CIA / 2º PEL / PASSO D`AREIA","-30.015305463386067","-51.106703048878295","LIXO | TERRENO BALDIO | VEGETAÇÃO",""
"PORTO ALEGRE","934983","26/08/2026 - 14:29","BELÉM NOVO","ALBERTO MORAES","AVERIGUAÇÃO/CORTE DE ÁRVORE","ABT-0599","1º BBM / 1ª CIA / 5º PEL / BELÉM NOVO","-30.206601449152828","-51.17429494857789","CORTE PARCIAL",""
"PORTO ALEGRE","935039","26/08/2026 - 17:12","FARRAPOS","VOLUNTARIOS DA PATRIA","INCÊNDIO","ABT-0597","1º BBM / 2ª CIA / 1º PEL / FLORESTA","-29.980376615694908","-51.200137064828866","EDIFICAÇÃO RESIDENCIAL UNIFAMILIAR",""
"PORTO ALEGRE","935042","26/08/2026 - 17:20","TERESÓPOLIS","ARNALDO BOHRER","AÇÕES PREVENTIVAS","ABT-0594","1º BBM / 1ª CIA / 2º PEL / TERESÓPOLIS","-30.08045811362098","-51.207361221313484","PALESTRAS/TREINAMENTOS EXTERNOS",""
"PORTO ALEGRE","935057","26/08/2026 - 17:51","VILA NOVA","AVENIDA ROMEU SAMARANI FERREIRA","INCÊNDIO","ABT-0599","1º BBM / 1ª CIA / 5º PEL / BELÉM NOVO","-30.126476988906514","-51.20474338531495","LIXO",""
"PORTO ALEGRE","935068","26/08/2026 - 18:34","IPANEMA","ENGENHEIRO COELHO PARREIRA","TROTE","ABT-0596","1º BBM / 1ª CIA / 3º PEL / ASSUNÇÃO","-30.140321151941958","-51.22238159179688","",""
"PORTO ALEGRE","935069","26/08/2026 - 18:39","TERESÓPOLIS","GABRIEL MASCARELLO","ATENDIMENTO PRÉ-HOSPITALAR","AR-1628","1º BBM / 1ª CIA / 2º PEL / TERESÓPOLIS","-30.08266765771143","-51.214611091336664","",""
"PORTO ALEGRE","935100","26/08/2026 - 20:24","VILA NOVA","ÊNIO AVELINE DA ROCHA","ATENDIMENTO PRÉ-HOSPITALAR","AR-1628","1º BBM / 1ª CIA / 2º PEL / TERESÓPOLIS","-30.12014052990246","-51.22437915578284","",""
"PORTO ALEGRE","935112","26/08/2026 - 21:27","CENTRO HISTÓRICO","RUA DOS ANDRADAS","INCÊNDIO","ABT-1365","1º BBM / 1ª CIA / 1º PEL / AÇORIANOS","-30.03124119707807","-51.23390436172486","LOCAIS DE REUNIÃO DE PÚBLICO (F)",""
"PORTO ALEGRE","935116","26/08/2026 - 21:50","CRISTAL","CORONEL MASSOT","INCÊNDIO","ABT-0596","1º BBM / 1ª CIA / 3º PEL / ASSUNÇÃO","-30.09891279013503","-51.23881814881142","TRANSFORMADOR/REDE ELÉTRICA",""
"PORTO ALEGRE","935144","27/08/2026 - 06:45","HÍPICA","R. ANTÔNIA ZARDIN PERONDI","INCÊNDIO","ABT-0598","1º BBM / 1ª CIA / 4º PEL / RESTINGA","-30.160119012500402","-51.17749214172363","TRANSFORMADOR/REDE ELÉTRICA",""
"PORTO ALEGRE","935183","27/08/2026 - 09:39","CRISTAL","DIÁRIO DE NOTÍCIAS","AVERIGUAÇÃO/CORTE DE ÁRVORE","ABT-0596","1º BBM / 1ª CIA / 3º PEL / ASSUNÇÃO","-30.09651809837034","-51.24913930892945","VISTORIA",""
"PORTO ALEGRE","935198","27/08/2026 - 10:17","CAVALHADA","PÉ DE DEUS","AVERIGUAÇÃO/CORTE DE ÁRVORE","ABT-0596","1º BBM / 1ª CIA / 3º PEL / ASSUNÇÃO","-30.117401138709102","-51.22534272080625","CORTE PARCIAL",""
"PORTO ALEGRE","935232","27/08/2026 - 11:37","CASCATA","ESTRADA DOS ALPES","SALVAMENTO/BUSCA/RESGATE","ABT-0594","1º BBM / 1ª CIA / 2º PEL / TERESÓPOLIS","-30.08500712118501","-51.198306083679206","DE ANIMAL",""
"PORTO ALEGRE","935240","27/08/2026 - 11:57","PRAIA DE BELAS","AV IPIRANGA","ATENDIMENTO PRÉ-HOSPITALAR","AR-1628","1º BBM / 1ª CIA / 2º PEL / TERESÓPOLIS","-30.044114247124412","-51.206331253051765","",""
"PORTO ALEGRE","935306","27/08/2026 - 14:42","LAGEADO","BECO CALABRIA","SALVAMENTO/BUSCA/RESGATE","ABT-0598","1º BBM / 1ª CIA / 4º PEL / RESTINGA","-30.1819903769477","-51.13571405410767","DE ANIMAL",""
"PORTO ALEGRE","935316","27/08/2026 - 14:58","VILA NOVA","AVENIDA JOÃO SALOMONI","ATENDIMENTO PRÉ-HOSPITALAR","AR-1628","1º BBM / 1ª CIA / 2º PEL / TERESÓPOLIS","-30.11296499560328","-51.22538566589356","",""
"PORTO ALEGRE","935326","27/08/2026 - 15:12","MENINO DEUS","MIGUEL COUTO","PRODUTOS PERIGOSOS","ABT-1365","1º BBM / 1ª CIA / 1º PEL / AÇORIANOS","-30.06414495234177","-51.22967720031739","EXPLOSIVO",""
"PORTO ALEGRE","935347","27/08/2026 - 15:44","VILA JARDIM","CIRCULAR","AVERIGUAÇÃO/MANEJO DE INSETOS","ABT-0600","1º BBM / 2ª CIA / 2º PEL / PASSO D`AREIA","-30.029699291065633","-51.1539947544045","VISTORIA",""
"PORTO ALEGRE","935352","27/08/2026 - 15:54","RESTINGA","GABRIEL GONÇALVES DE MOURA","INCÊNDIO","ABT-0598","1º BBM / 1ª CIA / 4º PEL / RESTINGA","-30.14267780664469","-51.10012650489808","LIXO | VEGETAÇÃO",""
"PORTO ALEGRE","935373","27/08/2026 - 16:32","CAVALHADA","PÉ DE DEUS","AVERIGUAÇÃO/CORTE DE ÁRVORE","ABT-0596","1º BBM / 1ª CIA / 3º PEL / ASSUNÇÃO","-30.117512507419605","-51.22540710373697","CORTE TOTAL",""
"PORTO ALEGRE","935387","27/08/2026 - 16:56","AZENHA","DOUTOR CARLOS BARBOSA","ATENDIMENTO PRÉ-HOSPITALAR","AR-1628","1º BBM / 1ª CIA / 2º PEL / TERESÓPOLIS","-30.059418554073783","-51.21225357055665","",""
"PORTO ALEGRE","935411","27/08/2026 - 17:47","PARTENON","BENTO GONÇALVES","INCÊNDIO","ABT-1365","1º BBM / 1ª CIA / 1º PEL / AÇORIANOS","-30.061452140122967","-51.190103888511665","EDIFICAÇÃO COMERCIAL",""
"PORTO ALEGRE","935414","27/08/2026 - 17:53","CENTRO HISTÓRICO","VIGARIO JOSE INACIO","ATENDIMENTO PRÉ-HOSPITALAR","AR-1628","1º BBM / 1ª CIA / 2º PEL / TERESÓPOLIS","-30.032987423114108","-51.22611522674561","",""
"PORTO ALEGRE","935424","27/08/2026 - 18:20","ANCHIETA","AV DOS ESTADOS","INCÊNDIO","ABT-0597","1º BBM / 2ª CIA / 1º PEL / FLORESTA","-29.986708236181606","-51.18003768043047","MEIO DE TRANSPORTE",""
"PORTO ALEGRE","935427","27/08/2026 - 18:26","VILA NOVA","ATÍLIO SUPERTI","INCÊNDIO","AT-1590","1º BBM / 1ª CIA / 1º PEL / AÇORIANOS","-30.125493348492714","-51.21113777160645","EDIFICAÇÃO COMERCIAL",""
"PORTO ALEGRE","935427","27/08/2026 - 18:26","VILA NOVA","ATÍLIO SUPERTI","INCÊNDIO","ABT-0594","1º BBM / 1ª CIA / 2º PEL / TERESÓPOLIS","-30.123229082376483","-51.21173858642579","EDIFICAÇÃO COMERCIAL",""
"PORTO ALEGRE","935427","27/08/2026 - 18:26","VILA NOVA","ATÍLIO SUPERTI","INCÊNDIO","ABT-0598","1º BBM / 1ª CIA / 4º PEL / RESTINGA","-30.12317340304742","-51.21188879013062","EDIFICAÇÃO COMERCIAL",""
"PORTO ALEGRE","935427","27/08/2026 - 18:26","VILA NOVA","ATÍLIO SUPERTI","INCÊNDIO","ABT-0599","1º BBM / 1ª CIA / 5º PEL / BELÉM NOVO","-30.12553046717681","-51.21139526367188","EDIFICAÇÃO COMERCIAL",""
"PORTO ALEGRE","935442","27/08/2026 - 18:56","VILA ASSUNÇÃO","GUAICURU","AVERIGUAÇÃO/MANEJO DE INSETOS","ABT-0596","1º BBM / 1ª CIA / 3º PEL / ASSUNÇÃO","-30.102829778067616","-51.26098396046314","EXTERMÍNIO",""
"PORTO ALEGRE","935446","27/08/2026 - 19:02","PRAIA DE BELAS","PADRE CACIQUE","AÇÕES PREVENTIVAS","ABT-1365","1º BBM / 1ª CIA / 1º PEL / AÇORIANOS","-30.064915640286667","-51.2364149093628","APOIO À PESSOA OU INSTITUIÇÃO",""
"PORTO ALEGRE","935446","27/08/2026 - 19:02","PRAIA DE BELAS","PADRE CACIQUE","AÇÕES PREVENTIVAS","AR-1628","1º BBM / 1ª CIA / 2º PEL / TERESÓPOLIS","-30.06430280457819","-51.23510599136353","APOIO À PESSOA OU INSTITUIÇÃO | FESTAS E EVENTOS",""
"PORTO ALEGRE","935465","27/08/2026 - 19:50","JARDIM CARVALHO","BECO SOUZA COSTA","INCÊNDIO","ABT-1364","1º BBM / 2ª CIA / 3º PEL / PARTENON","-30.0534754171835","-51.1405634880066","EDIFICAÇÃO COMERCIAL",""
"PORTO ALEGRE","935489","27/08/2026 - 21:31","FARRAPOS","SÉRGIO PORTO","AÇÕES PREVENTIVAS","ABT-0597","1º BBM / 2ª CIA / 1º PEL / FLORESTA","-29.982427311931943","-51.195988810918","ACIDENTES DOMÉSTICOS",""
"PORTO ALEGRE","935501","27/08/2026 - 22:58","VILA NOVA","ATÍLIO SUPERTI","INCÊNDIO","ATP-0640","1º BBM / 1ª CIA / 1º PEL / AÇORIANOS","-30.12553046717681","-51.21124505996705","EDIFICAÇÃO COMERCIAL",""
"PORTO ALEGRE","935502","27/08/2026 - 23:08","LOMBA DO PINHEIRO","DAS TANGERINAS","OCORRÊNCIA NÃO ATENDIDA","ABT-0598","1º BBM / 1ª CIA / 4º PEL / RESTINGA","-30.11925721148322","-51.10612392425537","",""
"PORTO ALEGRE","935504","27/08/2026 - 23:20","SÃO JOSÉ","9 DE JUNHO","INCÊNDIO","ABT-1364","1º BBM / 2ª CIA / 3º PEL / PARTENON","-30.074692850769477","-51.160767569758704","TRANSFORMADOR/REDE ELÉTRICA",""
"PORTO ALEGRE","935519","28/08/2026 - 03:15","PARTENON","AV. IPIRANGA","INCÊNDIO","ABT-1364","1º BBM / 2ª CIA / 3º PEL / PARTENON","-30.05975284619399","-51.1743434954444","EDIFICAÇÃO COMERCIAL",""
"PORTO ALEGRE","935524","28/08/2026 - 04:35","PETRÓPOLIS","PROFESSOR CRISTIANO FISCHER","SALVAMENTO/BUSCA/RESGATE","ABT-1364","1º BBM / 2ª CIA / 3º PEL / PARTENON","-30.055702070728874","-51.1691120234873","COLISÃO/CHOQUE | DESENCARCERAMENTO",""
"PORTO ALEGRE","935568","28/08/2026 - 08:06","CENTRO","DEMÉTRIO RIBEIRO","OCORRÊNCIA NÃO ATENDIDA","ABT-1365","1º BBM / 1ª CIA / 1º PEL / AÇORIANOS","-30.03592249968384","-51.23090028762818","",""
"PORTO ALEGRE","935599","28/08/2026 - 09:13","RUBEM BERTA","ÉLVIO ANTÔNIO FILIPETTO","AVERIGUAÇÃO/CORTE DE ÁRVORE","ABT-0600","1º BBM / 2ª CIA / 2º PEL / PASSO D`AREIA","-30.001773639073285","-51.10822677612305","EVENTO EXTREMO | OCORRÊNCIA DE VULTO",""
"PORTO ALEGRE","935599","28/08/2026 - 09:13","RUBEM BERTA","ÉLVIO ANTÔNIO FILIPETTO","AVERIGUAÇÃO/CORTE DE ÁRVORE","ABTS-866","BBS / 1ª CIA / 1º PEL / TERRESTRE","-30.013944467400105","-51.09668254852295","CORTE TOTAL",""
"PORTO ALEGRE","935604","28/08/2026 - 09:26","JARDIM BOTÂNICO","SURUPÁ","AVERIGUAÇÃO/CORTE DE ÁRVORE","ABT-1364","1º BBM / 2ª CIA / 3º PEL / PARTENON","-30.05216601778303","-51.18307116787008","OCORRÊNCIA DE VULTO",""
"PORTO ALEGRE","935625","28/08/2026 - 10:32","CENTRO","RIACHUELO","AÇÕES PREVENTIVAS","ABT-1365","1º BBM / 1ª CIA / 1º PEL / AÇORIANOS","-30.02808305058189","-51.223368644714355","APOIO À PESSOA OU INSTITUIÇÃO",""
"PORTO ALEGRE","935634","28/08/2026 - 10:43","VILA IPIRANGA","RUA PADRE ALOIS KADES","AVERIGUAÇÃO/CORTE DE ÁRVORE","ABT-0600","1º BBM / 2ª CIA / 2º PEL / PASSO D`AREIA","-30.021715363988278","-51.154979398779396","VISTORIA",""
"PORTO ALEGRE","935637","28/08/2026 - 10:46","NONOAI","CRUZ ALTA","AVERIGUAÇÃO/CORTE DE ÁRVORE","ABT-0594","1º BBM / 1ª CIA / 2º PEL / TERESÓPOLIS","-30.09005720286562","-51.21819734573365","CORTE TOTAL",""
"PORTO ALEGRE","935651","28/08/2026 - 11:10","PRAIA DE BELAS","IPIRANGA","OCORRÊNCIA NÃO ATENDIDA","ABT-1365","1º BBM / 1ª CIA / 1º PEL / AÇORIANOS","-30.04755049279828","-51.22690916061402","",""
"PORTO ALEGRE","935658","28/08/2026 - 11:24","PARTENON","HUMBERTO DE CAMPOS","ATENDIMENTO PRÉ-HOSPITALAR","AR-1628","1º BBM / 1ª CIA / 2º PEL / TERESÓPOLIS","-30.061535711258742","-51.19729757308961","",""
"PORTO ALEGRE","935675","28/08/2026 - 11:53","SÃO JOSÉ","DOS BANDEIRANTES","AVERIGUAÇÃO/CORTE DE ÁRVORE","ABT-1364","1º BBM / 2ª CIA / 3º PEL / PARTENON","-30.072325099303846","-51.16197824808628","EVENTO EXTREMO",""
"PORTO ALEGRE","935699","28/08/2026 - 12:57","SANTA CECÍLIA","SILVA SÓ","OCORRÊNCIA NÃO ATENDIDA","AR-1628","1º BBM / 1ª CIA / 2º PEL / TERESÓPOLIS","-30.04160664126859","-51.20403528213502","",""
"PORTO ALEGRE","935709","28/08/2026 - 13:17","SÃO JOSÉ","SANTA TERESA","AVERIGUAÇÃO/CORTE DE ÁRVORE","ABT-1364","1º BBM / 2ª CIA / 3º PEL / PARTENON","-30.078211383728604","-51.16294393586565","EVENTO EXTREMO",""
"PORTO ALEGRE","935710","28/08/2026 - 13:17","NONOAI","FREDERICO ETZBERGER","OCORRÊNCIA NÃO ATENDIDA","ABT-0594","1º BBM / 1ª CIA / 2º PEL / TERESÓPOLIS","-30.08890610399906","-51.21605157852173","",""
"PORTO ALEGRE","935720","28/08/2026 - 13:43","CHÁCARA DAS PEDRAS","DOUTOR ERNESTO LUDWIG","AÇÕES PREVENTIVAS","ABT-0600","1º BBM / 2ª CIA / 2º PEL / PASSO D`AREIA","-30.03712958437971","-51.16400361585847","ALAGAMENTO",""
"PORTO ALEGRE","935731","28/08/2026 - 13:56","CENTRO HISTÓRICO","RUA DOS ANDRADAS","ATENDIMENTO PRÉ-HOSPITALAR","AR-1628","1º BBM / 1ª CIA / 2º PEL / TERESÓPOLIS","-30.031835660459322","-51.23547077178956","",""
"PORTO ALEGRE","935740","28/08/2026 - 14:10","BELÉM VELHO","VENTURA PINTO","OCORRÊNCIA NÃO ATENDIDA","ABT-0594","1º BBM / 1ª CIA / 2º PEL / TERESÓPOLIS","-30.113707460811764","-51.185388565063484","",""
"PORTO ALEGRE","935741","28/08/2026 - 14:12","COSTA E SILVA","JORGE ALBERTO CAMPEZATO","AVERIGUAÇÃO/CORTE DE ÁRVORE","ABT-0600","1º BBM / 2ª CIA / 2º PEL / PASSO D`AREIA","-30.011485054128013","-51.11711866702316","VISTORIA",""
"PORTO ALEGRE","935756","28/08/2026 - 14:34","APARÍCIO BORGES","RUA SILVADO","AVERIGUAÇÃO/CORTE DE ÁRVORE","ABT-1364","1º BBM / 2ª CIA / 3º PEL / PARTENON","-30.070969502610424","-51.18586061732619","EVENTO EXTREMO",""
"PORTO ALEGRE","935762","28/08/2026 - 14:50","CASCATA","PROFESSOR OSCAR PEREIRA","ATENDIMENTO PRÉ-HOSPITALAR","AR-1628","1º BBM / 1ª CIA / 2º PEL / TERESÓPOLIS","-30.088627610324643","-51.18483066558838","",""
"PORTO ALEGRE","935770","28/08/2026 - 15:15","SÃO JOSÉ","SANTA TEREZA","AVERIGUAÇÃO/CORTE DE ÁRVORE","ABTS-866","BBS / 1ª CIA / 1º PEL / TERRESTRE","-30.078099974306898","-51.1619782447815","CORTE TOTAL",""
"PORTO ALEGRE","935775","28/08/2026 - 15:24","BOM JESUS","SÃO MATEUS","ATENDIMENTO PRÉ-HOSPITALAR","AR-1628","1º BBM / 1ª CIA / 2º PEL / TERESÓPOLIS","-30.043259810776757","-51.170690059661865","",""
"PORTO ALEGRE","935784","28/08/2026 - 15:45","BELÉM NOVO","AV. BEIRA RIO","AVERIGUAÇÃO/CORTE DE ÁRVORE","ABT-0599","1º BBM / 1ª CIA / 5º PEL / BELÉM NOVO","-30.210959211841995","-51.198306083679206","VISTORIA",""
"PORTO ALEGRE","935791","28/08/2026 - 15:50","CORONEL APARÍCIO BORGES","CEL APARICIO BORGES","AVERIGUAÇÃO/CORTE DE ÁRVORE","ABT-1364","1º BBM / 2ª CIA / 3º PEL / PARTENON","-30.0714708890935","-51.19023804192462","VISTORIA",""
"PORTO ALEGRE","935835","28/08/2026 - 17:59","CRISTAL","DOUTOR CAMPOS VELHO","ATENDIMENTO PRÉ-HOSPITALAR","AR-1628","1º BBM / 1ª CIA / 2º PEL / TERESÓPOLIS","-30.09165386620518","-51.242015361785896","",""
"PORTO ALEGRE","935886","28/08/2026 - 22:15","BELÉM VELHO","ESTRADA AFONSO LOURENÇO MARIANTE","ATENDIMENTO PRÉ-HOSPITALAR","AR-1628","1º BBM / 1ª CIA / 2º PEL / TERESÓPOLIS","-30.107563393251965","-51.15277290344239","",""
"PORTO ALEGRE","935926","29/08/2026 - 00:55","NONOAI","SÃO SEBASTIÃO","ATENDIMENTO PRÉ-HOSPITALAR","AR-1628","1º BBM / 1ª CIA / 2º PEL / TERESÓPOLIS","-30.09024286271818","-51.22493505477905","",""
"PORTO ALEGRE","936031","29/08/2026 - 03:27","SARANDI","ECOVILLE","AVERIGUAÇÃO/CORTE DE ÁRVORE","ABT-0600","1º BBM / 2ª CIA / 2º PEL / PASSO D`AREIA","-30.002099908496398","-51.11918844223604","CORTE TOTAL",""
"PORTO ALEGRE","936058","29/08/2026 - 05:15","CASCATA","ESTRADA DOS ALPES","INCÊNDIO","AT-1590","1º BBM / 1ª CIA / 1º PEL / AÇORIANOS","-30.087086597815876","-51.19654655456544","EDIFICAÇÃO RESIDENCIAL UNIFAMILIAR",""
"PORTO ALEGRE","936058","29/08/2026 - 05:15","CASCATA","ESTRADA DOS ALPES","INCÊNDIO","ABT-1364","1º BBM / 2ª CIA / 3º PEL / PARTENON","-30.094568627269204","-51.188306818386046","EDIFICAÇÃO RESIDENCIAL UNIFAMILIAR",""
"PORTO ALEGRE","936066","29/08/2026 - 06:21","RESTINGA","BITA","INCÊNDIO","ABT-0598","1º BBM / 1ª CIA / 4º PEL / RESTINGA","-30.144978738032417","-51.143159866333015","EDIFICAÇÃO RESIDENCIAL UNIFAMILIAR",""
"PORTO ALEGRE","936094","29/08/2026 - 09:01","LOMBA DO PINHEIRO","ESTR. JOÃO DE OLIVEIRA REMIÃO","AVERIGUAÇÃO/CORTE DE ÁRVORE","ABT-0598","1º BBM / 1ª CIA / 4º PEL / RESTINGA","-30.126161482671456","-51.10108137130738","CORTE TOTAL | VISTORIA",""
"PORTO ALEGRE","936109","29/08/2026 - 09:22","VILA NOVA","MONTE CRISTO","AÇÕES PREVENTIVAS","ABT-0599","1º BBM / 1ª CIA / 5º PEL / BELÉM NOVO","-30.122282529512802","-51.21950626373292","APOIO À PESSOA OU INSTITUIÇÃO",""
"PORTO ALEGRE","936145","29/08/2026 - 10:07","MEDIANEIRA","MANOEL ANTÔNIO DE MAGALHÃES","SALVAMENTO/BUSCA/RESGATE","ABT-1365","1º BBM / 1ª CIA / 1º PEL / AÇORIANOS","-30.06283569761957","-51.21605157852173","DE ANIMAL",""
"PORTO ALEGRE","936155","29/08/2026 - 10:18","RESTINGA","ESTRADA COSTA GAMA","AÇÕES PREVENTIVAS","ABT-0599","1º BBM / 1ª CIA / 5º PEL / BELÉM NOVO","-30.154330358456647","-51.16092681884766","VISTORIA DE HIDRANTES",""
"PORTO ALEGRE","936157","29/08/2026 - 10:19","ABERTA DOS MORROS","ESTRADA COSTA GAMA","AÇÕES PREVENTIVAS","ABT-0599","1º BBM / 1ª CIA / 5º PEL / BELÉM NOVO","-30.155666231856717","-51.16092681884766","VISTORIA DE HIDRANTES",""
"PORTO ALEGRE","936175","29/08/2026 - 10:37","VILA NOVA","ATÍLIO SUPERTI","AVERIGUAÇÃO/CORTE DE ÁRVORE","ABT-0599","1º BBM / 1ª CIA / 5º PEL / BELÉM NOVO","-30.122987805057154","-51.212081909179695","VISTORIA",""
"PORTO ALEGRE","936191","29/08/2026 - 10:55","CENTRO","JOSÉ LOUREIRO DA SILVA","AÇÕES PREVENTIVAS","ATP-201","1º BBM / 1ª CIA / 1º PEL / AÇORIANOS","-30.03751074854126","-51.23723139496377","APOIO À PESSOA OU INSTITUIÇÃO",""
"PORTO ALEGRE","936201","29/08/2026 - 11:07","PARTENON","PADRE TODESCO","SALVAMENTO/BUSCA/RESGATE","ABT-1364","1º BBM / 2ª CIA / 3º PEL / PARTENON","-30.061554246843116","-51.161120476576734","DE ANIMAL",""
"PORTO ALEGRE","936241","29/08/2026 - 11:48","MÁRIO QUINTANA","RUA IRMÃO ANTÔNIO CECCHIN, 211","AVERIGUAÇÃO/CORTE DE ÁRVORE","ABT-0600","1º BBM / 2ª CIA / 2º PEL / PASSO D`AREIA","-30.038597430460342","-51.10632237794804","VISTORIA",""
"PORTO ALEGRE","936283","29/08/2026 - 12:33","JARDIM BOTÂNICO","DONA INOCÊNCIA","AÇÕES PREVENTIVAS","ABT-1364","1º BBM / 2ª CIA / 3º PEL / PARTENON","-30.055578768226045","-51.18107558288188","RESGATE",""
"PORTO ALEGRE","936300","29/08/2026 - 13:16","SANTA TEREZA","SANTA CRUZ","AVERIGUAÇÃO/CORTE DE ÁRVORE","ABT-1365","1º BBM / 1ª CIA / 1º PEL / AÇORIANOS","-30.067812630452003","-51.22298240661622","CORTE PARCIAL",""
"PORTO ALEGRE","936313","29/08/2026 - 13:31","BELÉM VELHO","VENTURA PINTO","AVERIGUAÇÃO/CORTE DE ÁRVORE","ABT-0594","1º BBM / 1ª CIA / 2º PEL / TERESÓPOLIS","-30.11348472183515","-51.18380069732667","CORTE TOTAL",""
"PORTO ALEGRE","936329","29/08/2026 - 13:41","VILA NOVA","BELÉM VELHO","ATENDIMENTO PRÉ-HOSPITALAR","AR-1628","1º BBM / 1ª CIA / 2º PEL / TERESÓPOLIS","-30.130801178639118","-51.18144035339356","",""
"PORTO ALEGRE","936343","29/08/2026 - 14:03","PASSO DAREIA","OBIRICI","OCORRÊNCIA NÃO ATENDIDA","ABT-0597","1º BBM / 2ª CIA / 1º PEL / FLORESTA","-30.011826293152435","-51.16996598941209","",""
"PORTO ALEGRE","936353","29/08/2026 - 14:27","CENTRO","RUA DEMÉTRIO RIBEIRO","SALVAMENTO/BUSCA/RESGATE","ABT-1365","1º BBM / 1ª CIA / 1º PEL / AÇORIANOS","-30.03603395657452","-51.22843265533447","DE ANIMAL",""
"PORTO ALEGRE","936382","29/08/2026 - 15:05","CENTRO HISTÓRICO","RUA DUQUE DE CAXIAS","AÇÕES PREVENTIVAS","ABT-1365","1º BBM / 1ª CIA / 1º PEL / AÇORIANOS","-30.033219631705467","-51.231511831283576","VISTORIA DE HIDRANTES",""
"PORTO ALEGRE","936418","29/08/2026 - 15:38","PASSO DAS PEDRAS","RUA DOIS DE OUTUBRO","AVERIGUAÇÃO/CORTE DE ÁRVORE","ABT-0600","1º BBM / 2ª CIA / 2º PEL / PASSO D`AREIA","-30.024144515148425","-51.123182818960686","VISTORIA",""
"PORTO ALEGRE","936419","29/08/2026 - 15:39","PASSO DAS PEDRAS","RUA DOIS DE OUTUBRO","AVERIGUAÇÃO/CORTE DE ÁRVORE","ABT-0600","1º BBM / 2ª CIA / 2º PEL / PASSO D`AREIA","-30.02407020165512","-51.12329007896466","VISTORIA",""
"PORTO ALEGRE","936428","29/08/2026 - 15:47","SÃO JOSÉ","ERNESTO ARAÚJO","AVERIGUAÇÃO/CORTE DE ÁRVORE","ABT-1364","1º BBM / 2ª CIA / 3º PEL / PARTENON","-30.07584390622476","-51.16445659599691","EVENTO EXTREMO | VISTORIA",""
"PORTO ALEGRE","936463","29/08/2026 - 16:07","NONOAI","COSTA LIMA","ATENDIMENTO PRÉ-HOSPITALAR","ABT-0594","1º BBM / 1ª CIA / 2º PEL / TERESÓPOLIS","-30.08443154403435","-51.2128758430481","",""
"PORTO ALEGRE","936559","29/08/2026 - 17:04","SÃO SEBASTIÃO","ASSIS BRASIL","AÇÕES PREVENTIVAS","ABT-0597","1º BBM / 2ª CIA / 1º PEL / FLORESTA","-30.01031505346809","-51.14864094344934","VISTORIA DE HIDRANTES",""
"PORTO ALEGRE","936562","29/08/2026 - 17:05","NAVEGANTES","AVENIDA BRASIL","AÇÕES PREVENTIVAS","ABT-0597","1º BBM / 2ª CIA / 1º PEL / FLORESTA","-30.007438060190115","-51.19398975062565","VISTORIA DE HIDRANTES",""
"PORTO ALEGRE","936566","29/08/2026 - 17:06","CAMPO NOVO","ESTRADA COSTA GAMA","OCORRÊNCIA NÃO ATENDIDA","ABT-0598","1º BBM / 1ª CIA / 4º PEL / RESTINGA","-30.14162010244063","-51.166355609893806","",""
"PORTO ALEGRE","936572","29/08/2026 - 17:07","TERESÓPOLIS","OCTÁVIO DE SOUZA","ATENDIMENTO PRÉ-HOSPITALAR","AR-1628","1º BBM / 1ª CIA / 2º PEL / TERESÓPOLIS","-30.08043954581446","-51.21497869491577","",""
"PORTO ALEGRE","936620","29/08/2026 - 17:46","RESTINGA","R. CAP. PEDROSO","AÇÕES PREVENTIVAS","ABT-0598","1º BBM / 1ª CIA / 4º PEL / RESTINGA","-30.165740360884875","-51.147923469543464","VISTORIA DE HIDRANTES",""
"PORTO ALEGRE","936623","29/08/2026 - 17:46","RESTINGA","ESTRADA COSTA GAMA","AÇÕES PREVENTIVAS","ABT-0598","1º BBM / 1ª CIA / 4º PEL / RESTINGA","-30.156000197379377","-51.16122722625733","VISTORIA DE HIDRANTES",""
"PORTO ALEGRE","936668","29/08/2026 - 19:08","IPANEMA","CONSELHEIRO XAVIER DA COSTA","AÇÕES PREVENTIVAS","ABT-0596","1º BBM / 1ª CIA / 3º PEL / ASSUNÇÃO","-30.132675552182434","-51.22605085042448","VISTORIA DE HIDRANTES",""
"PORTO ALEGRE","936680","29/08/2026 - 19:14","IPANEMA","CONSELHEIRO XAVIER DA COSTA","AÇÕES PREVENTIVAS","ABT-0596","1º BBM / 1ª CIA / 3º PEL / ASSUNÇÃO","-30.133473568375173","-51.224698808879495","VISTORIA DE HIDRANTES",""
"PORTO ALEGRE","936689","29/08/2026 - 19:18","BOM FIM","VASCO DA GAMA","ATENDIMENTO PRÉ-HOSPITALAR","AR-1628","1º BBM / 1ª CIA / 2º PEL / TERESÓPOLIS","-30.03237438981882","-51.2057626247406","",""
"PORTO ALEGRE","936728","29/08/2026 - 20:10","AZENHA","JOSÉ HONORATO DOS SANTOS","SALVAMENTO/BUSCA/RESGATE","ABT-1365","1º BBM / 1ª CIA / 1º PEL / AÇORIANOS","-30.046213157299167","-51.21656656265259","ELEVADORES",""
"PORTO ALEGRE","936739","29/08/2026 - 20:29","CENTRO HISTÓRICO","AV DES. ANDRÉ DA ROCHA","SALVAMENTO/BUSCA/RESGATE","ABT-1365","1º BBM / 1ª CIA / 1º PEL / AÇORIANOS","-30.03464538053039","-51.225546598434455","OCORRÊNCIA DE VULTO | SUICÍDIO/TENTATIVA",""
"PORTO ALEGRE","936768","29/08/2026 - 22:07","CIDADE BAIXA","JOSÉ DO PATROCÍNIO","ATENDIMENTO PRÉ-HOSPITALAR","AR-1628","1º BBM / 1ª CIA / 2º PEL / TERESÓPOLIS","-30.04299976346905","-51.219871044158936","",""
"PORTO ALEGRE","936769","29/08/2026 - 22:15","GLÓRIA","RUA DO HERVAL","AÇÕES PREVENTIVAS","ABT-1364","1º BBM / 2ª CIA / 3º PEL / PARTENON","-30.08868330912229","-51.16405796528608","APOIO À PESSOA OU INSTITUIÇÃO | RESGATE",""
"PORTO ALEGRE","936776","29/08/2026 - 23:14","TERESÓPOLIS","CASSILDA FLORA ZAFFARI","INCÊNDIO","ABT-0594","1º BBM / 1ª CIA / 2º PEL / TERESÓPOLIS","-30.075333266756754","-51.20609521865845","EDIFICAÇÃO MULTIFAMILIAR",""
"PORTO ALEGRE","936779","29/08/2026 - 23:34","COSTA E SILVA","WALDEMAR LUIZ DE FREITAS FILHO","SALVAMENTO/BUSCA/RESGATE","ABT-0600","1º BBM / 2ª CIA / 2º PEL / PASSO D`AREIA","-30.01149184045208","-51.116230487823486","ELEVADORES",""
"PORTO ALEGRE","936781","29/08/2026 - 23:48","TERESÓPOLIS","DARIO TOTTA","ATENDIMENTO PRÉ-HOSPITALAR","AR-1628","1º BBM / 1ª CIA / 2º PEL / TERESÓPOLIS","-30.08110798465347","-51.21362686157227","",""
"PORTO ALEGRE","936783","30/08/2026 - 00:36","PARTENON","PEDRO BOTICÁRIO","INCÊNDIO","ABT-1365","1º BBM / 1ª CIA / 1º PEL / AÇORIANOS","-30.07022672414727","-51.20096683502198","EDIFICAÇÃO COMERCIAL | EDIFICAÇÃO RESIDENCIAL UNIFAMILIAR",""
"PORTO ALEGRE","936786","30/08/2026 - 01:01","CIDADE BAIXA","SOFIA VELOSO","SALVAMENTO/BUSCA/RESGATE","ABT-1365","1º BBM / 1ª CIA / 1º PEL / AÇORIANOS","-30.03647049485604","-51.22190952301026","SUICÍDIO/TENTATIVA",""
"PORTO ALEGRE","936786","30/08/2026 - 01:01","CIDADE BAIXA","SOFIA VELOSO","SALVAMENTO/BUSCA/RESGATE","ABTS-866","BBS / 1ª CIA / 1º PEL / TERRESTRE","-30.03659123914757","-51.22199535369873","SUICÍDIO/TENTATIVA",""
"PORTO ALEGRE","936795","30/08/2026 - 02:59","MORRO SANTANA","AV. PROTÁSIO ALVES","AÇÕES PREVENTIVAS","ABT-1364","1º BBM / 2ª CIA / 3º PEL / PARTENON","-30.040529262112468","-51.16536821658343","ACIDENTES DOMÉSTICOS",""
"PORTO ALEGRE","936851","30/08/2026 - 09:42","RUBEM BERTA","ABEL ROCHA TRILHA","SALVAMENTO/BUSCA/RESGATE","ABT-0600","1º BBM / 2ª CIA / 2º PEL / PASSO D`AREIA","-30.01753039612233","-51.11764669418335","DE ANIMAL",""
"PORTO ALEGRE","936938","30/08/2026 - 10:22","CIDADE BAIXA","GEN LIMA E SILVA","AVERIGUAÇÃO/CORTE DE ÁRVORE","ABT-1365","1º BBM / 1ª CIA / 1º PEL / AÇORIANOS","-30.04385420205962","-51.21624469757081","CORTE PARCIAL",""
"PORTO ALEGRE","937006","30/08/2026 - 11:10","VILA ASSUNÇÃO","RUA DOUTOR CASTRO DE MENEZES","AÇÕES PREVENTIVAS","ABT-0596","1º BBM / 1ª CIA / 3º PEL / ASSUNÇÃO","-30.097650352444965","-51.250770209330376","VISTORIA DE HIDRANTES",""
"PORTO ALEGRE","937007","30/08/2026 - 11:15","CENTRO","JOSÉ LOUREIRO DA SILVA","AÇÕES PREVENTIVAS","ATP-201","1º BBM / 1ª CIA / 1º PEL / AÇORIANOS","-30.04060358115423","-51.23719455228261","APOIO À PESSOA OU INSTITUIÇÃO",""
"PORTO ALEGRE","937010","30/08/2026 - 11:26","VILA ASSUNÇÃO","PARECI","AÇÕES PREVENTIVAS","ABT-0596","1º BBM / 1ª CIA / 3º PEL / ASSUNÇÃO","-30.098792075072407","-51.255909344936406","VISTORIA DE HIDRANTES",""
"PORTO ALEGRE","937013","30/08/2026 - 11:29","VILA ASSUNÇÃO","BORORÓ","ATENDIMENTO PRÉ-HOSPITALAR","ABT-0596","1º BBM / 1ª CIA / 3º PEL / ASSUNÇÃO","-30.097836027537806","-51.25455704561818","",""
"PORTO ALEGRE","937016","30/08/2026 - 11:46","LAGEADO","ALAMEDA DO JESUÍNO","INCÊNDIO","ABT-0599","1º BBM / 1ª CIA / 5º PEL / BELÉM NOVO","-30.20713922604958","-51.144425868988044","MEIO DE TRANSPORTE",""
"PORTO ALEGRE","937025","30/08/2026 - 12:46","TERESÓPOLIS","CARLOS FERREIRA","AÇÕES PREVENTIVAS","ABT-0594","1º BBM / 1ª CIA / 2º PEL / TERESÓPOLIS","-30.080402410190956","-51.20227575302124","VISTORIA DE HIDRANTES",""
"PORTO ALEGRE","937026","30/08/2026 - 12:46","TERESÓPOLIS","CARLOS FERREIRA","AÇÕES PREVENTIVAS","ABT-0594","1º BBM / 1ª CIA / 2º PEL / TERESÓPOLIS","-30.082110634442504","-51.204056739807136","VISTORIA DE HIDRANTES",""
"PORTO ALEGRE","937029","30/08/2026 - 13:06","CAVALHADA","CANELA","ATENDIMENTO PRÉ-HOSPITALAR","AR-1628","1º BBM / 1ª CIA / 2º PEL / TERESÓPOLIS","-30.09932349751467","-51.228508663509096","",""
"PORTO ALEGRE","937035","30/08/2026 - 13:49","VILA NOVA","ATÍLIO SUPERTI","AVERIGUAÇÃO/CORTE DE ÁRVORE","ABT-0599","1º BBM / 1ª CIA / 5º PEL / BELÉM NOVO","-30.1230249246831","-51.21199607849122","VISTORIA",""
"PORTO ALEGRE","937109","30/08/2026 - 16:07","CRISTAL","DIÁRIO DE NOTÍCIAS","AVERIGUAÇÃO/CORTE DE ÁRVORE","ABT-0596","1º BBM / 1ª CIA / 3º PEL / ASSUNÇÃO","-30.09536693944164","-51.25010489095567","CORTE PARCIAL",""
"PORTO ALEGRE","937126","30/08/2026 - 17:25","HÍPICA","JORGE BABOT MIRANDA","SALVAMENTO/BUSCA/RESGATE","ABT-0599","1º BBM / 1ª CIA / 5º PEL / BELÉM NOVO","-30.159729402221117","-51.177363395690925","DE ANIMAL",""
"PORTO ALEGRE","937127","30/08/2026 - 17:26","PONTA GROSSA","RUA EMILIO DIMARI","OCORRÊNCIA NÃO ATENDIDA","AR-1628","1º BBM / 1ª CIA / 2º PEL / TERESÓPOLIS","-30.182966448516467","-51.18504524230958","",""
"PORTO ALEGRE","937130","30/08/2026 - 17:33","COSTA E SILVA","JORGE ALBERTO CAMPEZATO","AVERIGUAÇÃO/CORTE DE ÁRVORE","ABT-0600","1º BBM / 2ª CIA / 2º PEL / PASSO D`AREIA","-30.011529001918912","-51.116960048675544","CORTE PARCIAL | OCORRÊNCIA DE VULTO | VISTORIA",""
"PORTO ALEGRE","937139","30/08/2026 - 18:13","BELÉM NOVO","FRANCISCA DE OLIVEIRA VIEIRA","SALVAMENTO/BUSCA/RESGATE","ABT-0599","1º BBM / 1ª CIA / 5º PEL / BELÉM NOVO","-30.197310425792043","-51.17079734802247","DE ANIMAL",""
"PORTO ALEGRE","937142","30/08/2026 - 18:20","HUMAITÁ","AV. PADRE LEOPOLDO BRENTANO","AÇÕES PREVENTIVAS","AR-1628","1º BBM / 1ª CIA / 2º PEL / TERESÓPOLIS","-29.9729667315744","-51.19502892910682","APOIO À PESSOA OU INSTITUIÇÃO | FESTAS E EVENTOS",""
"PORTO ALEGRE","937142","30/08/2026 - 18:20","HUMAITÁ","AV. PADRE LEOPOLDO BRENTANO","AÇÕES PREVENTIVAS","ABT-0597","1º BBM / 2ª CIA / 1º PEL / FLORESTA","-29.97389588944316","-51.195858375438256","APOIO À PESSOA OU INSTITUIÇÃO",""
"PORTO ALEGRE","937146","30/08/2026 - 18:41","RESTINGA","RUA LARANJEIRAS","SALVAMENTO/BUSCA/RESGATE","ABT-0598","1º BBM / 1ª CIA / 4º PEL / RESTINGA","-30.16811495961068","-51.147301197052","SUICÍDIO/TENTATIVA",""
"PORTO ALEGRE","937146","30/08/2026 - 18:41","RESTINGA","RUA LARANJEIRAS","SALVAMENTO/BUSCA/RESGATE","ABTS-866","BBS / 1ª CIA / 1º PEL / TERRESTRE","-30.16811495961068","-51.14723682403565","SUICÍDIO/TENTATIVA",""
"PORTO ALEGRE","937152","30/08/2026 - 19:01","JARDIM CARVALHO","ARISTIDES ROSA","AÇÕES PREVENTIVAS","ABT-1364","1º BBM / 2ª CIA / 3º PEL / PARTENON","-30.060068567462395","-51.14146470032126","APOIO À PESSOA OU INSTITUIÇÃO",""
"PORTO ALEGRE","937163","30/08/2026 - 19:53","PRAIA DE BELAS","PADRE CACIQUE","INCÊNDIO","ABT-1365","1º BBM / 1ª CIA / 1º PEL / AÇORIANOS","-30.06240856112701","-51.23117923736573","EDIFICAÇÃO COMERCIAL",""
"PORTO ALEGRE","937166","30/08/2026 - 20:02","INDEPENDÊNCIA","MOSTARDEIRO","INCÊNDIO","ABT-1365","1º BBM / 1ª CIA / 1º PEL / AÇORIANOS","-30.028528912657872","-51.201162106501","CONTAINER | LIXO",""
"PORTO ALEGRE","937171","30/08/2026 - 20:22","BELÉM NOVO","AV. DO LAMI","AÇÕES PREVENTIVAS","ABT-0599","1º BBM / 1ª CIA / 5º PEL / BELÉM NOVO","-30.212331403546486","-51.16425275802613","VISTORIA DE HIDRANTES",""
"PORTO ALEGRE","937173","30/08/2026 - 20:28","LAGEADO","ALAMEDA DO JESUÍNO","AÇÕES PREVENTIVAS","ABT-0599","1º BBM / 1ª CIA / 5º PEL / BELÉM NOVO","-30.206582905069506","-51.14423274993897","VISTORIA DE HIDRANTES",""
"PORTO ALEGRE","937184","30/08/2026 - 20:58","CRISTAL","JATAÍ","ATENDIMENTO PRÉ-HOSPITALAR","AR-1628","1º BBM / 1ª CIA / 2º PEL / TERESÓPOLIS","-30.0843705340633","-51.23754064129433","",""
"PORTO ALEGRE","937186","30/08/2026 - 21:16","LOMBA DO PINHEIRO","PEDRO ÁLVARES CABRAL","SALVAMENTO/BUSCA/RESGATE","ABT-0598","1º BBM / 1ª CIA / 4º PEL / RESTINGA","-30.12345179937876","-51.09891414642335","DE ANIMAL",""
"PORTO ALEGRE","937196","30/08/2026 - 22:17","FLORESTA","AV CRISTOVÃO COLOMBO","AÇÕES PREVENTIVAS","ABT-0597","1º BBM / 2ª CIA / 1º PEL / FLORESTA","-30.026578251269733","-51.214290523126486","VISTORIA DE HIDRANTES",""
"PORTO ALEGRE","937197","30/08/2026 - 22:18","FARRAPOS","VOLUNTARIOS DA PATRIA","AÇÕES PREVENTIVAS","ABT-0597","1º BBM / 2ª CIA / 1º PEL / FLORESTA","-30.025314945320606","-51.217915343433155","VISTORIA DE HIDRANTES",""
"PORTO ALEGRE","937199","30/08/2026 - 22:38","LOMBA DO PINHEIRO","ESTR. JOÃO DE OLIVEIRA REMIÃO","ATENDIMENTO PRÉ-HOSPITALAR","AR-1628","1º BBM / 1ª CIA / 2º PEL / TERESÓPOLIS","-30.12996876573609","-51.09772655971735","",""
"PORTO ALEGRE","937227","31/08/2026 - 06:59","CAMAQUÃ","ITAIPAVA","SALVAMENTO/BUSCA/RESGATE","ABT-0596","1º BBM / 1ª CIA / 3º PEL / ASSUNÇÃO","-30.097575849773655","-51.2376703765117","REMOÇÃO DE FONTE DE PERIGO",""
"PORTO ALEGRE","937233","31/08/2026 - 08:13","CENTRO","GENERAL LIMA E SILVA","SALVAMENTO/BUSCA/RESGATE","ABT-1365","1º BBM / 1ª CIA / 1º PEL / AÇORIANOS","-30.03904324523599","-51.22006952762604","ELEVADORES",""
"PORTO ALEGRE","937252","31/08/2026 - 08:57","RESTINGA","RICARDO LEONIDAS RIBAS","SALVAMENTO/BUSCA/RESGATE","ABT-0598","1º BBM / 1ª CIA / 4º PEL / RESTINGA","-30.146760067415553","-51.13232374191285","DE ANIMAL",""
"PORTO ALEGRE","937253","31/08/2026 - 08:59","LAMI","DONA MALVINA","AVERIGUAÇÃO/CORTE DE ÁRVORE","ABT-0599","1º BBM / 1ª CIA / 5º PEL / BELÉM NOVO","-30.238788708577896","-51.089751720428474","CORTE PARCIAL",""
"PORTO ALEGRE","937256","31/08/2026 - 09:02","JARDIM SÃO PEDRO","PEREIRA PINTO","SALVAMENTO/BUSCA/RESGATE","ABT-0600","1º BBM / 2ª CIA / 2º PEL / PASSO D`AREIA","-30.003023308164742","-51.164633631706245","DE ANIMAL",""
"PORTO ALEGRE","937262","31/08/2026 - 09:15","VILA NOVA","JOAQUIM DE CARVALHO","AVERIGUAÇÃO/CORTE DE ÁRVORE","ABT-0594","1º BBM / 1ª CIA / 2º PEL / TERESÓPOLIS","-30.117753798115892","-51.2204933166504","CORTE PARCIAL",""
"PORTO ALEGRE","937281","31/08/2026 - 10:01","GLÓRIA","PROFESSOR OSCAR PEREIRA","ATENDIMENTO PRÉ-HOSPITALAR","AR-1628","1º BBM / 1ª CIA / 2º PEL / TERESÓPOLIS","-30.085685632963024","-51.190038758120124","",""
"PORTO ALEGRE","937283","31/08/2026 - 10:05","PRAIA DE BELAS","PRAIA DE BELAS","INCÊNDIO","ABT-1365","1º BBM / 1ª CIA / 1º PEL / AÇORIANOS","-30.051683116855145","-51.22887253761292","LIXO",""
"PORTO ALEGRE","937305","31/08/2026 - 11:09","PRAIA DE BELAS","EDVALDO PEREIRA PAIVA","AÇÕES PREVENTIVAS","ATP-201","1º BBM / 1ª CIA / 1º PEL / AÇORIANOS","-30.040752183293456","-51.23722433492979","FESTAS E EVENTOS",""
"PORTO ALEGRE","937313","31/08/2026 - 11:13","PARTENON","PADRE TODESCO","SALVAMENTO/BUSCA/RESGATE","ABT-1364","1º BBM / 2ª CIA / 3º PEL / PARTENON","-30.063597110870422","-51.15558384196608","DE ANIMAL",""
"PORTO ALEGRE","937323","31/08/2026 - 11:19","RESTINGA","BISPO MARINO PRUDENCIO MOREIRA","AVERIGUAÇÃO/CORTE DE ÁRVORE","ABT-0598","1º BBM / 1ª CIA / 4º PEL / RESTINGA","-30.152790370834605","-51.13367557525635","CORTE TOTAL",""
"PORTO ALEGRE","937357","31/08/2026 - 11:49","RUBEM BERTA","DOMÊNICO FEOLI","AÇÕES PREVENTIVAS","ABT-0600","1º BBM / 2ª CIA / 2º PEL / PASSO D`AREIA","-30.02618811438593","-51.1060380935669","VISTORIA ÁREA DE RISCO S/ INTERDIÇÃO",""
"PORTO ALEGRE","937360","31/08/2026 - 12:01","PETRÓPOLIS","CORONEL LUCAS DE OLIVEIRA","AÇÕES PREVENTIVAS","ABT-0597","1º BBM / 2ª CIA / 1º PEL / FLORESTA","-30.03384194804736","-51.1945521931575","APOIO À PESSOA OU INSTITUIÇÃO",""
"PORTO ALEGRE","937389","31/08/2026 - 13:40","LAMI","DONA MALVINA","AVERIGUAÇÃO/CORTE DE ÁRVORE","ABT-0599","1º BBM / 1ª CIA / 5º PEL / BELÉM NOVO","-30.23880724659004","-51.08977317810059","CORTE PARCIAL",""
"PORTO ALEGRE","937395","31/08/2026 - 13:49","CRISTO REDENTOR","JAÚ","AVERIGUAÇÃO/MANEJO DE INSETOS","ABT-0600","1º BBM / 2ª CIA / 2º PEL / PASSO D`AREIA","-30.005044115214066","-51.15772962570191","VISTORIA",""
"PORTO ALEGRE","937429","31/08/2026 - 14:15","AGRONOMIA","BENTO GONÇALVES","SALVAMENTO/BUSCA/RESGATE","ABT-1364","1º BBM / 2ª CIA / 3º PEL / PARTENON","-30.065825616959437","-51.15122787834453","COLISÃO/CHOQUE | DESENCARCERAMENTO",""
"PORTO ALEGRE","937455","31/08/2026 - 14:47","RUBEM BERTA","MARIA DORVALINA BORGES","AVERIGUAÇÃO/MANEJO DE INSETOS","ABT-0600","1º BBM / 2ª CIA / 2º PEL / PASSO D`AREIA","-29.995808458990254","-51.10389232635499","VISTORIA",""
"PORTO ALEGRE","937459","31/08/2026 - 15:02","RESTINGA","R. PADRE JOÃO OSCAR NEDEL","AVERIGUAÇÃO/CORTE DE ÁRVORE","ABT-0598","1º BBM / 1ª CIA / 4º PEL / RESTINGA","-30.14418084048344","-51.13223791122437","VISTORIA",""
"PORTO ALEGRE","937483","31/08/2026 - 15:48","RESTINGA","MARECHAL MARCIANO ÁVILA","ATENDIMENTO PRÉ-HOSPITALAR","AR-1628","1º BBM / 1ª CIA / 2º PEL / TERESÓPOLIS","-30.131278774405917","-51.17209747782407","",""
"PORTO ALEGRE","937486","31/08/2026 - 16:00","NAVEGANTES","ARABUTAN","AVERIGUAÇÃO/CORTE DE ÁRVORE","ABT-0597","1º BBM / 2ª CIA / 1º PEL / FLORESTA","-30.004406133066375","-51.19425806270212","CORTE TOTAL",""
"PORTO ALEGRE","937508","31/08/2026 - 16:17","BELÉM NOVO","ESTRADA FRANCISCA DE OLIVEIRA VIEIRA","SALVAMENTO/BUSCA/RESGATE","ABT-0599","1º BBM / 1ª CIA / 5º PEL / BELÉM NOVO","-30.197162059024457","-51.17045402526856","DE ANIMAL",""
"PORTO ALEGRE","937515","31/08/2026 - 16:33","PRAIA DE BELAS","OTÁVIO FRANCISCO CARUSO DA ROCHA","AÇÕES PREVENTIVAS","ABT-1365","1º BBM / 1ª CIA / 1º PEL / AÇORIANOS","-30.040464266446303","-51.23423695564271","APOIO À PESSOA OU INSTITUIÇÃO",""
"PORTO ALEGRE","937526","31/08/2026 - 16:57","VILA NOVA","ATÍLIO SUPERTTI","AVERIGUAÇÃO/CORTE DE ÁRVORE","ABT-0599","1º BBM / 1ª CIA / 5º PEL / BELÉM NOVO","-30.122653727795605","-51.212060451507575","VISTORIA",""
"PORTO ALEGRE","937557","31/08/2026 - 17:58","PETRÓPOLIS","FARIA SANTOS","SALVAMENTO/BUSCA/RESGATE","ABT-0597","1º BBM / 2ª CIA / 1º PEL / FLORESTA","-30.04519776087998","-51.19065283986967","DE ANIMAL",""
"PORTO ALEGRE","937560","31/08/2026 - 18:01","CAVALHADA","STEPHAN ZWEIG","ATENDIMENTO PRÉ-HOSPITALAR","AR-1628","1º BBM / 1ª CIA / 2º PEL / TERESÓPOLIS","-30.099314958517514","-51.23373078545195","",""
"PORTO ALEGRE","937584","31/08/2026 - 18:40","LOMBA DO PINHEIRO","PADRE ROQUE GONZALES","INCÊNDIO","ABT-0598","1º BBM / 1ª CIA / 4º PEL / RESTINGA","-30.113818830111736","-51.10191822052002","TRANSFORMADOR/REDE ELÉTRICA",""
"PORTO ALEGRE","937608","31/08/2026 - 19:33","VILA NOVA","K","SALVAMENTO/BUSCA/RESGATE","ABT-0594","1º BBM / 1ª CIA / 2º PEL / TERESÓPOLIS","-30.141490208160228","-51.18066787719727","DE ANIMAL",""
"PORTO ALEGRE","937617","31/08/2026 - 20:16","CENTRO HISTÓRICO","TÚNEL DA CONCEIÇÃO","INCÊNDIO","ABT-1365","1º BBM / 1ª CIA / 1º PEL / AÇORIANOS","-30.029206990720844","-51.21951699256897","LIXO",""
"PORTO ALEGRE","937619","31/08/2026 - 20:23","CRISTO REDENTOR","JAÚ","AVERIGUAÇÃO/MANEJO DE INSETOS","ABT-0600","1º BBM / 2ª CIA / 2º PEL / PASSO D`AREIA","-30.005137024893372","-51.15772975047104","EXTERMÍNIO",""
"PORTO ALEGRE","937630","31/08/2026 - 22:17","PROTÁSIO ALVES","DELEGADO ELY CORRÊA PRADO","INCÊNDIO","ABT-0600","1º BBM / 2ª CIA / 2º PEL / PASSO D`AREIA","-30.0373528535956","-51.10461873656943","TRANSFORMADOR/REDE ELÉTRICA",""