"Cidade","Nº Oc.","Data","Bairro","Local","Emergência","Viaturas","Obm.","Latitude","Longitude","todos_subgrupos","Detalhar"
"PORTO ALEGRE","917188","01/07/2026 - 04:49","JARDIM DO SALSO","JOSE ALBANO WOLKMER","INCÊNDIO","ABT-1365","1º BBM / 2ª CIA / 3º PEL / PARTENON","-30.05011366870188","-51.167621612548835","LIXO | TERRENO BALDIO | VEGETAÇÃO",""
"PORTO ALEGRE","917220","01/07/2026 - 10:01","TRISTEZA","COMENDADOR SOUZA GOMES","AÇÕES PREVENTIVAS","ABT-0596","1º BBM / 1ª CIA / 3º PEL / ASSUNÇÃO","-30.11132228669308","-51.255469282547175","PROGRAMA BOMBEIRO NA ESCOLA",""
"PORTO ALEGRE","917222","01/07/2026 - 10:10","INDEPENDÊNCIA","RAMIRO BARCELOS","SALVAMENTO/BUSCA/RESGATE","ABT-0597","1º BBM / 2ª CIA / 1º PEL / FLORESTA","-30.03852312780273","-51.20731863250542","SUICÍDIO/TENTATIVA",""
"PORTO ALEGRE","917232","01/07/2026 - 10:39","COSTA E SILVA","HOMERO GUERREIRO","SALVAMENTO/BUSCA/RESGATE","ABT-0600","1º BBM / 2ª CIA / 2º PEL / PASSO D`AREIA","-30.00747827117864","-51.12266767379174","DE ANIMAL",""
"PORTO ALEGRE","917236","01/07/2026 - 11:11","HÍPICA","SAY MARQUES","AÇÕES PREVENTIVAS","ABT-0598","1º BBM / 1ª CIA / 4º PEL / RESTINGA","-30.15651969705559","-51.173393726348884","APOIO À PESSOA OU INSTITUIÇÃO",""
"PORTO ALEGRE","917246","01/07/2026 - 11:55","CENTRO","VOLUNTÁRIOS DA PÁTRIA","ATENDIMENTO PRÉ-HOSPITALAR","AR-1628","1º BBM / 1ª CIA / 2º PEL / TERESÓPOLIS","-30.02694896063977","-51.22431030791985","",""
"PORTO ALEGRE","917255","01/07/2026 - 12:48","CIDADE BAIXA","JOSE DO PATROCINIO","AÇÕES PREVENTIVAS","ABT-327","1º BBM / 1ª CIA / 1º PEL / AÇORIANOS","-30.04017634876246","-51.22298240661622","",""
"PORTO ALEGRE","917257","01/07/2026 - 13:02","SANTA CECÍLIA","SILVA SÓ","ATENDIMENTO PRÉ-HOSPITALAR","AR-1628","1º BBM / 1ª CIA / 2º PEL / TERESÓPOLIS","-30.041248802788097","-51.20242365116308","OCORRÊNCIA DE VULTO",""
"PORTO ALEGRE","917287","01/07/2026 - 14:28","BELÉM NOVO","AVENIDA DO LAMI","AÇÕES PREVENTIVAS","ABT-0599","1º BBM / 1ª CIA / 5º PEL / BELÉM NOVO","-30.208789626453793","-51.16629123687745","PROGRAMA BOMBEIRO NA ESCOLA",""
"PORTO ALEGRE","917323","01/07/2026 - 16:26","AUXILIADORA","24 DE OUTUBRO","OCORRÊNCIA NÃO ATENDIDA","ABT-0597","1º BBM / 2ª CIA / 1º PEL / FLORESTA","-30.02182219215464","-51.192469765634314","",""
"PORTO ALEGRE","917345","01/07/2026 - 18:20","PARTENON","AVENIDA BENTO GONÇALVES 3850","ATENDIMENTO PRÉ-HOSPITALAR","AR-1628","1º BBM / 1ª CIA / 2º PEL / TERESÓPOLIS","-30.063413821709364","-51.185668768702115","",""
"PORTO ALEGRE","917352","01/07/2026 - 18:36","MORRO SANTANA","AV. PROTÁSIO ALVES","SALVAMENTO/BUSCA/RESGATE","ABT-1365","1º BBM / 2ª CIA / 3º PEL / PARTENON","-30.040715084060004","-51.10811906144515","SUICÍDIO/TENTATIVA",""
"PORTO ALEGRE","917352","01/07/2026 - 18:36","MORRO SANTANA","AV. PROTÁSIO ALVES","SALVAMENTO/BUSCA/RESGATE","ABTS-866","BBS / 1ª CIA / 1º PEL / TERRESTRE","-30.039080396376743","-51.12380504608155","SUICÍDIO/TENTATIVA",""
"PORTO ALEGRE","917361","01/07/2026 - 19:13","PARTENON","HOMEM DE MELLO","ATENDIMENTO PRÉ-HOSPITALAR","AR-1628","1º BBM / 1ª CIA / 2º PEL / TERESÓPOLIS","-30.06493630331061","-51.18961973864035","",""
"PORTO ALEGRE","917392","01/07/2026 - 20:45","CAVALHADA","AVENIDA CAVALHADA","ATENDIMENTO PRÉ-HOSPITALAR","AR-1628","1º BBM / 1ª CIA / 2º PEL / TERESÓPOLIS","-30.120141444460796","-51.224132612180696","",""
"PORTO ALEGRE","917393","01/07/2026 - 21:00","AUXILIADORA","AUXILIADORA","PRODUTOS PERIGOSOS","ABT-0597","1º BBM / 2ª CIA / 1º PEL / FLORESTA","-30.02295549257115","-51.191310889906255","EXPLOSIVO",""
"PORTO ALEGRE","917408","01/07/2026 - 23:15","MONT SERRAT","DOUTOR FREIRE ALEMÃO","PRODUTOS PERIGOSOS","ABT-0597","1º BBM / 2ª CIA / 1º PEL / FLORESTA","-30.02819451628889","-51.191525466627446","EXPLOSIVO",""
"PORTO ALEGRE","917410","01/07/2026 - 23:49","JARDIM LINDÓIA","GUADALUPE","INCÊNDIO","ABT-0600","1º BBM / 2ª CIA / 2º PEL / PASSO D`AREIA","-29.99962732843762","-51.14798781612153","EDIFICAÇÃO MULTIFAMILIAR",""
"PORTO ALEGRE","917440","02/07/2026 - 07:29","SARANDI","ASSIS BRASIL","INCÊNDIO","ABT-0600","1º BBM / 2ª CIA / 2º PEL / PASSO D`AREIA","-29.96625489402535","-51.115970632836564","MEIO DE TRANSPORTE",""
"PORTO ALEGRE","917453","02/07/2026 - 09:14","JARDIM CARVALHO","SARGENTO MANOEL RAYMUNDO SOARES","SALVAMENTO/BUSCA/RESGATE","ABT-1365","1º BBM / 2ª CIA / 3º PEL / PARTENON","-30.04668679902008","-51.147987842559814","DE ANIMAL",""
"PORTO ALEGRE","917462","02/07/2026 - 09:41","PASSO DAREIA","ANDRÉ ARJONAS GUILLEN","SALVAMENTO/BUSCA/RESGATE","ABT-0600","1º BBM / 2ª CIA / 2º PEL / PASSO D`AREIA","-30.02076319779412","-51.16837264098735","DE ANIMAL",""
"PORTO ALEGRE","917463","02/07/2026 - 09:44","SANTA CECÍLIA","SILVA SO","AÇÕES PREVENTIVAS","AR-1628","1º BBM / 1ª CIA / 2º PEL / TERESÓPOLIS","-30.041458040410962","-51.2029083004122","FESTAS E EVENTOS",""
"PORTO ALEGRE","917468","02/07/2026 - 10:02","TRISTEZA","COPACABANA","AÇÕES PREVENTIVAS","ABT-0596","1º BBM / 1ª CIA / 3º PEL / ASSUNÇÃO","-30.104519061128943","-51.25568389892579","APOIO À PESSOA OU INSTITUIÇÃO",""
"PORTO ALEGRE","917497","02/07/2026 - 11:57","FLORESTA","SANTOS DUMONT","AVERIGUAÇÃO/CORTE DE ÁRVORE","ABT-0597","1º BBM / 2ª CIA / 1º PEL / FLORESTA","-30.017048873506543","-51.208584253470896","CORTE TOTAL",""
"PORTO ALEGRE","917499","02/07/2026 - 12:11","LAGEADO","ESTRADA  JAQUES DA ROSA","ATENDIMENTO PRÉ-HOSPITALAR","ABT-0599","1º BBM / 1ª CIA / 5º PEL / BELÉM NOVO","-30.19720842366335","-51.13120762145853","DESENCARCERAMENTO",""
"PORTO ALEGRE","917531","02/07/2026 - 15:10","PASSO DAREIA","CAMBAÍ","AVERIGUAÇÃO/CORTE DE ÁRVORE","ABT-0597","1º BBM / 2ª CIA / 1º PEL / FLORESTA","-30.01040795821123","-51.17277165240958","CORTE PARCIAL",""
"PORTO ALEGRE","917537","02/07/2026 - 15:26","SARANDI","RUA UM","OCORRÊNCIA NÃO ATENDIDA","ABT-0600","1º BBM / 2ª CIA / 2º PEL / PASSO D`AREIA","-29.990325775362862","-51.122065454438655","",""
"PORTO ALEGRE","917543","02/07/2026 - 15:59","PARTENON","MARTIM BROMBERG","AVERIGUAÇÃO/CORTE DE ÁRVORE","ABT-327","1º BBM / 1ª CIA / 1º PEL / AÇORIANOS","-30.061178212016618","-51.19627833366395","CORTE TOTAL",""
"PORTO ALEGRE","917558","02/07/2026 - 16:59","PARTENON","RUA MANOEL VITORINO","ATENDIMENTO PRÉ-HOSPITALAR","ABT-0594","1º BBM / 1ª CIA / 2º PEL / TERESÓPOLIS","-30.06593702470221","-51.18837110042795","",""
"PORTO ALEGRE","917566","02/07/2026 - 17:22","MENINO DEUS","MUCIO TEIXEIRA","INCÊNDIO","ABT-0597","1º BBM / 2ª CIA / 1º PEL / FLORESTA","-30.058746873401017","-51.2255108282938","TRANSFORMADOR/REDE ELÉTRICA",""
"PORTO ALEGRE","917580","02/07/2026 - 18:36","PARTENON","AV. BENTO GONÇALVES","AVERIGUAÇÃO/CORTE DE ÁRVORE","ABT-1365","1º BBM / 2ª CIA / 3º PEL / PARTENON","-30.062464274687077","-51.17742776870728","CORTE PARCIAL",""
"PORTO ALEGRE","917585","02/07/2026 - 18:57","GUARUJÁ","RUA GUARÁ","OCORRÊNCIA NÃO ATENDIDA","ABT-0599","1º BBM / 1ª CIA / 5º PEL / BELÉM NOVO","-30.15926557845281","-51.21939945167472","",""
"PORTO ALEGRE","917588","02/07/2026 - 19:07","NONOAI","COSTA LIMA","ATENDIMENTO PRÉ-HOSPITALAR","ABT-0594","1º BBM / 1ª CIA / 2º PEL / TERESÓPOLIS","-30.084097336409716","-51.21334890076798","",""
"PORTO ALEGRE","917600","02/07/2026 - 20:26","MENINO DEUS","ÉRICO VERÍSSIMO","ATENDIMENTO PRÉ-HOSPITALAR","AR-1628","1º BBM / 1ª CIA / 2º PEL / TERESÓPOLIS","-30.047875536893326","-51.218110785504244","",""
"PORTO ALEGRE","917609","02/07/2026 - 22:14","ABERTA DOS MORROS","ESTRADA GEDEON LEITE","ATENDIMENTO PRÉ-HOSPITALAR","AR-1628","1º BBM / 1ª CIA / 2º PEL / TERESÓPOLIS","-30.150972041240454","-51.17706678189405","",""
"PORTO ALEGRE","917621","03/07/2026 - 02:34","SÃO JOSÉ","NOVE DE JUNHO","ATENDIMENTO PRÉ-HOSPITALAR","AR-1628","1º BBM / 1ª CIA / 2º PEL / TERESÓPOLIS","-30.077828992675553","-51.159866313869294","",""
"PORTO ALEGRE","917626","03/07/2026 - 05:50","FLORESTA","RUA FELIX DA CUNHA","AVERIGUAÇÃO/CORTE DE ÁRVORE","ABT-0597","1º BBM / 2ª CIA / 1º PEL / FLORESTA","-30.022995746172835","-51.20198187309735","CORTE TOTAL | VISTORIA",""
"PORTO ALEGRE","917645","03/07/2026 - 08:02","SÃO JOSÉ","PRIMEIRO DE SETEMBRO","INCÊNDIO","ABT-1365","1º BBM / 2ª CIA / 3º PEL / PARTENON","-30.065119918012975","-51.16397380828858","EDIFICAÇÃO MULTIFAMILIAR | TRANSFORMADOR/REDE ELÉTRICA",""
"PORTO ALEGRE","917673","03/07/2026 - 09:52","TRISTEZA","DOUTOR MARIO TOTTA","ATENDIMENTO PRÉ-HOSPITALAR","AR-1628","1º BBM / 1ª CIA / 2º PEL / TERESÓPOLIS","-30.115656405434002","-51.257164964662614","",""
"PORTO ALEGRE","917676","03/07/2026 - 09:56","GLÓRIA","MANDUCA RODRIGUES","SALVAMENTO/BUSCA/RESGATE","ABT-0594","1º BBM / 1ª CIA / 2º PEL / TERESÓPOLIS","-30.077858586796122","-51.2010741477006","SUICÍDIO/TENTATIVA",""
"PORTO ALEGRE","917676","03/07/2026 - 09:56","GLÓRIA","MANDUCA RODRIGUES","SALVAMENTO/BUSCA/RESGATE","ABT-1365","1º BBM / 2ª CIA / 3º PEL / PARTENON","-30.078267088392415","-51.20090246200562","SUICÍDIO/TENTATIVA",""
"PORTO ALEGRE","917688","03/07/2026 - 10:41","CENTRO","SIQUEIRA CAMPOS","SALVAMENTO/BUSCA/RESGATE","ABT-327","1º BBM / 1ª CIA / 1º PEL / AÇORIANOS","-30.030228743424594","-51.23589992523194","COLISÃO/CHOQUE",""
"PORTO ALEGRE","917712","03/07/2026 - 12:19","LOMBA DO PINHEIRO","ESTRADA JOÃO DE OLIVEIRA REMIÃO","SALVAMENTO/BUSCA/RESGATE","ABT-1365","1º BBM / 2ª CIA / 3º PEL / PARTENON","-30.087179430574462","-51.13213062286377","COLISÃO/CHOQUE",""
"PORTO ALEGRE","917716","03/07/2026 - 12:31","PARTENON","BARÃO DO AMAZONAS","ATENDIMENTO PRÉ-HOSPITALAR","AR-1628","1º BBM / 1ª CIA / 2º PEL / TERESÓPOLIS","-30.056335595102976","-51.18998020697459","",""
"PORTO ALEGRE","917742","03/07/2026 - 14:26","LOMBA DO PINHEIRO","ESTRADA JOÃO DE OLIVEIRA REMIÃO","ATENDIMENTO PRÉ-HOSPITALAR","AR-1628","1º BBM / 1ª CIA / 2º PEL / TERESÓPOLIS","-30.084505812242014","-51.13195141372823","",""
"PORTO ALEGRE","917753","03/07/2026 - 15:02","LAGEADO","NELSON BOEIRA FAEDRICH","AVERIGUAÇÃO/CORTE DE ÁRVORE","ABT-0599","1º BBM / 1ª CIA / 5º PEL / BELÉM NOVO","-30.187474653354368","-51.13460853346624","VISTORIA",""
"PORTO ALEGRE","917770","03/07/2026 - 15:55","BOM FIM","RUA GENERAL JOÃO TELLES","PRODUTOS PERIGOSOS","ABT-0597","1º BBM / 2ª CIA / 1º PEL / FLORESTA","-30.033433263128995","-51.21263980865479","EXPLOSIVO",""
"PORTO ALEGRE","917802","03/07/2026 - 17:25","FARROUPILHA","JOÃO PESSOA","ATENDIMENTO PRÉ-HOSPITALAR","AR-1628","1º BBM / 1ª CIA / 2º PEL / TERESÓPOLIS","-30.038244492340393","-51.21890574072996","",""
"PORTO ALEGRE","917817","03/07/2026 - 18:25","PARTENON","ENCANTADORA","ATENDIMENTO PRÉ-HOSPITALAR","AR-1628","1º BBM / 1ª CIA / 2º PEL / TERESÓPOLIS","-30.071192345136282","-51.15240818786445","",""
"PORTO ALEGRE","917823","03/07/2026 - 18:43","ABERTA DOS MORROS","ELVIRA DENDENA","AÇÕES PREVENTIVAS","ABT-0598","1º BBM / 1ª CIA / 4º PEL / RESTINGA","-30.16108375513769","-51.17727756500245","RESGATE",""
"PORTO ALEGRE","917833","03/07/2026 - 19:14","INDEPENDÊNCIA","ANDRÉ PUENTE","AVERIGUAÇÃO/CORTE DE ÁRVORE","ABT-0597","1º BBM / 2ª CIA / 1º PEL / FLORESTA","-30.02810162820843","-51.21023654937745","CORTE TOTAL",""
"PORTO ALEGRE","917850","03/07/2026 - 20:14","SANTA CECÍLIA","DOUTOR ALCIDES CRUZ","SALVAMENTO/BUSCA/RESGATE","ABT-0597","1º BBM / 2ª CIA / 1º PEL / FLORESTA","-30.038820338098898","-51.20268344879151","ELEVADORES",""
"PORTO ALEGRE","917852","03/07/2026 - 20:16","CASCATA","PROFESSOR OSCAR PEREIRA","ATENDIMENTO PRÉ-HOSPITALAR","AR-1628","1º BBM / 1ª CIA / 2º PEL / TERESÓPOLIS","-30.094735724851166","-51.178220438038096","",""
"PORTO ALEGRE","917859","03/07/2026 - 20:48","TRISTEZA","NOSSA SENHORA DE LOURDES","INCÊNDIO","ABT-0596","1º BBM / 1ª CIA / 3º PEL / ASSUNÇÃO","-30.113132087704308","-51.25158531500697","EDIFICAÇÃO MULTIFAMILIAR | LOCAIS DE REUNIÃO DE PÚBLICO (F)",""
"PORTO ALEGRE","917862","03/07/2026 - 21:12","CENTRO","MARECHAL FLORIANO PEIXOTO","INCÊNDIO","ABT-327","1º BBM / 1ª CIA / 1º PEL / AÇORIANOS","-30.035030840045387","-51.22873306274415","CONTAINER",""
"PORTO ALEGRE","917868","03/07/2026 - 21:54","SÃO JOSÉ","9 DE JUNHO","INCÊNDIO","ABT-1365","1º BBM / 2ª CIA / 3º PEL / PARTENON","-30.07340209617509","-51.16080623829797","TRANSFORMADOR/REDE ELÉTRICA",""
"PORTO ALEGRE","917876","03/07/2026 - 22:58","ANCHIETA","AUTO ESTRADA MARECHAL OSÓRIO","INCÊNDIO","ABT-0597","1º BBM / 2ª CIA / 1º PEL / FLORESTA","-29.98263175968867","-51.20156764984131","MEIO DE TRANSPORTE",""
"PORTO ALEGRE","917888","04/07/2026 - 03:17","SANTO ANTÔNIO","MANSÃO","INCÊNDIO","ABT-327","1º BBM / 1ª CIA / 1º PEL / AÇORIANOS","-30.053373263974148","-51.21023654937745","VEGETAÇÃO",""
"PORTO ALEGRE","917897","04/07/2026 - 07:15","PASSO DAREIA","JOSÉ MAURÍCIO","INCÊNDIO","ABT-0600","1º BBM / 2ª CIA / 2º PEL / PASSO D`AREIA","-30.000286560469906","-51.14671696534646","TRANSFORMADOR/REDE ELÉTRICA",""
"PORTO ALEGRE","917901","04/07/2026 - 08:11","LOMBA DO PINHEIRO","PRIMAVERA","INCÊNDIO","ABT-0598","1º BBM / 1ª CIA / 4º PEL / RESTINGA","-30.121707169416982","-51.104557514190674","TRANSFORMADOR/REDE ELÉTRICA",""
"PORTO ALEGRE","917904","04/07/2026 - 08:24","CAMAQUÃ","AV OTTO NIEMEYER","ATENDIMENTO PRÉ-HOSPITALAR","AR-1628","1º BBM / 1ª CIA / 2º PEL / TERESÓPOLIS","-30.106866781816723","-51.24768110371585","",""
"PORTO ALEGRE","917917","04/07/2026 - 09:54","TERESÓPOLIS","RUA ANTONIO DIVAN","INCÊNDIO","ABT-0594","1º BBM / 1ª CIA / 2º PEL / TERESÓPOLIS","-30.075481816778698","-51.21150255203247","TRANSFORMADOR/REDE ELÉTRICA",""
"PORTO ALEGRE","917924","04/07/2026 - 10:21","MEDIANEIRA","MIGUEL PEREIRA","AÇÕES PREVENTIVAS","ABT-0594","1º BBM / 1ª CIA / 2º PEL / TERESÓPOLIS","-30.073754908999256","-51.210515499115","VISTORIA DE HIDRANTES",""
"PORTO ALEGRE","917927","04/07/2026 - 10:23","MEDIANEIRA","CATUMBI","AÇÕES PREVENTIVAS","ABT-0594","1º BBM / 1ª CIA / 2º PEL / TERESÓPOLIS","-30.073773478060417","-51.2129831314087","VISTORIA DE HIDRANTES",""
"PORTO ALEGRE","917963","04/07/2026 - 11:39","VILA JOÃO PESSOA","BORBOREMA","ATENDIMENTO PRÉ-HOSPITALAR","AR-1628","1º BBM / 1ª CIA / 2º PEL / TERESÓPOLIS","-30.068193785388914","-51.17130172773613","",""
"PORTO ALEGRE","917980","04/07/2026 - 13:13","PRAIA DE BELAS","AV. AURELIANO DE FIGUEIREDO PINTO","AÇÕES PREVENTIVAS","ABTS-866","BBS / 1ª CIA / 1º PEL / TERRESTRE","-30.0423890504941","-51.23270582603683","APOIO À PESSOA OU INSTITUIÇÃO",""
"PORTO ALEGRE","917987","04/07/2026 - 13:29","CENTRO","DESEMBARGADOR ANDRÉ DA ROCHA","INCÊNDIO","ABT-327","1º BBM / 1ª CIA / 1º PEL / AÇORIANOS","-30.033461128063315","-51.224409341812134","MEIO DE TRANSPORTE",""
"PORTO ALEGRE","917993","04/07/2026 - 13:46","CRISTAL","CORONEL ARISTIDES","AÇÕES PREVENTIVAS","ABT-0596","1º BBM / 1ª CIA / 3º PEL / ASSUNÇÃO","-30.100379361496206","-51.24501943588257","VISTORIA DE HIDRANTES",""
"PORTO ALEGRE","917994","04/07/2026 - 13:49","TRISTEZA","COPACABANA","AÇÕES PREVENTIVAS","ABT-0596","1º BBM / 1ª CIA / 3º PEL / ASSUNÇÃO","-30.1047046938215","-51.25611305236817","VISTORIA DE HIDRANTES",""
"PORTO ALEGRE","917997","04/07/2026 - 14:05","APARÍCIO BORGES","DR JOSÉ MANOEL LOPES FERNANDES","INCÊNDIO","ABT-1365","1º BBM / 2ª CIA / 3º PEL / PARTENON","-30.069149674235884","-51.18274927139283","TRANSFORMADOR/REDE ELÉTRICA",""
"PORTO ALEGRE","917999","04/07/2026 - 14:15","MONT SERRAT","R. ANITA GARIBALDI","ATENDIMENTO PRÉ-HOSPITALAR","ABT-0600","1º BBM / 2ª CIA / 2º PEL / PASSO D`AREIA","-30.02436742487864","-51.18006662614627","",""
"PORTO ALEGRE","918005","04/07/2026 - 14:36","SARANDI","ENGENHEIRO FREDERICO DAHNE","INCÊNDIO","ABT-1365","1º BBM / 2ª CIA / 3º PEL / PARTENON","-30.007422575608732","-51.13622903823853","EDIFICAÇÃO MULTIFAMILIAR",""
"PORTO ALEGRE","918013","04/07/2026 - 14:59","FLORESTA","ALMIRANTE BARROSO","AÇÕES PREVENTIVAS","ABT-0597","1º BBM / 2ª CIA / 1º PEL / FLORESTA","-30.016081176291674","-51.208906173706055","VISTORIA DE HIDRANTES",""
"PORTO ALEGRE","918014","04/07/2026 - 15:01","FLORESTA","AV CRISTOVÃO COLOMBO","AÇÕES PREVENTIVAS","ABT-0597","1º BBM / 2ª CIA / 1º PEL / FLORESTA","-30.025352101607712","-51.21227502822877","VISTORIA DE HIDRANTES",""
"PORTO ALEGRE","918032","04/07/2026 - 16:14","RUBEM BERTA","CLÁUDIO CAVALHEIRO GONÇALVES","OCORRÊNCIA NÃO ATENDIDA","ABT-0600","1º BBM / 2ª CIA / 2º PEL / PASSO D`AREIA","-30.013702928270593","-51.09672551674375","",""
"PORTO ALEGRE","918033","04/07/2026 - 16:16","PASSO DAS PEDRAS","ALEXANDRE LUIZ","OCORRÊNCIA NÃO ATENDIDA","ABT-0600","1º BBM / 2ª CIA / 2º PEL / PASSO D`AREIA","-30.017883403826648","-51.129770338416805","",""
"PORTO ALEGRE","918040","04/07/2026 - 16:39","PASSO DAS PEDRAS","ALEXANDRE LUIZ","INCÊNDIO","ABT-0597","1º BBM / 2ª CIA / 1º PEL / FLORESTA","-30.017994885176112","-51.12904071807862","EDIFICAÇÃO COMERCIAL",""
"PORTO ALEGRE","918044","04/07/2026 - 16:52","PARTENON","CORONEL APARICIO BORGES","INCÊNDIO","ABT-1365","1º BBM / 2ª CIA / 3º PEL / PARTENON","-30.071823707611415","-51.190109252929695","TRANSFORMADOR/REDE ELÉTRICA",""
"PORTO ALEGRE","918048","04/07/2026 - 17:05","AZENHA","ALCIDES DE OLIVEIRA GOMES","AÇÕES PREVENTIVAS","ABT-327","1º BBM / 1ª CIA / 1º PEL / AÇORIANOS","-30.045358739055317","-51.21778964996338","VISTORIA DE HIDRANTES",""
"PORTO ALEGRE","918049","04/07/2026 - 17:08","AZENHA","IPIRANGA","AÇÕES PREVENTIVAS","ABT-327","1º BBM / 1ª CIA / 1º PEL / AÇORIANOS","-30.047197586573034","-51.213347911834724","VISTORIA DE HIDRANTES",""
"PORTO ALEGRE","918082","04/07/2026 - 19:14","APARÍCIO BORGES","AVENIDA VEIGA","INCÊNDIO","ABT-1365","1º BBM / 2ª CIA / 3º PEL / PARTENON","-30.06970677048116","-51.17530345916749","TRANSFORMADOR/REDE ELÉTRICA",""
"PORTO ALEGRE","918088","04/07/2026 - 19:33","FARRAPOS","ADELINO MACHADO DE SOUZA","INCÊNDIO","ABT-0597","1º BBM / 2ª CIA / 1º PEL / FLORESTA","-29.98337520252872","-51.19510889053345","EDIFICAÇÃO COMERCIAL",""
"PORTO ALEGRE","918089","04/07/2026 - 19:40","VILA JOÃO PESSOA","RUA JUPITER","INCÊNDIO","ABT-1365","1º BBM / 2ª CIA / 3º PEL / PARTENON","-30.068314023987796","-51.172642707824714","TRANSFORMADOR/REDE ELÉTRICA",""
"PORTO ALEGRE","918092","04/07/2026 - 19:51","SÃO JOÃO","AV CEARÁ","INCÊNDIO","ABT-0597","1º BBM / 2ª CIA / 1º PEL / FLORESTA","-29.99712789107376","-51.189851760864265","VEGETAÇÃO",""
"PORTO ALEGRE","918094","04/07/2026 - 19:54","JARDIM CARVALHO","COMENDADOR EDUARDO SECCO","INCÊNDIO","ABT-1365","1º BBM / 2ª CIA / 3º PEL / PARTENON","-30.057728510140766","-51.14305257797242","TRANSFORMADOR/REDE ELÉTRICA",""
"PORTO ALEGRE","918101","04/07/2026 - 20:19","CHAPÉU DO SOL","RUA GENTIL CLAUDIONOR DE SOUZA","AÇÕES PREVENTIVAS","ABT-0599","1º BBM / 1ª CIA / 5º PEL / BELÉM NOVO","-30.17366165093572","-51.17373702528189","VISTORIA DE HIDRANTES",""
"PORTO ALEGRE","918102","04/07/2026 - 20:20","CAVALHADA","JUCA BATISTA","AÇÕES PREVENTIVAS","ABT-0599","1º BBM / 1ª CIA / 5º PEL / BELÉM NOVO","-30.143549940178918","-51.215407861970114","VISTORIA DE HIDRANTES",""
"PORTO ALEGRE","918110","04/07/2026 - 20:40","INDEPENDÊNCIA","INDEPENDÊNCIA","AÇÕES PREVENTIVAS","ABT-0597","1º BBM / 2ª CIA / 1º PEL / FLORESTA","-30.029067659990645","-51.20993614196777","ACIDENTES DOMÉSTICOS",""
"PORTO ALEGRE","918113","04/07/2026 - 20:53","GUARUJÁ","JACUNDÁ","INCÊNDIO","ABT-0596","1º BBM / 1ª CIA / 3º PEL / ASSUNÇÃO","-30.15844924332155","-51.22220993041993","EDIFICAÇÃO RESIDENCIAL UNIFAMILIAR",""
"PORTO ALEGRE","918124","04/07/2026 - 22:07","JARDIM FLORESTA","CONSELHEIRO D ÁVILA","PRODUTOS PERIGOSOS","ABT-0597","1º BBM / 2ª CIA / 1º PEL / FLORESTA","-29.999971114670476","-51.15697860717774","EXPLOSIVO",""
"PORTO ALEGRE","918138","04/07/2026 - 23:49","SANTO ANTÔNIO","DR. JOÃO DE DEUS VAZ DA SILVA","AÇÕES PREVENTIVAS","ABT-327","1º BBM / 1ª CIA / 1º PEL / AÇORIANOS","-30.058536391883777","-51.20562314987183","APOIO À PESSOA OU INSTITUIÇÃO",""
"PORTO ALEGRE","918163","05/07/2026 - 07:26","PRAIA DE BELAS","AURELIANO DE FIGUEIREDO PINTO","AÇÕES PREVENTIVAS","AR-1628","1º BBM / 1ª CIA / 2º PEL / TERESÓPOLIS","-30.04236438963179","-51.23332298056994","FESTAS E EVENTOS",""
"PORTO ALEGRE","918174","05/07/2026 - 08:39","CORONEL APARÍCIO BORGES","CORONEL REGO","ATENDIMENTO PRÉ-HOSPITALAR","ABT-1365","1º BBM / 2ª CIA / 3º PEL / PARTENON","-30.076335975076553","-51.18066787719727","OCORRÊNCIA DE VULTO",""
"PORTO ALEGRE","918179","05/07/2026 - 09:17","FLORESTA","CARMEM","SALVAMENTO/BUSCA/RESGATE","ABT-0597","1º BBM / 2ª CIA / 1º PEL / FLORESTA","-30.01917467759157","-51.20464682579041","ELEVADORES",""
"PORTO ALEGRE","918184","05/07/2026 - 10:19","AZENHA","DA AZENHA","AÇÕES PREVENTIVAS","ABT-327","1º BBM / 1ª CIA / 1º PEL / AÇORIANOS","-30.046603215351546","-51.214077472686775","VISTORIA DE HIDRANTES",""
"PORTO ALEGRE","918185","05/07/2026 - 10:21","BELÉM NOVO","BAVIERA","AVERIGUAÇÃO/MANEJO DE INSETOS","ABT-0599","1º BBM / 1ª CIA / 5º PEL / BELÉM NOVO","-30.208975062971824","-51.16669655113572","VISTORIA",""
"PORTO ALEGRE","918187","05/07/2026 - 10:23","PONTA GROSSA","ESTRADA DA PONTA GROSSA","ATENDIMENTO PRÉ-HOSPITALAR","AR-1628","1º BBM / 1ª CIA / 2º PEL / TERESÓPOLIS","-30.18966924653598","-51.19120235398821","",""
"PORTO ALEGRE","918190","05/07/2026 - 10:38","CRISTAL","WENCESLAU ESCOBAR","AÇÕES PREVENTIVAS","ABT-0596","1º BBM / 1ª CIA / 3º PEL / ASSUNÇÃO","-30.104973860606336","-51.25385999679566","VISTORIA DE HIDRANTES",""
"PORTO ALEGRE","918192","05/07/2026 - 10:50","HÍPICA","R. DORIVAL CASTILHOS MACHADO","PRODUTOS PERIGOSOS","ABT-0599","1º BBM / 1ª CIA / 5º PEL / BELÉM NOVO","-30.1702854412175","-51.19787754942994","EXPLOSIVO",""
"PORTO ALEGRE","918193","05/07/2026 - 10:51","FARROUPILHA","JOÃO PESSOA","AÇÕES PREVENTIVAS","ABT-327","1º BBM / 1ª CIA / 1º PEL / AÇORIANOS","-30.04721616061624","-51.21176004409791","VISTORIA DE HIDRANTES",""
"PORTO ALEGRE","918196","05/07/2026 - 10:57","PEDRA REDONDA","EVARISTO DO AMARAL","AÇÕES PREVENTIVAS","ABT-0596","1º BBM / 1ª CIA / 3º PEL / ASSUNÇÃO","-30.123210522603625","-51.24991178512573","VISTORIA DE HIDRANTES",""
"PORTO ALEGRE","918208","05/07/2026 - 12:18","BELÉM NOVO","RUA BAVIERA","AÇÕES PREVENTIVAS","ABT-0599","1º BBM / 1ª CIA / 5º PEL / BELÉM NOVO","-30.210681062542324","-51.16888563854892","VISTORIA DE HIDRANTES",""
"PORTO ALEGRE","918209","05/07/2026 - 12:20","BELÉM NOVO","OLÁVIO JOSÉ DE SOUZA","AÇÕES PREVENTIVAS","ABT-0599","1º BBM / 1ª CIA / 5º PEL / BELÉM NOVO","-30.211144644271627","-51.17165419027736","VISTORIA DE HIDRANTES",""
"PORTO ALEGRE","918218","05/07/2026 - 12:59","SARANDI","AV DIQUE IV VILA NOVA BRASILIA","INCÊNDIO","ABT-0600","1º BBM / 2ª CIA / 2º PEL / PASSO D`AREIA","-29.990670121493316","-51.136947804158815","LIXO",""
"PORTO ALEGRE","918219","05/07/2026 - 13:01","SARANDI","AVENIDA ENGENHEIRO FRANCISCO RODOLFO","ATENDIMENTO PRÉ-HOSPITALAR","AR-1628","1º BBM / 1ª CIA / 2º PEL / TERESÓPOLIS","-30.006716476130137","-51.13292445946005","",""
"PORTO ALEGRE","918221","05/07/2026 - 13:02","SÃO JOÃO","HONORIO SILVEIRA DIAS","AÇÕES PREVENTIVAS","ABT-0597","1º BBM / 2ª CIA / 1º PEL / FLORESTA","-30.007812786322468","-51.18594646453858","VISTORIA DE HIDRANTES",""
"PORTO ALEGRE","918222","05/07/2026 - 13:04","SÃO JOÃO","PORTUGAL","AÇÕES PREVENTIVAS","ABT-0597","1º BBM / 2ª CIA / 1º PEL / FLORESTA","-30.008556040578924","-51.183393001556404","VISTORIA DE HIDRANTES",""
"PORTO ALEGRE","918223","05/07/2026 - 13:12","INDEPENDÊNCIA","MOSTARDEIRO","INCÊNDIO","ABT-0597","1º BBM / 2ª CIA / 1º PEL / FLORESTA","-30.028343137036593","-51.1982524394989","EDIFICAÇÃO MULTIFAMILIAR",""
"PORTO ALEGRE","918225","05/07/2026 - 13:26","FLORESTA","DOUTOR TIMÓTEO","INCÊNDIO","ABT-0597","1º BBM / 2ª CIA / 1º PEL / FLORESTA","-30.01981566128692","-51.200151443481445","EDIFICAÇÃO MULTIFAMILIAR",""
"PORTO ALEGRE","918257","05/07/2026 - 15:49","RIO BRANCO","RAMIRO BARCELOS","INCÊNDIO","ABT-327","1º BBM / 1ª CIA / 1º PEL / AÇORIANOS","-30.041848117186845","-51.20813369750977","CONTAINER",""
"PORTO ALEGRE","918258","05/07/2026 - 15:55","SÃO JOSÉ","NOVE DE JUNHO","ATENDIMENTO PRÉ-HOSPITALAR","AR-1628","1º BBM / 1ª CIA / 2º PEL / TERESÓPOLIS","-30.074237703456827","-51.16077660703681","",""
"PORTO ALEGRE","918263","05/07/2026 - 16:23","FLORESTA","ALMIRANTE BARROSO","SALVAMENTO/BUSCA/RESGATE","ABT-0597","1º BBM / 2ª CIA / 1º PEL / FLORESTA","-30.016378453880897","-51.2084448337555","CAPOTAMENTO",""
"PORTO ALEGRE","918273","05/07/2026 - 17:09","CHÁCARA DAS PEDRAS","DOUTOR RODRIGUES ALVES","ATENDIMENTO PRÉ-HOSPITALAR","AR-1628","1º BBM / 1ª CIA / 2º PEL / TERESÓPOLIS","-30.03839309801781","-51.16165611220137","",""
"PORTO ALEGRE","918282","05/07/2026 - 17:49","FARROUPILHA","TRAVESSA DA PAZ","INCÊNDIO","ABT-327","1º BBM / 1ª CIA / 1º PEL / AÇORIANOS","-30.040046321147113","-51.21549367904664","MEIO DE TRANSPORTE",""
"PORTO ALEGRE","918292","05/07/2026 - 18:31","CAMAQUÃ","TEOTÔNIA","ATENDIMENTO PRÉ-HOSPITALAR","AR-1628","1º BBM / 1ª CIA / 2º PEL / TERESÓPOLIS","-30.105224463505586","-51.24111381531648","",""
"PORTO ALEGRE","918297","05/07/2026 - 18:56","RESTINGA","ÁLVARO DIFINI","AÇÕES PREVENTIVAS","ABT-0598","1º BBM / 1ª CIA / 4º PEL / RESTINGA","-30.148355814342253","-51.14633560180665","VISTORIA DE HIDRANTES",""
"PORTO ALEGRE","918298","05/07/2026 - 18:57","RESTINGA","ENGENHEIRO HOMERO CARLOS SIMON","AÇÕES PREVENTIVAS","ABT-0598","1º BBM / 1ª CIA / 4º PEL / RESTINGA","-30.15520238897683","-51.147408485412605","VISTORIA DE HIDRANTES",""
"PORTO ALEGRE","918307","05/07/2026 - 19:18","PASSO DAS PEDRAS","TENENTE ARY TARRAGÔ","PRODUTOS PERIGOSOS","ABT-0600","1º BBM / 2ª CIA / 2º PEL / PASSO D`AREIA","-30.038653398917223","-51.135800145874185","QUÍMICO",""
"PORTO ALEGRE","918308","05/07/2026 - 19:20","NONOAI","AVENIDA NONOAI","AÇÕES PREVENTIVAS","ABT-0594","1º BBM / 1ª CIA / 2º PEL / TERESÓPOLIS","-30.087235130187782","-51.216502230166306","VISTORIA DE HIDRANTES",""
"PORTO ALEGRE","918309","05/07/2026 - 19:26","JARDIM CARVALHO","SARGENTO MANOEL RAYMUNDO SOARES","AÇÕES PREVENTIVAS","ABT-1365","1º BBM / 2ª CIA / 3º PEL / PARTENON","-30.04762478868546","-51.1479663848877","VISTORIA DE HIDRANTES",""
"PORTO ALEGRE","918310","05/07/2026 - 19:27","APARÍCIO BORGES","AVENIDA VEIGA","AÇÕES PREVENTIVAS","ABT-1365","1º BBM / 2ª CIA / 3º PEL / PARTENON","-30.068314023987796","-51.18019580841065","VISTORIA DE HIDRANTES",""
"PORTO ALEGRE","918311","05/07/2026 - 19:29","NONOAI","CRUZ ALTA","AÇÕES PREVENTIVAS","ABT-0594","1º BBM / 1ª CIA / 2º PEL / TERESÓPOLIS","-30.086306799203342","-51.22081511688409","VISTORIA DE HIDRANTES",""
"PORTO ALEGRE","918316","05/07/2026 - 19:53","PASSO DAREIA","UMBU","AÇÕES PREVENTIVAS","ABT-0600","1º BBM / 2ª CIA / 2º PEL / PASSO D`AREIA","-30.014771269003976","-51.15842627960257","APOIO À PESSOA OU INSTITUIÇÃO",""
"PORTO ALEGRE","918317","05/07/2026 - 19:54","HÍPICA","ESTRADA EDGAR PIRES DE CASTRO","OCORRÊNCIA NÃO ATENDIDA","AR-1628","1º BBM / 1ª CIA / 2º PEL / TERESÓPOLIS","-30.1596180847157","-51.16031517439868","",""
"PORTO ALEGRE","918325","05/07/2026 - 20:08","TRISTEZA","DOUTOR DIAS DE CARVALHO","ATENDIMENTO PRÉ-HOSPITALAR","AR-1628","1º BBM / 1ª CIA / 2º PEL / TERESÓPOLIS","-30.10630112058295","-51.24864574194065","",""
"PORTO ALEGRE","918328","05/07/2026 - 20:10","SANTA TEREZA","DORMÊNIO","PRODUTOS PERIGOSOS","ABT-327","1º BBM / 1ª CIA / 1º PEL / AÇORIANOS","-30.076688777438854","-51.22793912887574","EXPLOSIVO",""
"PORTO ALEGRE","918331","05/07/2026 - 20:16","MORRO SANTANA","AV. PROTÁSIO ALVES","INCÊNDIO","ABT-1365","1º BBM / 2ª CIA / 3º PEL / PARTENON","-30.04053856764824","-51.12921237945557","TRANSFORMADOR/REDE ELÉTRICA",""
"PORTO ALEGRE","918341","05/07/2026 - 20:44","SANTO ANTÔNIO","JOAQUIM CRUZ","INCÊNDIO","ABT-327","1º BBM / 1ª CIA / 1º PEL / AÇORIANOS","-30.06354139735179","-51.20000123977661","TRANSFORMADOR/REDE ELÉTRICA",""
"PORTO ALEGRE","918344","05/07/2026 - 20:57","MORRO SANTANA","AV. PROTÁSIO ALVES","INCÊNDIO","ABT-1365","1º BBM / 2ª CIA / 3º PEL / PARTENON","-30.04045497879213","-51.1288046836853","MEIO DE TRANSPORTE",""
"PORTO ALEGRE","918361","05/07/2026 - 22:06","JARDIM CARVALHO","JUVENAL CRUZ","INCÊNDIO","ABT-1365","1º BBM / 2ª CIA / 3º PEL / PARTENON","-30.047081498724115","-51.145010590553284","TRANSFORMADOR/REDE ELÉTRICA",""
"PORTO ALEGRE","918368","05/07/2026 - 22:50","RESTINGA","ESTR. JOÃO ANTÔNIO DA SILVEIRA","AÇÕES PREVENTIVAS","ABT-0598","1º BBM / 1ª CIA / 4º PEL / RESTINGA","-30.156742338936215","-51.143910884857185","APOIO À PESSOA OU INSTITUIÇÃO",""
"PORTO ALEGRE","918370","05/07/2026 - 22:55","PARTENON","NELSON DUARTE BROCHADO","OCORRÊNCIA NÃO ATENDIDA","AR-1628","1º BBM / 1ª CIA / 2º PEL / TERESÓPOLIS","-30.059047118320258","-51.177148786545686","",""
"PORTO ALEGRE","918373","05/07/2026 - 23:06","PETRÓPOLIS","IJUÍ","INCÊNDIO","ABT-0597","1º BBM / 2ª CIA / 1º PEL / FLORESTA","-30.037891552963295","-51.18749141693116","EDIFICAÇÃO MULTIFAMILIAR",""
"PORTO ALEGRE","918379","05/07/2026 - 23:50","PETRÓPOLIS","IPIRANGA","SALVAMENTO/BUSCA/RESGATE","ABT-327","1º BBM / 1ª CIA / 1º PEL / AÇORIANOS","-30.049426446888155","-51.196074485778816","DE ANIMAL",""
"PORTO ALEGRE","918380","05/07/2026 - 23:54","SÃO JOSÉ","DA FONTE","INCÊNDIO","ABT-1365","1º BBM / 2ª CIA / 3º PEL / PARTENON","-30.07458122884794","-51.16180658340455","TRANSFORMADOR/REDE ELÉTRICA",""
"PORTO ALEGRE","918390","06/07/2026 - 05:59","NONOAI","MATHILDE ZATAR","SALVAMENTO/BUSCA/RESGATE","ABT-0594","1º BBM / 1ª CIA / 2º PEL / TERESÓPOLIS","-30.08888753777849","-51.21311187744141","DE ANIMAL",""
"PORTO ALEGRE","918393","06/07/2026 - 06:57","FARROUPILHA","JOÃO PESSOA","INCÊNDIO","ABT-327","1º BBM / 1ª CIA / 1º PEL / AÇORIANOS","-30.038931791730132","-51.21811151504517","CONTAINER",""
"PORTO ALEGRE","918396","06/07/2026 - 07:08","SANTANA","LAURINDO","INCÊNDIO","ABT-327","1º BBM / 1ª CIA / 1º PEL / AÇORIANOS","-30.042962613797943","-51.21171712875367","LIXO",""
"PORTO ALEGRE","918416","06/07/2026 - 09:09","GLÓRIA","PROFESSOR OSCAR PEREIRA","ATENDIMENTO PRÉ-HOSPITALAR","AR-1628","1º BBM / 1ª CIA / 2º PEL / TERESÓPOLIS","-30.074971952443878","-51.2019895110985","",""
"PORTO ALEGRE","918420","06/07/2026 - 09:27","CENTRO HISTÓRICO","PRAÇA DOM FELICIANO","INCÊNDIO","ABT-327","1º BBM / 1ª CIA / 1º PEL / AÇORIANOS","-30.029838620907984","-51.223078966140754","CONTAINER",""
"PORTO ALEGRE","918431","06/07/2026 - 09:57","BELÉM NOVO","DO LAMI","AÇÕES PREVENTIVAS","ABT-0599","1º BBM / 1ª CIA / 5º PEL / BELÉM NOVO","-30.212479747449418","-51.163995095285664","PROGRAMA BOMBEIRO NA ESCOLA",""
"PORTO ALEGRE","918438","06/07/2026 - 10:18","PROTÁSIO ALVES","DOUTOR LUCIANO RAUL PANATIERI","SALVAMENTO/BUSCA/RESGATE","ABT-1365","1º BBM / 2ª CIA / 3º PEL / PARTENON","-30.043807765369063","-51.124191284179695","DE ANIMAL",""
"PORTO ALEGRE","918439","06/07/2026 - 10:19","BOM FIM","GARIBALDI","INCÊNDIO","ABT-0597","1º BBM / 2ª CIA / 1º PEL / FLORESTA","-30.030448573690112","-51.21507182523729","TRANSFORMADOR/REDE ELÉTRICA",""
"PORTO ALEGRE","918447","06/07/2026 - 10:45","SANTA TEREZA","SILVEIRO","ATENDIMENTO PRÉ-HOSPITALAR","AR-1628","1º BBM / 1ª CIA / 2º PEL / TERESÓPOLIS","-30.068116345966878","-51.23084580568091","",""
"PORTO ALEGRE","918458","06/07/2026 - 11:37","CENTRO HISTÓRICO","MAUA","SALVAMENTO/BUSCA/RESGATE","ABTS-866","BBS / 1ª CIA / 1º PEL / TERRESTRE","-30.02403304488757","-51.225535869598396","DE ANIMAL",""
"PORTO ALEGRE","918492","06/07/2026 - 14:04","JARDIM BOTÂNICO","RUA PROFESSOR IVO CORSEUIL","AÇÕES PREVENTIVAS","ABT-1365","1º BBM / 2ª CIA / 3º PEL / PARTENON","-30.047090785757035","-51.17905855178833","ACIDENTES DOMÉSTICOS",""
"PORTO ALEGRE","918493","06/07/2026 - 14:07","IPANEMA","AVENIDA JUCA BATISTA","ATENDIMENTO PRÉ-HOSPITALAR","AR-1628","1º BBM / 1ª CIA / 2º PEL / TERESÓPOLIS","-30.14422617999428","-51.21489483060812","",""
"PORTO ALEGRE","918523","06/07/2026 - 16:14","PRAIA DE BELAS","DOUTOR ALTER CINTRA DE OLIVEIRA","ATENDIMENTO PRÉ-HOSPITALAR","AR-1628","1º BBM / 1ª CIA / 2º PEL / TERESÓPOLIS","-30.054831224852435","-51.22959136962891","",""
"PORTO ALEGRE","918535","06/07/2026 - 17:30","FARRAPOS","VOLUNTARIOS DA PATRIA","ATENDIMENTO PRÉ-HOSPITALAR","AR-1628","1º BBM / 1ª CIA / 2º PEL / TERESÓPOLIS","-30.026011623386484","-51.21870160102845","",""
"PORTO ALEGRE","918555","06/07/2026 - 18:55","CASCATA","PROFESSOR OSCAR PEREIRA","ATENDIMENTO PRÉ-HOSPITALAR","AR-1628","1º BBM / 1ª CIA / 2º PEL / TERESÓPOLIS","-30.0947960614863","-51.178173422813416","",""
"PORTO ALEGRE","918565","06/07/2026 - 19:36","SÃO JOSÉ","SANTO ALFREDO","ATENDIMENTO PRÉ-HOSPITALAR","AR-1628","1º BBM / 1ª CIA / 2º PEL / TERESÓPOLIS","-30.0687968449918","-51.16483211517335","",""
"PORTO ALEGRE","918567","06/07/2026 - 20:06","MEDIANEIRA","SEPÉ TIARAJU","ATENDIMENTO PRÉ-HOSPITALAR","ABT-0594","1º BBM / 1ª CIA / 2º PEL / TERESÓPOLIS","-30.077784313597363","-51.21429204940796","",""
"PORTO ALEGRE","918573","06/07/2026 - 21:18","SANTANA","AVENIDA JERONIMO DE ORNELAS","INCÊNDIO","ABT-327","1º BBM / 1ª CIA / 1º PEL / AÇORIANOS","-30.041012236500762","-51.21079444885254","CONTAINER",""
"PORTO ALEGRE","918574","06/07/2026 - 21:22","INDEPENDÊNCIA","MOSTARDEIRO","ATENDIMENTO PRÉ-HOSPITALAR","AR-1628","1º BBM / 1ª CIA / 2º PEL / TERESÓPOLIS","-30.029272011661234","-51.20678186416626","",""
"PORTO ALEGRE","918590","07/07/2026 - 00:06","SÃO GERALDO","SÃO PEDRO","OCORRÊNCIA NÃO ATENDIDA","ABT-0597","1º BBM / 2ª CIA / 1º PEL / FLORESTA","-30.009633749359715","-51.20497786505156","",""
"PORTO ALEGRE","918598","07/07/2026 - 03:23","NONOAI","ERECHIM","INCÊNDIO","ABT-0594","1º BBM / 1ª CIA / 2º PEL / TERESÓPOLIS","-30.09169099760399","-51.215558052062995","EDIFICAÇÃO RESIDENCIAL UNIFAMILIAR",""
"PORTO ALEGRE","918619","07/07/2026 - 08:59","PARTENON","BENTO GONÇALVES","ATENDIMENTO PRÉ-HOSPITALAR","AR-1628","1º BBM / 1ª CIA / 2º PEL / TERESÓPOLIS","-30.06177713858803","-51.165904998779304","",""
"PORTO ALEGRE","918719","07/07/2026 - 14:37","ANCHIETA","DAS INDUSTRIAS","INCÊNDIO","ABT-0597","1º BBM / 2ª CIA / 1º PEL / FLORESTA","-29.985902866553175","-51.15586280822754","LIXO",""
"PORTO ALEGRE","918727","07/07/2026 - 15:22","NONOAI","RUA CANGUSSU","ATENDIMENTO PRÉ-HOSPITALAR","AR-1628","1º BBM / 1ª CIA / 2º PEL / TERESÓPOLIS","-30.08888753777849","-51.22077226638794","",""
"PORTO ALEGRE","918768","07/07/2026 - 17:19","JARDIM ITU SABARÁ","MANOEL BANDEIRA","ATENDIMENTO PRÉ-HOSPITALAR","AR-0455","1º BBM / 1ª CIA / 2º PEL / TERESÓPOLIS","-30.03075819295543","-51.14133596420289","",""
"PORTO ALEGRE","918815","07/07/2026 - 20:32","FLORESTA","MERCEDES","ATENDIMENTO PRÉ-HOSPITALAR","AR-0455","1º BBM / 1ª CIA / 2º PEL / TERESÓPOLIS","-30.019146808641256","-51.20096683502198","",""
"PORTO ALEGRE","918819","07/07/2026 - 21:02","LAMI","DO VAREJÃO","OCORRÊNCIA NÃO ATENDIDA","ABT-0599","1º BBM / 1ª CIA / 5º PEL / BELÉM NOVO","-30.225570216044307","-51.0740876197815","",""
"PORTO ALEGRE","918824","07/07/2026 - 21:24","SARANDI","DIQUE","INCÊNDIO","ABT-0600","1º BBM / 2ª CIA / 2º PEL / PASSO D`AREIA","-29.984676202770547","-51.13734483388395","LIXO",""
"PORTO ALEGRE","918827","07/07/2026 - 21:44","BOM FIM","VASCO DA GAMA","INCÊNDIO","ABT-0597","1º BBM / 2ª CIA / 1º PEL / FLORESTA","-30.033507569603135","-51.20019435882569","TRANSFORMADOR/REDE ELÉTRICA",""
"PORTO ALEGRE","918831","07/07/2026 - 21:53","PRAIA DE BELAS","GENERAL SÉRGIO DE OLIVEIRA","INCÊNDIO","ABT-327","1º BBM / 1ª CIA / 1º PEL / AÇORIANOS","-30.04651034452602","-51.22719883918762","TRANSFORMADOR/REDE ELÉTRICA",""
"PORTO ALEGRE","918837","07/07/2026 - 22:13","CENTRO","CORONEL FERNANDO MACHADO","INCÊNDIO","ABT-0597","1º BBM / 2ª CIA / 1º PEL / FLORESTA","-30.03494724654293","-51.23316407203675","TRANSFORMADOR/REDE ELÉTRICA",""
"PORTO ALEGRE","918845","08/07/2026 - 00:38","VILA JOÃO PESSOA","ROCIO","INCÊNDIO","ABT-1365","1º BBM / 2ª CIA / 3º PEL / PARTENON","-30.06560275459922","-51.177856922149665","LIXO",""
"PORTO ALEGRE","918848","08/07/2026 - 01:04","MÁRIO QUINTANA","JUCELINO KUBUTSCHEK DE OLIVEIRA","INCÊNDIO","ABT-0600","1º BBM / 2ª CIA / 2º PEL / PASSO D`AREIA","-30.035123701953562","-51.114127626041466","TRANSFORMADOR/REDE ELÉTRICA",""
"PORTO ALEGRE","918850","08/07/2026 - 02:46","JARDIM LEOPOLDINA","JUSCELINO KUBITSCHEK DE OLIVEIRA","INCÊNDIO","ABT-0600","1º BBM / 2ª CIA / 2º PEL / PASSO D`AREIA","-30.020930438472952","-51.11080115148778","TRANSFORMADOR/REDE ELÉTRICA",""
"PORTO ALEGRE","918856","08/07/2026 - 06:16","VILA NOVA","CATARINO ANDREATTA","ATENDIMENTO PRÉ-HOSPITALAR","AR-0455","1º BBM / 1ª CIA / 2º PEL / TERESÓPOLIS","-30.120445077465526","-51.20691061019898","",""
"PORTO ALEGRE","918861","08/07/2026 - 06:45","RUBEM BERTA","BERNARDINO SILVEIRA AMORIM","AÇÕES PREVENTIVAS","ABT-0600","1º BBM / 2ª CIA / 2º PEL / PASSO D`AREIA","-30.00582455381619","-51.093549883718474","APOIO À PESSOA OU INSTITUIÇÃO",""
"PORTO ALEGRE","918867","08/07/2026 - 07:38","PARTENON","BERNARDO GUIMARÃES","INCÊNDIO","ABT-327","1º BBM / 1ª CIA / 1º PEL / AÇORIANOS","-30.069103249407217","-51.19004487991333","TRANSFORMADOR/REDE ELÉTRICA",""
"PORTO ALEGRE","918875","08/07/2026 - 08:35","TERESÓPOLIS","ORFANOTRÓFIO","ATENDIMENTO PRÉ-HOSPITALAR","AR-0455","1º BBM / 1ª CIA / 2º PEL / TERESÓPOLIS","-30.083177547982288","-51.22313033216359","",""
"PORTO ALEGRE","918877","08/07/2026 - 08:41","PASSO DAREIA","JOÃO WALLIG","AÇÕES PREVENTIVAS","ABT-0600","1º BBM / 2ª CIA / 2º PEL / PASSO D`AREIA","-30.027563217937963","-51.16305091357641","APOIO À PESSOA OU INSTITUIÇÃO",""
"PORTO ALEGRE","918904","08/07/2026 - 10:23","ABERTA DOS MORROS","ESTRADA GEDEON LEITE","ATENDIMENTO PRÉ-HOSPITALAR","AR-0455","1º BBM / 1ª CIA / 2º PEL / TERESÓPOLIS","-30.161191649006607","-51.183225262048126","",""
"PORTO ALEGRE","918912","08/07/2026 - 11:00","VILA ASSUNÇÃO","GUAÍBA","ATENDIMENTO PRÉ-HOSPITALAR","ABT-0596","1º BBM / 1ª CIA / 3º PEL / ASSUNÇÃO","-30.098355857778774","-51.26364469528199","",""
"PORTO ALEGRE","918914","08/07/2026 - 11:09","CAMAQUÃ","PROFESSOR JOAQUIM LOUZADA","AVERIGUAÇÃO/CORTE DE ÁRVORE","ABT-0596","1º BBM / 1ª CIA / 3º PEL / ASSUNÇÃO","-30.112482390225413","-51.236779689788825","CORTE TOTAL",""
"PORTO ALEGRE","918933","08/07/2026 - 12:06","CAVALHADA","JOSÉ CORRÊA DA SILVA","ATENDIMENTO PRÉ-HOSPITALAR","AR-0455","1º BBM / 1ª CIA / 2º PEL / TERESÓPOLIS","-30.10325646845317","-51.22552413234267","",""
"PORTO ALEGRE","918961","08/07/2026 - 14:03","JARDIM ITU SABARÁ","KARL IWERS","INCÊNDIO","ABT-0600","1º BBM / 2ª CIA / 2º PEL / PASSO D`AREIA","-30.021952340296423","-51.13678669976908","TRANSFORMADOR/REDE ELÉTRICA",""
"PORTO ALEGRE","918971","08/07/2026 - 14:24","BELÉM NOVO","AV. DO LAMI","AÇÕES PREVENTIVAS","ABT-0599","1º BBM / 1ª CIA / 5º PEL / BELÉM NOVO","-30.208696908063743","-51.16614125941626","PROGRAMA BOMBEIRO NA ESCOLA",""
"PORTO ALEGRE","918974","08/07/2026 - 14:25","PRAIA DE BELAS","EDVALDO PEREIRA PAIVA","ATENDIMENTO PRÉ-HOSPITALAR","AR-0455","1º BBM / 1ª CIA / 2º PEL / TERESÓPOLIS","-30.036315227839058","-51.241098878968984","",""
"PORTO ALEGRE","918993","08/07/2026 - 15:03","TRISTEZA","DOUTOR BARCELOS","ATENDIMENTO PRÉ-HOSPITALAR","AR-0455","1º BBM / 1ª CIA / 2º PEL / TERESÓPOLIS","-30.10225004441145","-51.23940069478872","",""
"PORTO ALEGRE","919019","08/07/2026 - 16:04","CASCATA","PROFESSOR OSCAR PEREIRA","ATENDIMENTO PRÉ-HOSPITALAR","AR-0455","1º BBM / 1ª CIA / 2º PEL / TERESÓPOLIS","-30.087370611865396","-51.18736177689299","",""
"PORTO ALEGRE","919032","08/07/2026 - 16:44","FARROUPILHA","JOÃO PESSOA","ATENDIMENTO PRÉ-HOSPITALAR","AR-0455","1º BBM / 1ª CIA / 2º PEL / TERESÓPOLIS","-30.040159750817494","-51.21735862919397","",""
"PORTO ALEGRE","919035","08/07/2026 - 16:53","PARTENON","AV. BENTO GONÇALVES","PRODUTOS PERIGOSOS","ABT-327","1º BBM / 1ª CIA / 1º PEL / AÇORIANOS","-30.06311426390436","-51.18628978729249","EXPLOSIVO",""
"PORTO ALEGRE","919045","08/07/2026 - 17:09","BELEM NOVO","AV. JUCA BATISTA","SALVAMENTO/BUSCA/RESGATE","ABT-0599","1º BBM / 1ª CIA / 5º PEL / BELÉM NOVO","-30.16108375513769","-51.18401686172251","DE ANIMAL",""
"PORTO ALEGRE","919066","08/07/2026 - 18:23","SÃO JOSÉ","ERNESTO ARAÚJO","INCÊNDIO","ABT-1365","1º BBM / 2ª CIA / 3º PEL / PARTENON","-30.074887615352676","-51.158995628356934","LIXO | VEGETAÇÃO",""
"PORTO ALEGRE","919092","08/07/2026 - 20:00","SÃO JOSÉ","RUA CONDOR","ATENDIMENTO PRÉ-HOSPITALAR","AR-0455","1º BBM / 1ª CIA / 2º PEL / TERESÓPOLIS","-30.069614836488732","-51.17147404549122","",""
"PORTO ALEGRE","919105","08/07/2026 - 20:41","TERESÓPOLIS","ORFANOTRÓFIO","OCORRÊNCIA NÃO ATENDIDA","ABT-0594","1º BBM / 1ª CIA / 2º PEL / TERESÓPOLIS","-30.07830422481753","-51.21667385101319","",""
"PORTO ALEGRE","919115","08/07/2026 - 21:11","MEDIANEIRA","TERESINA","INCÊNDIO","ABT-327","1º BBM / 1ª CIA / 1º PEL / AÇORIANOS","-30.06393138715065","-51.21038675308228","LIXO",""
"PORTO ALEGRE","919138","08/07/2026 - 22:29","CIDADE BAIXA","LUIZ AFONSO","SALVAMENTO/BUSCA/RESGATE","ABT-327","1º BBM / 1ª CIA / 1º PEL / AÇORIANOS","-30.03967481273444","-51.22218847274781","DESENCARCERAMENTO",""
"PORTO ALEGRE","919141","08/07/2026 - 23:09","SANTO ANTÔNIO","DOUTOR VOLTAIRE PIRES","ATENDIMENTO PRÉ-HOSPITALAR","AR-0455","1º BBM / 1ª CIA / 2º PEL / TERESÓPOLIS","-30.056668166262458","-51.2042943074732","",""
"PORTO ALEGRE","919142","08/07/2026 - 23:26","MÁRIO QUINTANA","DEODORO","SALVAMENTO/BUSCA/RESGATE","ABT-0600","1º BBM / 2ª CIA / 2º PEL / PASSO D`AREIA","-30.03586676165045","-51.11912772301037","DE ANIMAL",""
"PORTO ALEGRE","919148","09/07/2026 - 00:27","SÃO JOSÉ","RUA SÃO GUILHERME","INCÊNDIO","ABT-1365","1º BBM / 2ª CIA / 3º PEL / PARTENON","-30.063949958055133","-51.16124868392944","MEIO DE TRANSPORTE",""
"PORTO ALEGRE","919160","09/07/2026 - 06:44","PARTENON","ALBION","SALVAMENTO/BUSCA/RESGATE","ABT-1365","1º BBM / 2ª CIA / 3º PEL / PARTENON","-30.058267098701904","-51.165390014648445","REMOÇÃO DE FONTE DE PERIGO",""
"PORTO ALEGRE","919166","09/07/2026 - 08:22","JARDIM CARVALHO","TV. PEREIRA","SALVAMENTO/BUSCA/RESGATE","ABT-1365","1º BBM / 2ª CIA / 3º PEL / PARTENON","-30.061340711832177","-51.14430785179139","DE ANIMAL",""
"PORTO ALEGRE","919169","09/07/2026 - 08:30","COSTA E SILVA","R. JAÍRO GONDIM DA SILVA","INCÊNDIO","ABT-0600","1º BBM / 2ª CIA / 2º PEL / PASSO D`AREIA","-30.012179314002278","-51.12083334190863","LIXO | TERRENO BALDIO",""
"PORTO ALEGRE","919181","09/07/2026 - 09:15","SANTA ROSA","ARTUR DE LIMA BOTONA","OCORRÊNCIA NÃO ATENDIDA","ABT-0600","1º BBM / 2ª CIA / 2º PEL / PASSO D`AREIA","-29.992788680570218","-51.106512019642864","",""
"PORTO ALEGRE","919183","09/07/2026 - 09:21","CAVALHADA","DA PRUDÊNCIA","SALVAMENTO/BUSCA/RESGATE","ABT-0596","1º BBM / 1ª CIA / 3º PEL / ASSUNÇÃO","-30.112872184676483","-51.229140735380916","DE ANIMAL",""
"PORTO ALEGRE","919195","09/07/2026 - 09:44","MEDIANEIRA","TRAVESSA VIAMÃO","ATENDIMENTO PRÉ-HOSPITALAR","AR-0455","1º BBM / 1ª CIA / 2º PEL / TERESÓPOLIS","-30.069343002823096","-51.21021569011032","",""
"PORTO ALEGRE","919212","09/07/2026 - 10:28","PETRÓPOLIS","TOROPI","INCÊNDIO","ABT-0597","1º BBM / 2ª CIA / 1º PEL / FLORESTA","-30.03904324523599","-51.17950916290284","EDIFICAÇÃO MULTIFAMILIAR",""
"PORTO ALEGRE","919219","09/07/2026 - 11:07","PETRÓPOLIS","FARIA SANTOS","ATENDIMENTO PRÉ-HOSPITALAR","AR-0455","1º BBM / 1ª CIA / 2º PEL / TERESÓPOLIS","-30.0452955573125","-51.190659920060085","",""
"PORTO ALEGRE","919236","09/07/2026 - 11:45","CENTRO","QUINZE DE NOVEMBRO","ATENDIMENTO PRÉ-HOSPITALAR","AR-0455","1º BBM / 1ª CIA / 2º PEL / TERESÓPOLIS","-30.028282018221198","-51.22730576850523","",""
"PORTO ALEGRE","919260","09/07/2026 - 13:19","VILA IPIRANGA","PRAÇA PAULO DE ARAGÃO BOZZANO","INCÊNDIO","ABT-0600","1º BBM / 2ª CIA / 2º PEL / PASSO D`AREIA","-30.02314129319856","-51.15272995174551","ESCOLAS",""
"PORTO ALEGRE","919267","09/07/2026 - 13:47","PETRÓPOLIS","PROTÁSIO ALVES","ATENDIMENTO PRÉ-HOSPITALAR","AR-0455","1º BBM / 1ª CIA / 2º PEL / TERESÓPOLIS","-30.039952954590273","-51.17653316370674","",""
"PORTO ALEGRE","919288","09/07/2026 - 14:21","CAVALHADA","ALFREDO MAGALHÃES","INCÊNDIO","ABT-0596","1º BBM / 1ª CIA / 3º PEL / ASSUNÇÃO","-30.13404884977776","-51.21948465073588","EDIFICAÇÃO RESIDENCIAL UNIFAMILIAR",""
"PORTO ALEGRE","919294","09/07/2026 - 14:28","RUBEM BERTA","JOÃO PARIS","ATENDIMENTO PRÉ-HOSPITALAR","AR-0455","1º BBM / 1ª CIA / 2º PEL / TERESÓPOLIS","-29.98854001715138","-51.1006370350896","",""
"PORTO ALEGRE","919322","09/07/2026 - 15:24","PARTENON","ENGENHEIRO RODOLFO AHRONS","AVERIGUAÇÃO/CORTE DE ÁRVORE","ABT-1365","1º BBM / 2ª CIA / 3º PEL / PARTENON","-30.06142428306202","-51.158995628356934","CORTE PARCIAL",""
"PORTO ALEGRE","919323","09/07/2026 - 15:26","SARANDI","LINDOLFO HENKE","PRODUTOS PERIGOSOS","ABT-0600","1º BBM / 2ª CIA / 2º PEL / PASSO D`AREIA","-30.00508592651915","-51.128364589074415","OCORRÊNCIA DE VULTO | QUÍMICO",""
"PORTO ALEGRE","919323","09/07/2026 - 15:26","SARANDI","LINDOLFO HENKE","OCORRÊNCIA NÃO ATENDIDA","ABT-0597","1º BBM / 2ª CIA / 1º PEL / FLORESTA","-30.005099861032093","-51.12820413303008","",""
"PORTO ALEGRE","919340","09/07/2026 - 16:12","MEDIANEIRA","NUNES","ATENDIMENTO PRÉ-HOSPITALAR","AR-0455","1º BBM / 1ª CIA / 2º PEL / TERESÓPOLIS","-30.070146111354724","-51.20616502880456","",""
"PORTO ALEGRE","919349","09/07/2026 - 16:35","CENTRO HISTÓRICO","RUA DOS ANDRADAS","INCÊNDIO","AEM-0482","1º BBM / 1ª CIA / 1º PEL / AÇORIANOS","-30.02988506414524","-51.229516267776496","CASA DE MAQUINAS | EDIFICAÇÃO COMERCIAL",""
"PORTO ALEGRE","919349","09/07/2026 - 16:35","CENTRO HISTÓRICO","RUA DOS ANDRADAS","INCÊNDIO","ABT-327","1º BBM / 1ª CIA / 1º PEL / AÇORIANOS","-30.029847909557173","-51.2289047241211","EDIFICAÇÃO COMERCIAL",""
"PORTO ALEGRE","919349","09/07/2026 - 16:35","CENTRO HISTÓRICO","RUA DOS ANDRADAS","INCÊNDIO","ABTS-866","BBS / 1ª CIA / 1º PEL / TERRESTRE","-30.031426967267713","-51.234312057495124","EDIFICAÇÃO COMERCIAL",""
"PORTO ALEGRE","919352","09/07/2026 - 16:38","JARDIM LEOPOLDINA","JUSCELINO KUBITSCHEK DE OLIVEIRA","INCÊNDIO","ABT-0600","1º BBM / 2ª CIA / 2º PEL / PASSO D`AREIA","-30.019945716636933","-51.11657415427507","LIXO | TERRENO BALDIO | VEGETAÇÃO",""
"PORTO ALEGRE","919355","09/07/2026 - 16:45","SANTA TEREZA","CRUZEIRO DO SUL","INCÊNDIO","ABT-0594","1º BBM / 1ª CIA / 2º PEL / TERESÓPOLIS","-30.081200823023877","-51.22819662094117","EDIFICAÇÃO MULTIFAMILIAR",""
"PORTO ALEGRE","919359","09/07/2026 - 16:59","RIO BRANCO","DONA LAURA","SALVAMENTO/BUSCA/RESGATE","ABT-0597","1º BBM / 2ª CIA / 1º PEL / FLORESTA","-30.02930916646516","-51.19802726602369","DESAPARECIMENTO",""
"PORTO ALEGRE","919365","09/07/2026 - 17:25","PASSO DAREIA","LEOPOLDO DE FREITAS","AVERIGUAÇÃO/MANEJO DE INSETOS","ABT-0600","1º BBM / 2ª CIA / 2º PEL / PASSO D`AREIA","-30.009053082492787","-51.16961717357732","EXTERMÍNIO | REMOÇÃO | VISTORIA",""
"PORTO ALEGRE","919375","09/07/2026 - 18:10","RUBEM BERTA","ROSA MARIA MALHEIROS","PRODUTOS PERIGOSOS","ABT-0600","1º BBM / 2ª CIA / 2º PEL / PASSO D`AREIA","-29.99300193913625","-51.101221647586584","OCORRÊNCIA DE VULTO | QUÍMICO",""
"PORTO ALEGRE","919376","09/07/2026 - 18:13","FLORESTA","AV CRISTOVÃO COLOMBO","AVERIGUAÇÃO/MANEJO DE INSETOS","ABT-0597","1º BBM / 2ª CIA / 1º PEL / FLORESTA","-30.025946600307485","-51.21315397827967","VISTORIA",""
"PORTO ALEGRE","919377","09/07/2026 - 18:14","CRISTAL","DIVISA","ATENDIMENTO PRÉ-HOSPITALAR","AR-0455","1º BBM / 1ª CIA / 2º PEL / TERESÓPOLIS","-30.084939186271832","-51.235957450689014","",""
"PORTO ALEGRE","919384","09/07/2026 - 18:28","JARDIM ITU SABARÁ","PROFESSOR LEOPOLDO TIETBOHL","AVERIGUAÇÃO/MANEJO DE INSETOS","ABT-0597","1º BBM / 2ª CIA / 1º PEL / FLORESTA","-30.015746737938674","-51.13178732579249","VISTORIA",""
"PORTO ALEGRE","919388","09/07/2026 - 18:38","BELEM NOVO","AV. JUCA BATISTA","ATENDIMENTO PRÉ-HOSPITALAR","AR-0455","1º BBM / 1ª CIA / 2º PEL / TERESÓPOLIS","-30.206744339104105","-51.17980430434862","",""
"PORTO ALEGRE","919416","09/07/2026 - 20:09","CRISTO REDENTOR","MARECHAL FROTA","PRODUTOS PERIGOSOS","ABT-0600","1º BBM / 2ª CIA / 2º PEL / PASSO D`AREIA","-30.01668501807575","-51.15703231580135","OCORRÊNCIA DE VULTO | QUÍMICO",""
"PORTO ALEGRE","919427","09/07/2026 - 20:56","AGRONOMIA","RUA LICERIO PIRES BARRETO","INCÊNDIO","ABT-1365","1º BBM / 2ª CIA / 3º PEL / PARTENON","-30.070096735986866","-51.149210929870605","TRANSFORMADOR/REDE ELÉTRICA",""
"PORTO ALEGRE","919429","09/07/2026 - 21:03","CAVALHADA","EDUARDO PRADO","ATENDIMENTO PRÉ-HOSPITALAR","AR-0455","1º BBM / 1ª CIA / 2º PEL / TERESÓPOLIS","-30.124770250723586","-51.2205647856192","",""
"PORTO ALEGRE","919430","09/07/2026 - 21:07","FARRAPOS","RUA JOÃO BATISTA BARBOSA","INCÊNDIO","ABT-0597","1º BBM / 2ª CIA / 1º PEL / FLORESTA","-29.980810301209154","-51.19794132159791","EDIFICAÇÃO RESIDENCIAL UNIFAMILIAR",""
"PORTO ALEGRE","919431","09/07/2026 - 21:09","BOM JESUS","33","INCÊNDIO","ABT-0600","1º BBM / 2ª CIA / 2º PEL / PASSO D`AREIA","-30.050968075740073","-51.164065116583984","TRANSFORMADOR/REDE ELÉTRICA",""
"PORTO ALEGRE","919432","09/07/2026 - 21:13","CENTRO HISTÓRICO","RUA DOS ANDRADAS","INCÊNDIO","AT-1590","1º BBM / 1ª CIA / 1º PEL / AÇORIANOS","-30.029908285755695","-51.229645013809204","CASA DE MAQUINAS | EDIFICAÇÃO COMERCIAL",""
"PORTO ALEGRE","919453","09/07/2026 - 23:33","JARDIM LEOPOLDINA","LYDIA MOSCHETTI","INCÊNDIO","ABT-0600","1º BBM / 2ª CIA / 2º PEL / PASSO D`AREIA","-30.017242360225577","-51.116423596958214","TRANSFORMADOR/REDE ELÉTRICA",""
"PORTO ALEGRE","919457","09/07/2026 - 23:56","BOM FIM","HENRIQUE DIAS","INCÊNDIO","ABT-0597","1º BBM / 2ª CIA / 1º PEL / FLORESTA","-30.033080306615933","-51.21193157706176","CONTAINER",""
"PORTO ALEGRE","919460","10/07/2026 - 01:01","SÃO JOÃO","SÉRGIO JUNGBLUT DIETERICH","INCÊNDIO","ABT-0600","1º BBM / 2ª CIA / 2º PEL / PASSO D`AREIA","-29.986924487833598","-51.143324742985726","LIXO",""
"PORTO ALEGRE","919461","10/07/2026 - 01:02","CIDADE BAIXA","JOSÉ DO PATROCÍNIO","INCÊNDIO","ABT-327","1º BBM / 1ª CIA / 1º PEL / AÇORIANOS","-30.040203023630912","-51.22258942973654","CONTAINER",""
"PORTO ALEGRE","919468","10/07/2026 - 02:21","SÃO GERALDO","RUA DO PARQUE","INCÊNDIO","AT-1590","1º BBM / 1ª CIA / 1º PEL / AÇORIANOS","-30.012216486544233","-51.21081590652466","EDIFICAÇÃO INDUSTRIAL",""
"PORTO ALEGRE","919468","10/07/2026 - 02:21","SÃO GERALDO","RUA DO PARQUE","INCÊNDIO","ABT-0597","1º BBM / 2ª CIA / 1º PEL / FLORESTA","-30.012123583494933","-51.211308930337815","LIXO",""
"PORTO ALEGRE","919469","10/07/2026 - 03:11","SARANDI","SERTÓRIO","ATENDIMENTO PRÉ-HOSPITALAR","AR-0455","1º BBM / 1ª CIA / 2º PEL / TERESÓPOLIS","-30.001712215780476","-51.12814694949396","",""
"PORTO ALEGRE","919472","10/07/2026 - 04:07","INDEPENDÊNCIA","ANDRÉ PUENTE","INCÊNDIO","ABT-0597","1º BBM / 2ª CIA / 1º PEL / FLORESTA","-30.028138783451055","-51.211695795825705","EDIFICAÇÃO MULTIFAMILIAR",""
"PORTO ALEGRE","919484","10/07/2026 - 08:23","RESTINGA","NATAL FAGUNDES","INCÊNDIO","ABT-0598","1º BBM / 1ª CIA / 4º PEL / RESTINGA","-30.14538696219015","-51.14137887954712","EDIFICAÇÃO RESIDENCIAL UNIFAMILIAR | OCORRÊNCIA DE VULTO",""
"PORTO ALEGRE","919533","10/07/2026 - 10:51","RESTINGA","ECONOMISTA NILO WULFF","SALVAMENTO/BUSCA/RESGATE","ABT-0598","1º BBM / 1ª CIA / 4º PEL / RESTINGA","-30.1504339576883","-51.14569187164307","DE ANIMAL",""
"PORTO ALEGRE","919542","10/07/2026 - 11:13","MORRO SANTANA","AV. PROTÁSIO ALVES","ATENDIMENTO PRÉ-HOSPITALAR","AR-0455","1º BBM / 1ª CIA / 2º PEL / TERESÓPOLIS","-30.044485738889975","-51.10307693481446","",""
"PORTO ALEGRE","919556","10/07/2026 - 12:24","MENINO DEUS","RUA MARCÍLIO DIAS","ATENDIMENTO PRÉ-HOSPITALAR","AR-0455","1º BBM / 1ª CIA / 2º PEL / TERESÓPOLIS","-30.049240710444277","-51.22566461563111","",""
"PORTO ALEGRE","919568","10/07/2026 - 13:30","CENTRO","MERCADO PÚBLICO","SALVAMENTO/BUSCA/RESGATE","ABTS-866","BBS / 1ª CIA / 1º PEL / TERRESTRE","-30.026931230936835","-51.22843265533447","SUICÍDIO/TENTATIVA",""
"PORTO ALEGRE","919594","10/07/2026 - 14:33","PASSO DAREIA","JOÃO WALLIG","ATENDIMENTO PRÉ-HOSPITALAR","AR-0455","1º BBM / 1ª CIA / 2º PEL / TERESÓPOLIS","-30.02551930472736","-51.163415908813484","",""
"PORTO ALEGRE","919629","10/07/2026 - 15:40","JARDIM ITU SABARÁ","GOMES DE FREITAS","INCÊNDIO","ABT-0600","1º BBM / 2ª CIA / 2º PEL / PASSO D`AREIA","-30.011672996059474","-51.143057934954676","TRANSFORMADOR/REDE ELÉTRICA",""
"PORTO ALEGRE","919647","10/07/2026 - 17:13","CRISTAL","JATAÍ","ATENDIMENTO PRÉ-HOSPITALAR","AR-0455","1º BBM / 1ª CIA / 2º PEL / TERESÓPOLIS","-30.08591689759124","-51.23789548873902","",""
"PORTO ALEGRE","919663","10/07/2026 - 18:25","SARANDI","SÉRGIO JUNGBLUT DIETERICH","INCÊNDIO","ABT-0600","1º BBM / 2ª CIA / 2º PEL / PASSO D`AREIA","-29.988838785352957","-51.14307318300994","VEGETAÇÃO",""
"PORTO ALEGRE","919671","10/07/2026 - 18:59","AGRONOMIA","ANTÔNIO DE CARVALHO","ATENDIMENTO PRÉ-HOSPITALAR","AR-0455","1º BBM / 1ª CIA / 2º PEL / TERESÓPOLIS","-30.06513848869445","-51.150949001312256","",""
"PORTO ALEGRE","919690","10/07/2026 - 20:26","BOA VISTA","ANITA GARIBALDI","INCÊNDIO","ABT-0600","1º BBM / 2ª CIA / 2º PEL / PASSO D`AREIA","-30.02673618783255","-51.18893007570352","EDIFICAÇÃO RESIDENCIAL UNIFAMILIAR",""
"PORTO ALEGRE","919701","10/07/2026 - 21:14","RUBEM BERTA","BERNARDINO SILVEIRA AMORIM","ATENDIMENTO PRÉ-HOSPITALAR","AR-0455","1º BBM / 1ª CIA / 2º PEL / TERESÓPOLIS","-30.005713062963174","-51.09331369400025","",""
"PORTO ALEGRE","919717","10/07/2026 - 22:41","CAMAQUÃ","JOÃO MORA","ATENDIMENTO PRÉ-HOSPITALAR","AR-0455","1º BBM / 1ª CIA / 2º PEL / TERESÓPOLIS","-30.106245431711454","-51.233282089233406","",""
"PORTO ALEGRE","919719","10/07/2026 - 22:56","PEDRA REDONDA","CEL MARCOS","INCÊNDIO","ABT-0596","1º BBM / 1ª CIA / 3º PEL / ASSUNÇÃO","-30.124008583729","-51.24607089816906","MEIO DE TRANSPORTE",""
"PORTO ALEGRE","919740","11/07/2026 - 06:24","SANTA TEREZA","HIPÓLITO DA COSTA","INCÊNDIO","ABT-327","1º BBM / 1ª CIA / 1º PEL / AÇORIANOS","-30.06981818935388","-51.2282395362854","EDIFICAÇÃO RESIDENCIAL UNIFAMILIAR",""
"PORTO ALEGRE","919741","11/07/2026 - 06:41","PARTENON","EVARISTO DA VEIGA","SALVAMENTO/BUSCA/RESGATE","ABT-327","1º BBM / 1ª CIA / 1º PEL / AÇORIANOS","-30.054051172020785","-51.19603157043458","DESABAMENTO",""
"PORTO ALEGRE","919746","11/07/2026 - 07:44","TERESÓPOLIS","DOUTOR RAUL FRANCO DI PRIMIO","AVERIGUAÇÃO/CORTE DE ÁRVORE","ABT-0594","1º BBM / 1ª CIA / 2º PEL / TERESÓPOLIS","-30.089166030720857","-51.20373510626362","VISTORIA",""
"PORTO ALEGRE","919752","11/07/2026 - 08:24","CENTRO","SARMENTO LEITE","AVERIGUAÇÃO/CORTE DE ÁRVORE","ABT-327","1º BBM / 1ª CIA / 1º PEL / AÇORIANOS","-30.032838809330116","-51.22042894363404","CORTE TOTAL",""
"PORTO ALEGRE","919765","11/07/2026 - 09:22","FLORESTA","CRISTOVÃO COLOMBO","AÇÕES PREVENTIVAS","ABT-0597","1º BBM / 2ª CIA / 1º PEL / FLORESTA","-30.020298718725257","-51.20703914184349","INSPEÇÃO/REMOÇÃO DE FONTE DE PERIGO",""
"PORTO ALEGRE","919777","11/07/2026 - 10:12","ESPÍRITO SANTO","DOUTOR FRANCISCO ROBERTO DALL IGNA","ATENDIMENTO PRÉ-HOSPITALAR","AR-0455","1º BBM / 1ª CIA / 2º PEL / TERESÓPOLIS","-30.151445181248956","-51.21538639068604","",""
"PORTO ALEGRE","919790","11/07/2026 - 11:14","FLORESTA","ÁLVARO CHAVES","INCÊNDIO","ABT-0597","1º BBM / 2ª CIA / 1º PEL / FLORESTA","-30.014817736596303","-51.20939970356778","LOCAIS DE REUNIÃO DE PÚBLICO (F)",""
"PORTO ALEGRE","919793","11/07/2026 - 11:57","SÃO GERALDO","PRESIDENTE FRANKLIN ROOSEVELT","INCÊNDIO","ABT-0597","1º BBM / 2ª CIA / 1º PEL / FLORESTA","-30.0093736138294","-51.20337013513518","EDIFICAÇÃO COMERCIAL",""
"PORTO ALEGRE","919798","11/07/2026 - 12:25","SARANDI","SERGIO JUNGBLUT DIETREICH","ATENDIMENTO PRÉ-HOSPITALAR","AR-0455","1º BBM / 1ª CIA / 2º PEL / TERESÓPOLIS","-29.991552706416574","-51.142687797546394","",""
"PORTO ALEGRE","919803","11/07/2026 - 12:45","CAMPO NOVO","R. SANTOS BECO UM","AÇÕES PREVENTIVAS","ABT-0599","1º BBM / 1ª CIA / 5º PEL / BELÉM NOVO","-30.132378625596655","-51.20465755462647","INSPEÇÃO/REMOÇÃO DE FONTE DE PERIGO",""
"PORTO ALEGRE","919808","11/07/2026 - 13:09","PARTENON","AV. IPIRANGA","AÇÕES PREVENTIVAS","ABT-327","1º BBM / 1ª CIA / 1º PEL / AÇORIANOS","-30.04647319617142","-51.20997905731202","VISTORIA DE HIDRANTES",""
"PORTO ALEGRE","919809","11/07/2026 - 13:11","MENINO DEUS","ÉRICO VERÍSSIMO","AÇÕES PREVENTIVAS","ABT-327","1º BBM / 1ª CIA / 1º PEL / AÇORIANOS","-30.05428333124391","-51.21871232986451","VISTORIA DE HIDRANTES",""
"PORTO ALEGRE","919814","11/07/2026 - 13:27","NONOAI","MESTRE MACEDINHO","INCÊNDIO","ABT-0594","1º BBM / 1ª CIA / 2º PEL / TERESÓPOLIS","-30.09042852222213","-51.21073007583619","TRANSFORMADOR/REDE ELÉTRICA",""
"PORTO ALEGRE","919821","11/07/2026 - 14:05","RESTINGA","EVANGELISTA","AVERIGUAÇÃO/CORTE DE ÁRVORE","ABT-0598","1º BBM / 1ª CIA / 4º PEL / RESTINGA","-30.157224727953178","-51.13903999328614","CORTE TOTAL",""
"PORTO ALEGRE","919824","11/07/2026 - 14:28","CAMPO NOVO","BECO PALADINO","AÇÕES PREVENTIVAS","ABT-0599","1º BBM / 1ª CIA / 5º PEL / BELÉM NOVO","-30.133065271103654","-51.20251178741456","VISTORIA DE HIDRANTES",""
"PORTO ALEGRE","919825","11/07/2026 - 14:29","HÍPICA","JUCA BATISTA","AÇÕES PREVENTIVAS","ABT-0599","1º BBM / 1ª CIA / 5º PEL / BELÉM NOVO","-30.16273492736278","-51.18345737457276","VISTORIA DE HIDRANTES",""
"PORTO ALEGRE","919838","11/07/2026 - 15:10","MEDIANEIRA","PROFESSOR CLEMENTE PINTO","ATENDIMENTO PRÉ-HOSPITALAR","AR-0455","1º BBM / 1ª CIA / 2º PEL / TERESÓPOLIS","-30.069465362493258","-51.21321916580201","",""
"PORTO ALEGRE","919845","11/07/2026 - 15:36","IPANEMA","TRAMANDAÍ","AÇÕES PREVENTIVAS","ABT-0596","1º BBM / 1ª CIA / 3º PEL / ASSUNÇÃO","-30.13707868223902","-51.22541139025382","VISTORIA DE HIDRANTES",""
"PORTO ALEGRE","919848","11/07/2026 - 15:43","SARANDI","ALAMEDA TRÊS DE OUTUBRO","SALVAMENTO/BUSCA/RESGATE","ABT-0600","1º BBM / 2ª CIA / 2º PEL / PASSO D`AREIA","-29.999915355830076","-51.12668035101202","DE ANIMAL",""
"PORTO ALEGRE","919850","11/07/2026 - 15:48","CORONEL APARÍCIO BORGES","DA REPRESA","AVERIGUAÇÃO/CORTE DE ÁRVORE","ABT-1365","1º BBM / 2ª CIA / 3º PEL / PARTENON","-30.08890610399906","-51.169466972351074","CORTE TOTAL",""
"PORTO ALEGRE","919855","11/07/2026 - 16:06","RUBEM BERTA","BERNARDINO SILVEIRA AMORIM","AVERIGUAÇÃO/CORTE DE ÁRVORE","ABT-0600","1º BBM / 2ª CIA / 2º PEL / PASSO D`AREIA","-30.000398346139335","-51.10582556250781","VISTORIA",""
"PORTO ALEGRE","919859","11/07/2026 - 16:19","NONOAI","MESTRE MACEDINHO","AÇÕES PREVENTIVAS","ABT-0594","1º BBM / 1ª CIA / 2º PEL / TERESÓPOLIS","-30.09002007085328","-51.20987176895142","VISTORIA DE HIDRANTES",""
"PORTO ALEGRE","919860","11/07/2026 - 16:20","NONOAI","FORTALEZA","AÇÕES PREVENTIVAS","ABT-0594","1º BBM / 1ª CIA / 2º PEL / TERESÓPOLIS","-30.0860282982087","-51.21416330337525","VISTORIA DE HIDRANTES",""
"PORTO ALEGRE","919867","11/07/2026 - 16:41","HIGIENÓPOLIS","GERMANO PETERSEN JÚNIOR","INCÊNDIO","ABT-0597","1º BBM / 2ª CIA / 1º PEL / FLORESTA","-30.01708448458389","-51.19047403335572","CONTAINER",""
"PORTO ALEGRE","919894","11/07/2026 - 18:29","PASSO DAREIA","JOÃO WALLIG","ATENDIMENTO PRÉ-HOSPITALAR","AR-0455","1º BBM / 1ª CIA / 2º PEL / TERESÓPOLIS","-30.024794755838887","-51.163372993469245","",""
"PORTO ALEGRE","919901","11/07/2026 - 18:57","BOM FIM","OSVALDO ARANHA","AÇÕES PREVENTIVAS","ABT-0597","1º BBM / 2ª CIA / 1º PEL / FLORESTA","-30.034733618383022","-51.212145390613344","APOIO À PESSOA OU INSTITUIÇÃO",""
"PORTO ALEGRE","919906","11/07/2026 - 19:23","RESTINGA","AV ECONOMISTA NILO WULFF","AÇÕES PREVENTIVAS","ABT-0598","1º BBM / 1ª CIA / 4º PEL / RESTINGA","-30.1505081762838","-51.14524126052857","VISTORIA DE HIDRANTES",""
"PORTO ALEGRE","919907","11/07/2026 - 19:24","RESTINGA","ISRAEL STAROSTA","AÇÕES PREVENTIVAS","ABT-0598","1º BBM / 1ª CIA / 4º PEL / RESTINGA","-30.151027704888673","-51.148395538330085","VISTORIA DE HIDRANTES",""
"PORTO ALEGRE","919921","11/07/2026 - 20:49","RESTINGA","IGNES FAGUNDES","AVERIGUAÇÃO/MANEJO DE INSETOS","ABT-0598","1º BBM / 1ª CIA / 4º PEL / RESTINGA","-30.146611624528745","-51.14635705947877","REMOÇÃO",""
"PORTO ALEGRE","919946","11/07/2026 - 22:12","BOM JESUS","RUA I","INCÊNDIO","ABT-1365","1º BBM / 2ª CIA / 3º PEL / PARTENON","-30.049983654129882","-51.15820169448853","TRANSFORMADOR/REDE ELÉTRICA",""
"PORTO ALEGRE","919950","11/07/2026 - 22:22","FLORESTA","ALMIRANTE BARROSO","AÇÕES PREVENTIVAS","ABT-0597","1º BBM / 2ª CIA / 1º PEL / FLORESTA","-30.0180692032228","-51.20538640425416","APOIO À PESSOA OU INSTITUIÇÃO",""
"PORTO ALEGRE","919953","11/07/2026 - 22:59","RIO BRANCO","GIORDANO BRUNO","AÇÕES PREVENTIVAS","ABT-0597","1º BBM / 2ª CIA / 1º PEL / FLORESTA","-30.036907031214458","-51.206438527800415","VISTORIA DE HIDRANTES",""
"PORTO ALEGRE","919954","11/07/2026 - 23:00","CENTRO","CONDE DE PORTO ALEGRE","AÇÕES PREVENTIVAS","ABT-0597","1º BBM / 2ª CIA / 1º PEL / FLORESTA","-30.031742775791034","-51.224870685165676","VISTORIA DE HIDRANTES",""
"PORTO ALEGRE","919963","11/07/2026 - 23:47","NONOAI","COSTA LIMA","ATENDIMENTO PRÉ-HOSPITALAR","ATP-1452","1º BBM / 2ª CIA / 3º PEL / PARTENON","-30.086659566003988","-51.21038675308228","",""
"PORTO ALEGRE","919963","11/07/2026 - 23:47","NONOAI","COSTA LIMA","AÇÕES PREVENTIVAS","ABT-0594","1º BBM / 1ª CIA / 2º PEL / TERESÓPOLIS","-30.08400450075801","-51.213412284851074","APOIO À PESSOA OU INSTITUIÇÃO",""
"PORTO ALEGRE","919966","12/07/2026 - 00:09","AGRONOMIA","CHACARA DOS BOMBEIROS","INCÊNDIO","ABT-1365","1º BBM / 2ª CIA / 3º PEL / PARTENON","-30.076447386484766","-51.17217063903809","EDIFICAÇÃO RESIDENCIAL UNIFAMILIAR",""
"PORTO ALEGRE","919966","12/07/2026 - 00:09","AGRONOMIA","CHACARA DOS BOMBEIROS","OCORRÊNCIA NÃO ATENDIDA","AR-0455","1º BBM / 1ª CIA / 2º PEL / TERESÓPOLIS","-30.074479099802208","-51.15380287170411","",""
"PORTO ALEGRE","919967","12/07/2026 - 00:12","TRISTEZA","BAZILIO PELLIN FILHO","AÇÕES PREVENTIVAS","ABT-0596","1º BBM / 1ª CIA / 3º PEL / ASSUNÇÃO","-30.11745682486753","-51.24757289886475","APOIO À PESSOA OU INSTITUIÇÃO",""
"PORTO ALEGRE","919989","12/07/2026 - 05:47","BELEM NOVO","AVENIDA HEITOR VIEIRA","OCORRÊNCIA NÃO ATENDIDA","AR-0455","1º BBM / 1ª CIA / 2º PEL / TERESÓPOLIS","-30.21042145581995","-51.18420839309693","",""
"PORTO ALEGRE","920025","12/07/2026 - 10:46","IPANEMA","ESTRADA CAMPO NOVO","ATENDIMENTO PRÉ-HOSPITALAR","AR-0455","1º BBM / 1ª CIA / 2º PEL / TERESÓPOLIS","-30.139511953238493","-51.2141481463423","",""
"PORTO ALEGRE","920026","12/07/2026 - 11:01","PEDRA REDONDA","EVARISTO DO AMARAL","AÇÕES PREVENTIVAS","ABT-0596","1º BBM / 1ª CIA / 3º PEL / ASSUNÇÃO","-30.12308060409588","-51.24982595443726","VISTORIA DE HIDRANTES",""
"PORTO ALEGRE","920035","12/07/2026 - 11:35","PEDRA REDONDA","CORONEL MARCOS","AÇÕES PREVENTIVAS","ABT-0596","1º BBM / 1ª CIA / 3º PEL / ASSUNÇÃO","-30.124119947371696","-51.24568462371827","VISTORIA DE HIDRANTES",""
"PORTO ALEGRE","920041","12/07/2026 - 12:14","MEDIANEIRA","NUNES","AÇÕES PREVENTIVAS","ABT-0594","1º BBM / 1ª CIA / 2º PEL / TERESÓPOLIS","-30.070430990911515","-51.20914220809937","VISTORIA DE HIDRANTES",""
"PORTO ALEGRE","920043","12/07/2026 - 12:16","TERESÓPOLIS","AV TERESOPOLIS","AÇÕES PREVENTIVAS","ABT-0594","1º BBM / 1ª CIA / 2º PEL / TERESÓPOLIS","-30.080142460436104","-51.209421157836914","VISTORIA DE HIDRANTES",""
"PORTO ALEGRE","920047","12/07/2026 - 12:45","LOMBA DO PINHEIRO","DOURADOS","INCÊNDIO","ABT-0598","1º BBM / 1ª CIA / 4º PEL / RESTINGA","-30.11985114626028","-51.099944114685066","EDIFICAÇÃO RESIDENCIAL UNIFAMILIAR",""
"PORTO ALEGRE","920047","12/07/2026 - 12:45","LOMBA DO PINHEIRO","DOURADOS","INCÊNDIO","ABT-1365","1º BBM / 2ª CIA / 3º PEL / PARTENON","-30.119795465026648","-51.099933385849006","EDIFICAÇÃO RESIDENCIAL UNIFAMILIAR",""
"PORTO ALEGRE","920059","12/07/2026 - 13:43","LAMI","BOA VISTA","SALVAMENTO/BUSCA/RESGATE","ABT-0599","1º BBM / 1ª CIA / 5º PEL / BELÉM NOVO","-30.23880724659004","-51.083700656890876","DE ANIMAL",""
"PORTO ALEGRE","920063","12/07/2026 - 14:18","VILA JOÃO PESSOA","RUA IRMÃO WEIBERT","ATENDIMENTO PRÉ-HOSPITALAR","AR-0455","1º BBM / 1ª CIA / 2º PEL / TERESÓPOLIS","-30.066753563215816","-51.170861960400806","",""
"PORTO ALEGRE","920077","12/07/2026 - 15:32","RESTINGA","ACESSO H-3","ATENDIMENTO PRÉ-HOSPITALAR","AR-0455","1º BBM / 1ª CIA / 2º PEL / TERESÓPOLIS","-30.11616702400682","-51.20657609235399","",""
"PORTO ALEGRE","920079","12/07/2026 - 15:55","FARRAPOS","VOLUNTARIOS DA PATRIA","AÇÕES PREVENTIVAS","ABT-0597","1º BBM / 2ª CIA / 1º PEL / FLORESTA","-29.98015977222766","-51.200087070465095","VISTORIA DE HIDRANTES",""
"PORTO ALEGRE","920080","12/07/2026 - 15:56","FARRAPOS","VOLUNTARIOS DA PATRIA","AÇÕES PREVENTIVAS","ABT-0597","1º BBM / 2ª CIA / 1º PEL / FLORESTA","-29.98030846494193","-51.20023727416993","VISTORIA DE HIDRANTES",""
"PORTO ALEGRE","920085","12/07/2026 - 16:42","BELA VISTA","BARÃO DE UBÁ","ATENDIMENTO PRÉ-HOSPITALAR","AR-0455","1º BBM / 1ª CIA / 2º PEL / TERESÓPOLIS","-30.035089477857195","-51.188144679120825","",""
"PORTO ALEGRE","920087","12/07/2026 - 16:48","CENTRO HISTÓRICO","RUA DOS ANDRADAS","AÇÕES PREVENTIVAS","ABT-327","1º BBM / 1ª CIA / 1º PEL / AÇORIANOS","-30.02968071373854","-51.2247258424759","VISTORIA DE HIDRANTES",""
"PORTO ALEGRE","920088","12/07/2026 - 16:49","CENTRO","DOUTOR FLORES","AÇÕES PREVENTIVAS","ABT-327","1º BBM / 1ª CIA / 1º PEL / AÇORIANOS","-30.0271634537166","-51.224559545516975","VISTORIA DE HIDRANTES",""
"PORTO ALEGRE","920112","12/07/2026 - 19:29","AGRONOMIA","BENTO GONÇALVES","AÇÕES PREVENTIVAS","ABT-1365","1º BBM / 2ª CIA / 3º PEL / PARTENON","-30.073754908999256","-51.137151718139656","VISTORIA DE HIDRANTES",""
"PORTO ALEGRE","920114","12/07/2026 - 19:33","PARTENON","WALDOMIRO SCHAPKE","AÇÕES PREVENTIVAS","ABT-1365","1º BBM / 2ª CIA / 3º PEL / PARTENON","-30.064934211006488","-51.15272998809815","VISTORIA DE HIDRANTES",""
"PORTO ALEGRE","920131","12/07/2026 - 20:49","BELA VISTA","RUA BARÃO DE UBÁ","SALVAMENTO/BUSCA/RESGATE","ABT-0597","1º BBM / 2ª CIA / 1º PEL / FLORESTA","-30.034882229325618","-51.18746995925904","ELEVADORES",""
"PORTO ALEGRE","920176","13/07/2026 - 07:55","CHAPÉU DO SOL","AV JUCA BATISTA","AÇÕES PREVENTIVAS","ABT-0599","1º BBM / 1ª CIA / 5º PEL / BELÉM NOVO","-30.172771233228442","-51.17822170257569","VISTORIA DE HIDRANTES",""
"PORTO ALEGRE","920177","13/07/2026 - 07:56","BELÉM NOVO","OLAVIO JOSÉ DE SOUZA","AÇÕES PREVENTIVAS","ABT-0599","1º BBM / 1ª CIA / 5º PEL / BELÉM NOVO","-30.210903582044953","-51.179401874542236","VISTORIA DE HIDRANTES",""
"PORTO ALEGRE","920189","13/07/2026 - 09:05","FLORESTA","QUINTINO BOCAIÚVA","INCÊNDIO","ABT-0597","1º BBM / 2ª CIA / 1º PEL / FLORESTA","-30.01803204420642","-51.19779312847542","MEIO DE TRANSPORTE",""
"PORTO ALEGRE","920204","13/07/2026 - 10:03","BELÉM NOVO","AV. DO LAMI","AÇÕES PREVENTIVAS","ABT-0599","1º BBM / 1ª CIA / 5º PEL / BELÉM NOVO","-30.208604189586342","-51.165969371795654","PROGRAMA BOMBEIRO NA ESCOLA",""
"PORTO ALEGRE","920245","13/07/2026 - 13:04","CENTRO","GENERAL CÂMARA","SALVAMENTO/BUSCA/RESGATE","ABTS-866","BBS / 1ª CIA / 1º PEL / TERRESTRE","-30.028417447326888","-51.230041980743415","SUICÍDIO/TENTATIVA",""
"PORTO ALEGRE","920245","13/07/2026 - 13:04","CENTRO","GENERAL CÂMARA","OCORRÊNCIA NÃO ATENDIDA","ABT-327","1º BBM / 1ª CIA / 1º PEL / AÇORIANOS","-30.028714687930968","-51.23012781143189","",""
"PORTO ALEGRE","920265","13/07/2026 - 14:02","JARDIM ITU SABARÁ","FERNANDO STREHLAU","SALVAMENTO/BUSCA/RESGATE","ABT-0600","1º BBM / 2ª CIA / 2º PEL / PASSO D`AREIA","-30.020400895301353","-51.138353053652445","DE ANIMAL",""
"PORTO ALEGRE","920277","13/07/2026 - 14:38","FLORESTA","AV CRISTOVÃO COLOMBO","OCORRÊNCIA NÃO ATENDIDA","AR-0455","1º BBM / 1ª CIA / 2º PEL / TERESÓPOLIS","-30.0213530036836","-51.20771810364686","",""
"PORTO ALEGRE","920291","13/07/2026 - 15:24","JARDIM CARVALHO","ANTONIO DE CARVALHO","ATENDIMENTO PRÉ-HOSPITALAR","AR-0455","1º BBM / 1ª CIA / 2º PEL / TERESÓPOLIS","-30.059478051395903","-51.148615882770876","",""
"PORTO ALEGRE","920329","13/07/2026 - 17:17","BOM JESUS","SÃO SIMÃO","ATENDIMENTO PRÉ-HOSPITALAR","AR-0455","1º BBM / 1ª CIA / 2º PEL / TERESÓPOLIS","-30.043979463071544","-51.16961060981312","",""
"PORTO ALEGRE","920329","13/07/2026 - 17:17","BOM JESUS","SÃO SIMÃO","ATENDIMENTO PRÉ-HOSPITALAR","ABT-1365","1º BBM / 2ª CIA / 3º PEL / PARTENON","-30.044132821745784","-51.169595718383796","",""
"PORTO ALEGRE","920336","13/07/2026 - 17:36","SÃO GERALDO","CONSELHEIRO CAMARGO","PRODUTOS PERIGOSOS","ABT-0597","1º BBM / 2ª CIA / 1º PEL / FLORESTA","-30.008760434523232","-51.20826249123878","CORROSIVO",""
"PORTO ALEGRE","920344","13/07/2026 - 18:12","PARTENON","PROFESSOR LEALCINO SANTOS","SALVAMENTO/BUSCA/RESGATE","ABT-1365","1º BBM / 2ª CIA / 3º PEL / PARTENON","-30.06147999717606","-51.16118431091309","DE ANIMAL",""
"PORTO ALEGRE","920345","13/07/2026 - 18:15","VILA NOVA","PEDRO RODRIGUES BITTENCOURT","AVERIGUAÇÃO/CORTE DE ÁRVORE","ABT-0599","1º BBM / 1ª CIA / 5º PEL / BELÉM NOVO","-30.12857415178642","-51.21319770812989","VISTORIA",""
"PORTO ALEGRE","920359","13/07/2026 - 19:01","VILA JARDIM","SATURNINO DE BRITO","ATENDIMENTO PRÉ-HOSPITALAR","AR-0455","1º BBM / 1ª CIA / 2º PEL / TERESÓPOLIS","-30.033966768242397","-51.15104263542738","",""
"PORTO ALEGRE","920372","13/07/2026 - 19:55","PARTENON","CORONEL APARICIO BORGES","ATENDIMENTO PRÉ-HOSPITALAR","AR-0455","1º BBM / 1ª CIA / 2º PEL / TERESÓPOLIS","-30.074505180626538","-51.203360322834186","",""
"PORTO ALEGRE","920372","13/07/2026 - 19:55","PARTENON","CORONEL APARICIO BORGES","AÇÕES PREVENTIVAS","ABT-0594","1º BBM / 1ª CIA / 2º PEL / TERESÓPOLIS","-30.071192345136282","-51.189851760864265","ACIDENTES DE TRÁFEGO/LAVAGEM DE PISTA",""
"PORTO ALEGRE","920382","13/07/2026 - 20:32","TERESÓPOLIS","MARECHAL MESQUITA","ATENDIMENTO PRÉ-HOSPITALAR","AR-0455","1º BBM / 1ª CIA / 2º PEL / TERESÓPOLIS","-30.08302691986129","-51.207299704133995","",""
"PORTO ALEGRE","920390","13/07/2026 - 21:37","AUXILIADORA","CARLOS GOMES","INCÊNDIO","ABT-0597","1º BBM / 2ª CIA / 1º PEL / FLORESTA","-30.025705085640674","-51.182985511247104","CONTAINER",""
"PORTO ALEGRE","920397","13/07/2026 - 22:47","RUBEM BERTA","WOLFRAM METZLER","OCORRÊNCIA NÃO ATENDIDA","ABT-0600","1º BBM / 2ª CIA / 2º PEL / PASSO D`AREIA","-30.023995895859102","-51.1061453323557","",""
"PORTO ALEGRE","920404","14/07/2026 - 00:38","CASCATA","DO HERVAL","ATENDIMENTO PRÉ-HOSPITALAR","ABT-1365","1º BBM / 2ª CIA / 3º PEL / PARTENON","-30.087829257444454","-51.169595718383796","",""
"PORTO ALEGRE","920408","14/07/2026 - 01:41","RESTINGA","ESTRADA JOAO ANTONIO DA SILVEIRA","INCÊNDIO","ABT-0598","1º BBM / 1ª CIA / 4º PEL / RESTINGA","-30.146815733440523","-51.13062858581544","LIXO",""
"PORTO ALEGRE","920447","14/07/2026 - 10:01","CENTRO HISTÓRICO","RUA DUQUE DE CAXIAS","AÇÕES PREVENTIVAS","ABT-327","1º BBM / 1ª CIA / 1º PEL / AÇORIANOS","-30.03349828129691","-51.22646927833558","APOIO À PESSOA OU INSTITUIÇÃO",""
"PORTO ALEGRE","920462","14/07/2026 - 10:47","SANTA MARIA GORETTI","MORRETES","AVERIGUAÇÃO/CORTE DE ÁRVORE","ABT-0597","1º BBM / 2ª CIA / 1º PEL / FLORESTA","-30.00628135530855","-51.177674553998","VISTORIA",""
"PORTO ALEGRE","920474","14/07/2026 - 11:12","CENTRO","PROFESSOR ANNES DIAS","AÇÕES PREVENTIVAS","ABT-327","1º BBM / 1ª CIA / 1º PEL / AÇORIANOS","-30.031296928171514","-51.22287511825562","APOIO À PESSOA OU INSTITUIÇÃO",""
"PORTO ALEGRE","920478","14/07/2026 - 11:22","AZENHA","AVENIDA AZENHA","ATENDIMENTO PRÉ-HOSPITALAR","AR-0455","1º BBM / 1ª CIA / 2º PEL / TERESÓPOLIS","-30.052491047922885","-51.21362686157227","",""
"PORTO ALEGRE","920514","14/07/2026 - 13:45","CAVALHADA","AVENIDA CAVALHADA","INCÊNDIO","ABT-0596","1º BBM / 1ª CIA / 3º PEL / ASSUNÇÃO","-30.10082489803437","-51.23150110244752","EDIFICAÇÃO COMERCIAL",""
"PORTO ALEGRE","920523","14/07/2026 - 14:00","SARANDI","ASSIS BRASIL","INCÊNDIO","ABT-0600","1º BBM / 2ª CIA / 2º PEL / PASSO D`AREIA","-29.97318955147002","-51.11534469239501","EDIFICAÇÃO INDUSTRIAL",""
"PORTO ALEGRE","920532","14/07/2026 - 14:13","TERESÓPOLIS","DOUTOR RAUL FRANCO DI PRIMIO","AVERIGUAÇÃO/CORTE DE ÁRVORE","ABT-0594","1º BBM / 1ª CIA / 2º PEL / TERESÓPOLIS","-30.089110332195123","-51.204099655151374","CORTE TOTAL",""
"PORTO ALEGRE","920539","14/07/2026 - 14:21","ESPÍRITO SANTO","AVENIDA DA SERRARIA","ATENDIMENTO PRÉ-HOSPITALAR","AR-0455","1º BBM / 1ª CIA / 2º PEL / TERESÓPOLIS","-30.160805464961047","-51.2204933166504","",""
"PORTO ALEGRE","920547","14/07/2026 - 14:37","PONTA GROSSA","RUA EMILIO DIMARI","INCÊNDIO","ABT-0599","1º BBM / 1ª CIA / 5º PEL / BELÉM NOVO","-30.183158939196716","-51.18493795394898","EDIFICAÇÃO RESIDENCIAL UNIFAMILIAR",""
"PORTO ALEGRE","920610","14/07/2026 - 17:55","ESPÍRITO SANTO","JUCA BATISTA","ATENDIMENTO PRÉ-HOSPITALAR","AR-0455","1º BBM / 1ª CIA / 2º PEL / TERESÓPOLIS","-30.14549829575821","-51.21439933776856","",""
"PORTO ALEGRE","920620","14/07/2026 - 18:22","VILA NOVA","PEDRO RODRIGUES BITTENCOURT","AVERIGUAÇÃO/CORTE DE ÁRVORE","ABT-0599","1º BBM / 1ª CIA / 5º PEL / BELÉM NOVO","-30.12848135791065","-51.21313333511353","VISTORIA",""
"PORTO ALEGRE","920634","14/07/2026 - 19:04","PASSO DAS PEDRAS","SOTERO DOS REIS","INCÊNDIO","ABT-0600","1º BBM / 2ª CIA / 2º PEL / PASSO D`AREIA","-30.015728157997113","-51.12532851648399","LIXO",""
"PORTO ALEGRE","920635","14/07/2026 - 19:07","LOMBA DO PINHEIRO","BECO DOS MENDONÇAS","AVERIGUAÇÃO/MANEJO DE INSETOS","ABT-0598","1º BBM / 1ª CIA / 4º PEL / RESTINGA","-30.118589030589675","-51.104171276092536","VISTORIA",""
"PORTO ALEGRE","920637","14/07/2026 - 19:08","CENTRO","DOS ANDRADAS","ATENDIMENTO PRÉ-HOSPITALAR","AR-0455","1º BBM / 1ª CIA / 2º PEL / TERESÓPOLIS","-30.029717868389266","-51.225063800811775","",""
"PORTO ALEGRE","920648","14/07/2026 - 20:09","PARTENON","HUMBERTO DE CAMPOS","INCÊNDIO","ABT-327","1º BBM / 1ª CIA / 1º PEL / AÇORIANOS","-30.065667751652096","-51.19940042495728","TRANSFORMADOR/REDE ELÉTRICA",""
"PORTO ALEGRE","920651","14/07/2026 - 20:13","VILA NOVA","ROMEU SAMARANI FERREIRA","ATENDIMENTO PRÉ-HOSPITALAR","AR-0455","1º BBM / 1ª CIA / 2º PEL / TERESÓPOLIS","-30.126876010054072","-51.205086708068855","",""
"PORTO ALEGRE","920657","14/07/2026 - 20:57","AGRONOMIA","TOCANTINS","SALVAMENTO/BUSCA/RESGATE","ABT-1364","1º BBM / 2ª CIA / 3º PEL / PARTENON","-30.069911038318654","-51.14582061767579","DE ANIMAL",""
"PORTO ALEGRE","920684","15/07/2026 - 01:28","PASSO DAS PEDRAS","MANOEL ELIAS","SALVAMENTO/BUSCA/RESGATE","ABT-0600","1º BBM / 2ª CIA / 2º PEL / PASSO D`AREIA","-30.019982873743427","-51.11953447486321","CAPOTAMENTO | COLISÃO/CHOQUE",""
"PORTO ALEGRE","920687","15/07/2026 - 03:37","JARDIM ITU SABARÁ","GOMES DE FREITAS","INCÊNDIO","ABT-0600","1º BBM / 2ª CIA / 2º PEL / PASSO D`AREIA","-30.01337177496328","-51.143226754920384","TRANSFORMADOR/REDE ELÉTRICA",""
"PORTO ALEGRE","920711","15/07/2026 - 08:50","RUBEM BERTA","BERNARDINO SILVEIRA AMORIM","SALVAMENTO/BUSCA/RESGATE","ABT-0600","1º BBM / 2ª CIA / 2º PEL / PASSO D`AREIA","-30.00580597261256","-51.08936518159487","DE ANIMAL",""
"PORTO ALEGRE","920723","15/07/2026 - 09:31","PONTA GROSSA","RUA REINALDO MULLER","SALVAMENTO/BUSCA/RESGATE","ABT-0599","1º BBM / 1ª CIA / 5º PEL / BELÉM NOVO","-30.174978712376486","-51.18328602676156","DE ANIMAL",""
"PORTO ALEGRE","920738","15/07/2026 - 09:59","GLÓRIA","AV. APARÍCIO BORGES","AVERIGUAÇÃO/CORTE DE ÁRVORE","ABT-0594","1º BBM / 1ª CIA / 2º PEL / TERESÓPOLIS","-30.072232234125206","-51.18665456771851","VISTORIA",""
"PORTO ALEGRE","920780","15/07/2026 - 11:47","NONOAI","ERECHIM","AVERIGUAÇÃO/MANEJO DE INSETOS","ABT-0594","1º BBM / 1ª CIA / 2º PEL / TERESÓPOLIS","-30.09256358146139","-51.21336936950684","VISTORIA",""
"PORTO ALEGRE","920793","15/07/2026 - 12:38","SÃO JOÃO","HONÓRIO SILVEIRA DIAS","INCÊNDIO","ABT-0597","1º BBM / 2ª CIA / 1º PEL / FLORESTA","-30.008509587351035","-51.18592500686646","TRANSFORMADOR/REDE ELÉTRICA",""
"PORTO ALEGRE","920799","15/07/2026 - 13:03","CASCATA","ESTRADA DOS ALPES","INCÊNDIO","ABT-0594","1º BBM / 1ª CIA / 2º PEL / TERESÓPOLIS","-30.08651103276762","-51.19693279266358","EDIFICAÇÃO RESIDENCIAL UNIFAMILIAR",""
"PORTO ALEGRE","920830","15/07/2026 - 14:09","CENTRO","CORONEL FERNANDO MACHADO","AVERIGUAÇÃO/MANEJO DE INSETOS","ABT-327","1º BBM / 1ª CIA / 1º PEL / AÇORIANOS","-30.034826500248265","-51.234762668609626","EXTERMÍNIO",""
"PORTO ALEGRE","920873","15/07/2026 - 16:28","CAVALHADA","AUGUSTO CONTE","SALVAMENTO/BUSCA/RESGATE","ABT-1363","1º BBM / 1ª CIA / 3º PEL / ASSUNÇÃO","-30.09867604401481","-51.2331481299766","DE ANIMAL",""
"PORTO ALEGRE","920883","15/07/2026 - 17:16","PARTENON","PEDRO VELHO","ATENDIMENTO PRÉ-HOSPITALAR","AR-0455","1º BBM / 1ª CIA / 2º PEL / TERESÓPOLIS","-30.062464274687077","-51.190130710601814","",""
"PORTO ALEGRE","920884","15/07/2026 - 17:17","RIO BRANCO","MIGUEL TOSTES","INCÊNDIO","ABT-0597","1º BBM / 2ª CIA / 1º PEL / FLORESTA","-30.03506799269049","-51.20565533638001","CONTAINER",""
"PORTO ALEGRE","920889","15/07/2026 - 18:03","VILA NOVA","BECO DO IMPERIO","INCÊNDIO","ABT-0594","1º BBM / 1ª CIA / 2º PEL / TERESÓPOLIS","-30.122134049808988","-51.19919657707215","EDIFICAÇÃO MULTIFAMILIAR",""
"PORTO ALEGRE","920894","15/07/2026 - 18:10","MENINO DEUS","ERICO VERISSIMO","INCÊNDIO","ABT-327","1º BBM / 1ª CIA / 1º PEL / AÇORIANOS","-30.049630756574114","-51.21821880340577","CONTAINER",""
"PORTO ALEGRE","920901","15/07/2026 - 18:33","JARDIM ITU SABARÁ","GOMES DE FREITAS","INCÊNDIO","ABT-0600","1º BBM / 2ª CIA / 2º PEL / PASSO D`AREIA","-30.010414105035057","-51.14327790996796","EDIFICAÇÃO COMERCIAL",""
"PORTO ALEGRE","920903","15/07/2026 - 18:35","TRISTEZA","DOUTOR BARCELOS","ATENDIMENTO PRÉ-HOSPITALAR","AR-0455","1º BBM / 1ª CIA / 2º PEL / TERESÓPOLIS","-30.101567454468235","-51.23759508132935","",""
"PORTO ALEGRE","920908","15/07/2026 - 18:56","TRISTEZA","DOUTOR PEREIRA NETO","AÇÕES PREVENTIVAS","ABT-1363","1º BBM / 1ª CIA / 3º PEL / ASSUNÇÃO","-30.110793220362382","-51.24772272582405","APOIO À PESSOA OU INSTITUIÇÃO",""
"PORTO ALEGRE","920919","15/07/2026 - 19:23","JARDIM CARVALHO","MARIA QUITÉRIA DE JESUS","INCÊNDIO","ABT-1364","1º BBM / 2ª CIA / 3º PEL / PARTENON","-30.054032600153725","-51.14520828087193","MEIO DE TRANSPORTE",""
"PORTO ALEGRE","920924","15/07/2026 - 19:31","NONOAI","ERECHIM","AVERIGUAÇÃO/MANEJO DE INSETOS","ABT-0594","1º BBM / 1ª CIA / 2º PEL / TERESÓPOLIS","-30.09273067110876","-51.21390581130982","EXTERMÍNIO",""
"PORTO ALEGRE","920939","15/07/2026 - 20:25","CENTRO","RUA DEMÉTRIO RIBEIRO","SALVAMENTO/BUSCA/RESGATE","ABT-327","1º BBM / 1ª CIA / 1º PEL / AÇORIANOS","-30.035903923523207","-51.229580640792854","SUICÍDIO/TENTATIVA",""
"PORTO ALEGRE","920944","15/07/2026 - 20:44","CIDADE BAIXA","RUA DA REPÚBLICA","ATENDIMENTO PRÉ-HOSPITALAR","AR-0455","1º BBM / 1ª CIA / 2º PEL / TERESÓPOLIS","-30.038764611236275","-51.223883628845215","",""
"PORTO ALEGRE","920948","15/07/2026 - 21:25","CIDADE BAIXA","OTÁVIO CORRÊA","INCÊNDIO","ABT-0597","1º BBM / 2ª CIA / 1º PEL / FLORESTA","-30.03950763349428","-51.21823489665986","EDIFICAÇÃO MULTIFAMILIAR",""
"PORTO ALEGRE","920950","15/07/2026 - 21:35","CENTRO","RUA DEMÉTRIO RIBEIRO","PRODUTOS PERIGOSOS","ABT-327","1º BBM / 1ª CIA / 1º PEL / AÇORIANOS","-30.035420942124414","-51.23571753501893","EXPLOSIVO",""
"PORTO ALEGRE","920959","15/07/2026 - 22:26","RIO BRANCO","VICENTE DA FONTOURA","ATENDIMENTO PRÉ-HOSPITALAR","AR-0455","1º BBM / 1ª CIA / 2º PEL / TERESÓPOLIS","-30.043148362014175","-51.196610927581794","",""
"PORTO ALEGRE","920961","15/07/2026 - 22:37","SANTA TEREZA","RUA FLÓRIDA","INCÊNDIO","ABT-327","1º BBM / 1ª CIA / 1º PEL / AÇORIANOS","-30.06936322816724","-51.228539943695075","LIXO",""
"PORTO ALEGRE","920962","15/07/2026 - 22:40","BOA VISTA","FREI HENRIQUE GOLLAND TRINDADE","PRODUTOS PERIGOSOS","ABT-0600","1º BBM / 2ª CIA / 2º PEL / PASSO D`AREIA","-30.022964800502518","-51.179573759818396","OCORRÊNCIA DE VULTO | QUÍMICO",""
"PORTO ALEGRE","920979","16/07/2026 - 07:27","CENTRO","DEMÉTRIO RIBEIRO","SALVAMENTO/BUSCA/RESGATE","ABTS-866","BBS / 1ª CIA / 1º PEL / TERRESTRE","-30.035903923523207","-51.23124361038208","SUICÍDIO/TENTATIVA",""
"PORTO ALEGRE","920985","16/07/2026 - 07:51","PARTENON","PITORESCA","AÇÕES PREVENTIVAS","ABT-1364","1º BBM / 2ª CIA / 3º PEL / PARTENON","-30.070927732359916","-51.15348100910092","TERRESTRE",""
"PORTO ALEGRE","920995","16/07/2026 - 08:45","RESTINGA","ACESSO B","SALVAMENTO/BUSCA/RESGATE","ABT-0598","1º BBM / 1ª CIA / 4º PEL / RESTINGA","-30.150972041240454","-51.147172451019294","DE ANIMAL",""
"PORTO ALEGRE","921000","16/07/2026 - 08:53","VILA ASSUNÇÃO","RUA DOUTOR CASTRO DE MENEZES","ATENDIMENTO PRÉ-HOSPITALAR","AR-0455","1º BBM / 1ª CIA / 2º PEL / TERESÓPOLIS","-30.098987046870064","-51.24995470046998","",""
"PORTO ALEGRE","921001","16/07/2026 - 09:01","TERESÓPOLIS","DARIO TOTTA","SALVAMENTO/BUSCA/RESGATE","ABT-0594","1º BBM / 1ª CIA / 2º PEL / TERESÓPOLIS","-30.0808294690195","-51.213047504425056","DE ANIMAL",""
"PORTO ALEGRE","921010","16/07/2026 - 09:21","APARÍCIO BORGES","CORONEL APARICIO BORGES","AVERIGUAÇÃO/CORTE DE ÁRVORE","ABT-0594","1º BBM / 1ª CIA / 2º PEL / TERESÓPOLIS","-30.0703752818358","-51.18901491165161","CORTE TOTAL",""
"PORTO ALEGRE","921059","16/07/2026 - 11:43","PARTENON","AV. IPIRANGA","SALVAMENTO/BUSCA/RESGATE","ABT-1364","1º BBM / 2ª CIA / 3º PEL / PARTENON","-30.064228521204175","-51.150670051574714","DE ANIMAL",""
"PORTO ALEGRE","921070","16/07/2026 - 12:25","JARDIM ITU SABARÁ","GUADALAJARA","AVERIGUAÇÃO/MANEJO DE INSETOS","ABT-0600","1º BBM / 2ª CIA / 2º PEL / PASSO D`AREIA","-30.026746173484117","-51.14354161159841","VISTORIA",""
"PORTO ALEGRE","921074","16/07/2026 - 12:33","PRAIA DE BELAS","AURELIANO DE FIGUEIREDO PINTO","ATENDIMENTO PRÉ-HOSPITALAR","ABT-327","1º BBM / 1ª CIA / 1º PEL / AÇORIANOS","-30.04312049980395","-51.22590065002442","",""
"PORTO ALEGRE","921074","16/07/2026 - 12:33","PRAIA DE BELAS","AURELIANO DE FIGUEIREDO PINTO","ATENDIMENTO PRÉ-HOSPITALAR","AR-0455","1º BBM / 1ª CIA / 2º PEL / TERESÓPOLIS","-30.043241235991694","-51.224334239959724","",""
"PORTO ALEGRE","921076","16/07/2026 - 12:41","VILA ASSUNÇÃO","PARECI","AVERIGUAÇÃO/CORTE DE ÁRVORE","ABT-1363","1º BBM / 1ª CIA / 3º PEL / ASSUNÇÃO","-30.10286698273699","-51.254160291842624","VISTORIA",""
"PORTO ALEGRE","921126","16/07/2026 - 14:18","SANTO ANTÔNIO","MOYSES ANTUNES DA CUNHA","AVERIGUAÇÃO/MANEJO DE INSETOS","ABT-327","1º BBM / 1ª CIA / 1º PEL / AÇORIANOS","-30.05798851877746","-51.20727539062501","VISTORIA",""
"PORTO ALEGRE","921143","16/07/2026 - 14:56","BOM JESUS","JOAQUIM PORTO VILA NOVA","AÇÕES PREVENTIVAS","ABTS-866","BBS / 1ª CIA / 1º PEL / TERRESTRE","-30.05408831753305","-51.15929603576661","APOIO À PESSOA OU INSTITUIÇÃO",""
"PORTO ALEGRE","921144","16/07/2026 - 14:59","APARÍCIO BORGES","CORONEL APARICIO BORGES","AVERIGUAÇÃO/CORTE DE ÁRVORE","ABT-0594","1º BBM / 1ª CIA / 2º PEL / TERESÓPOLIS","-30.07061668760401","-51.18950843811035","CORTE PARCIAL",""
"PORTO ALEGRE","921165","16/07/2026 - 15:29","NAVEGANTES","PERNAMBUCO","INCÊNDIO","ABT-0597","1º BBM / 2ª CIA / 1º PEL / FLORESTA","-30.000863089601193","-51.19770526885986","MEIO DE TRANSPORTE",""
"PORTO ALEGRE","921170","16/07/2026 - 15:36","MENINO DEUS","GETÚLIO VARGAS","ATENDIMENTO PRÉ-HOSPITALAR","AR-0455","1º BBM / 1ª CIA / 2º PEL / TERESÓPOLIS","-30.055035523388135","-51.222081184387214","",""
"PORTO ALEGRE","921171","16/07/2026 - 15:39","MENINO DEUS","GETÚLIO VARGAS","SALVAMENTO/BUSCA/RESGATE","ABT-327","1º BBM / 1ª CIA / 1º PEL / AÇORIANOS","-30.044782931299377","-51.22093319892883","DESENCARCERAMENTO",""
"PORTO ALEGRE","921180","16/07/2026 - 15:53","AUXILIADORA","AUGUSTO MEYER","AVERIGUAÇÃO/CORTE DE ÁRVORE","ABT-0597","1º BBM / 2ª CIA / 1º PEL / FLORESTA","-30.021069747837583","-51.185388565063484","VISTORIA",""
"PORTO ALEGRE","921184","16/07/2026 - 15:57","NONOAI","CORONEL RUY DA CUNHA PAIM","SALVAMENTO/BUSCA/RESGATE","ABT-0594","1º BBM / 1ª CIA / 2º PEL / TERESÓPOLIS","-30.089945806786762","-51.21199607849122","DE ANIMAL",""
"PORTO ALEGRE","921185","16/07/2026 - 16:00","PARTENON","AVENIDA BENTO GONÇALVES 3850","SALVAMENTO/BUSCA/RESGATE","ABT-1364","1º BBM / 2ª CIA / 3º PEL / PARTENON","-30.062575701713165","-51.17807149887086","DE ANIMAL",""
"PORTO ALEGRE","921197","16/07/2026 - 16:30","PROTÁSIO ALVES","ISMÊNIA ACHUTTI","AVERIGUAÇÃO/MANEJO DE INSETOS","ABT-0600","1º BBM / 2ª CIA / 2º PEL / PASSO D`AREIA","-29.990555904993425","-51.1207288535052","VISTORIA",""
"PORTO ALEGRE","921200","16/07/2026 - 16:36","CENTRO","BORGES DE MEDEIROS","ATENDIMENTO PRÉ-HOSPITALAR","AR-0455","1º BBM / 1ª CIA / 2º PEL / TERESÓPOLIS","-30.031222620039948","-51.22763872146607","",""
"PORTO ALEGRE","921207","16/07/2026 - 16:58","SERRARIA","JOSE ESPINDOLA DA ROCHA","AVERIGUAÇÃO/CORTE DE ÁRVORE","ABT-1363","1º BBM / 1ª CIA / 3º PEL / ASSUNÇÃO","-30.160063327182925","-51.22454888938619","VISTORIA",""
"PORTO ALEGRE","921208","16/07/2026 - 16:58","NONOAI","FREDERICO ETZBERGER","INCÊNDIO","ABT-0594","1º BBM / 1ª CIA / 2º PEL / TERESÓPOLIS","-30.090001504841876","-51.217296123504646","TERRENO BALDIO",""
"PORTO ALEGRE","921216","16/07/2026 - 17:12","PROTÁSIO ALVES","PAULO TEIXEIRA DE ALENCASTRO","OCORRÊNCIA NÃO ATENDIDA","ABT-1364","1º BBM / 2ª CIA / 3º PEL / PARTENON","-30.038634581768267","-51.17375850677491","",""
"PORTO ALEGRE","921240","16/07/2026 - 17:54","CAMPO NOVO","ESTRADA CRISTIANO KRAEMER","PRODUTOS PERIGOSOS","ABT-0599","1º BBM / 1ª CIA / 5º PEL / BELÉM NOVO","-30.145257072868638","-51.203112602233894","EXPLOSIVO",""
"PORTO ALEGRE","921243","16/07/2026 - 18:01","CASCATA","ESTRELA","ATENDIMENTO PRÉ-HOSPITALAR","AR-0455","1º BBM / 1ª CIA / 2º PEL / TERESÓPOLIS","-30.09758543033754","-51.171838045120246","",""
"PORTO ALEGRE","921243","16/07/2026 - 18:01","CASCATA","ESTRELA","ATENDIMENTO PRÉ-HOSPITALAR","ABT-0594","1º BBM / 1ª CIA / 2º PEL / TERESÓPOLIS","-30.096870691077005","-51.17204189300538","",""
"PORTO ALEGRE","921276","16/07/2026 - 19:51","AZENHA","AVENIDA BENTO GONÇALVES","INCÊNDIO","ABT-327","1º BBM / 1ª CIA / 1º PEL / AÇORIANOS","-30.056855619009355","-51.19678258895875","TRANSFORMADOR/REDE ELÉTRICA",""
"PORTO ALEGRE","921298","16/07/2026 - 21:02","PRAIA DE BELAS","PADRE CACIQUE","SALVAMENTO/BUSCA/RESGATE","ABT-327","1º BBM / 1ª CIA / 1º PEL / AÇORIANOS","-30.077617198696327","-51.24544858932496","OBJETO EM LOCAL DE RISCO",""
"PORTO ALEGRE","921304","16/07/2026 - 22:00","SÃO JOÃO","HONÓRIO SILVEIRA DIAS","PRODUTOS PERIGOSOS","ABT-0597","1º BBM / 2ª CIA / 1º PEL / FLORESTA","-30.009782397927893","-51.18573188781739","EXPLOSIVO",""
"PORTO ALEGRE","921307","16/07/2026 - 22:07","VILA NOVA","AVENIDA ROMEU SAMARANI FERREIRA","ATENDIMENTO PRÉ-HOSPITALAR","AR-0455","1º BBM / 1ª CIA / 2º PEL / TERESÓPOLIS","-30.127404942578025","-51.209421157836914","",""
"PORTO ALEGRE","921308","16/07/2026 - 22:09","RUBEM BERTA","ACESSO H 2","SALVAMENTO/BUSCA/RESGATE","ABT-0600","1º BBM / 2ª CIA / 2º PEL / PASSO D`AREIA","-30.01320054132833","-51.09652559684704","DE ANIMAL",""
"PORTO ALEGRE","921309","16/07/2026 - 22:17","LOMBA DO PINHEIRO","ESTRADA JOÃO DE OLIVEIRA REMIÃO","INCÊNDIO","ABT-0598","1º BBM / 1ª CIA / 4º PEL / RESTINGA","-30.134791142773288","-51.095201969146736","EDIFICAÇÃO COMERCIAL",""
"PORTO ALEGRE","921313","16/07/2026 - 22:49","TRISTEZA","DOUTOR MARIO TOTTA","INCÊNDIO","ABT-1363","1º BBM / 1ª CIA / 3º PEL / ASSUNÇÃO","-30.115266622564896","-51.25626331555914","EDIFICAÇÃO MULTIFAMILIAR | LIXO | TERRENO BALDIO",""
"PORTO ALEGRE","921318","16/07/2026 - 23:02","PASSO DAS PEDRAS","CASCAIS","PRODUTOS PERIGOSOS","ABT-0600","1º BBM / 2ª CIA / 2º PEL / PASSO D`AREIA","-30.01923434360891","-51.122748916122504","EXPLOSIVO",""
"PORTO ALEGRE","921321","16/07/2026 - 23:17","CRISTO REDENTOR","FERNANDO ABBOTT","INCÊNDIO","ABT-0600","1º BBM / 2ª CIA / 2º PEL / PASSO D`AREIA","-30.0067182680599","-51.15760335352327","VEGETAÇÃO",""
"PORTO ALEGRE","921323","16/07/2026 - 23:36","CENTRO","GENERAL VITORINO","INCÊNDIO","ABT-327","1º BBM / 1ª CIA / 1º PEL / AÇORIANOS","-30.03034949532093","-51.22399091720582","CONTAINER",""
"PORTO ALEGRE","921328","17/07/2026 - 00:51","SÃO SEBASTIÃO","ASSIS BRASIL","INCÊNDIO","ABT-0600","1º BBM / 2ª CIA / 2º PEL / PASSO D`AREIA","-30.007199583759398","-51.141762252847144","EDIFICAÇÃO COMERCIAL",""
"PORTO ALEGRE","921329","17/07/2026 - 02:17","LOMBA DO PINHEIRO","ESTR. JOÃO DE OLIVEIRA REMIÃO","AÇÕES PREVENTIVAS","ABT-0598","1º BBM / 1ª CIA / 4º PEL / RESTINGA","-30.094587203746237","-51.128568649292","INSPEÇÃO/REMOÇÃO DE FONTE DE PERIGO",""
"PORTO ALEGRE","921335","17/07/2026 - 03:22","BOM JESUS","GILDA CORREA VIEIRA","AÇÕES PREVENTIVAS","ABT-1364","1º BBM / 2ª CIA / 3º PEL / PARTENON","-30.049612182983715","-51.15918874740601","APOIO À PESSOA OU INSTITUIÇÃO",""
"PORTO ALEGRE","921361","17/07/2026 - 08:37","SÃO GERALDO","AV MARANHAO","AÇÕES PREVENTIVAS","ABT-1315","8º BBM / 2ª CIA / 4º PEL / VIAMÃO","-30.007496901577294","-51.20004415512086","INSPEÇÃO/REMOÇÃO DE FONTE DE PERIGO",""
"PORTO ALEGRE","921379","17/07/2026 - 09:23","PRAIA DE BELAS","PADRE CACIQUE","SALVAMENTO/BUSCA/RESGATE","EAL-716","BBS / 2ª CIA / 1º PEL / AQUÁTICA","-30.08090373993191","-51.24821662902833","AFOGAMENTO",""
"PORTO ALEGRE","921384","17/07/2026 - 09:28","SERRARIA","JOSÉ DA ROCHA ESPÍNDOLA","AVERIGUAÇÃO/CORTE DE ÁRVORE","ABT-1363","1º BBM / 1ª CIA / 3º PEL / ASSUNÇÃO","-30.160935333807878","-51.22392654418946","CORTE PARCIAL | VISTORIA",""
"PORTO ALEGRE","921384","17/07/2026 - 09:28","SERRARIA","JOSÉ DA ROCHA ESPÍNDOLA","AVERIGUAÇÃO/CORTE DE ÁRVORE","ABTS-866","BBS / 1ª CIA / 1º PEL / TERRESTRE","-30.160898228440523","-51.22426989668643","CORTE PARCIAL",""
"PORTO ALEGRE","921393","17/07/2026 - 09:47","PETRÓPOLIS","FERREIRA VIANA","PRODUTOS PERIGOSOS","ABT-0597","1º BBM / 2ª CIA / 1º PEL / FLORESTA","-30.04652891869808","-51.18701963432232","EXPLOSIVO",""
"PORTO ALEGRE","921397","17/07/2026 - 09:52","BELÉM NOVO","AV. BEIRA RIO","AÇÕES PREVENTIVAS","ABT-0599","1º BBM / 1ª CIA / 5º PEL / BELÉM NOVO","-30.210532715927677","-51.18847846984863","APOIO À PESSOA OU INSTITUIÇÃO",""
"PORTO ALEGRE","921412","17/07/2026 - 10:31","ABERTA DOS MORROS","PEDRO DA SILVA NAVA","AVERIGUAÇÃO/CORTE DE ÁRVORE","ABT-0599","1º BBM / 1ª CIA / 5º PEL / BELÉM NOVO","-30.165350772819245","-51.19972229003907","VISTORIA",""
"PORTO ALEGRE","921423","17/07/2026 - 11:03","SÃO JOSÉ","NOVE DE JUNHO","AÇÕES PREVENTIVAS","ABT-1364","1º BBM / 2ª CIA / 3º PEL / PARTENON","-30.07399630652251","-51.16049766540528","APOIO À PESSOA OU INSTITUIÇÃO | RESGATE",""
"PORTO ALEGRE","921448","17/07/2026 - 11:40","CRISTAL","ICARAI","ATENDIMENTO PRÉ-HOSPITALAR","AR-0455","1º BBM / 1ª CIA / 2º PEL / TERESÓPOLIS","-30.088107753367257","-51.241285800933845","",""
"PORTO ALEGRE","921450","17/07/2026 - 11:45","BELA VISTA","DOUTOR NILO PEÇANHA","INCÊNDIO","ABT-0597","1º BBM / 2ª CIA / 1º PEL / FLORESTA","-30.036888455238387","-51.18719041515226","MEIO DE TRANSPORTE",""
"PORTO ALEGRE","921470","17/07/2026 - 12:44","PETRÓPOLIS","PROTASIO ALVES","INCÊNDIO","ABT-0600","1º BBM / 2ª CIA / 2º PEL / PASSO D`AREIA","-30.04350144246527","-51.143906271376885","LIXO",""
"PORTO ALEGRE","921518","17/07/2026 - 14:06","CAMPO NOVO","ERNANI BEHS","OCORRÊNCIA NÃO ATENDIDA","ABT-0598","1º BBM / 1ª CIA / 4º PEL / RESTINGA","-30.161735414894807","-51.17684572935105","",""
"PORTO ALEGRE","921534","17/07/2026 - 14:25","CORONEL APARÍCIO BORGES","SÃO JORGE","AVERIGUAÇÃO/CORTE DE ÁRVORE","ABT-1364","1º BBM / 2ª CIA / 3º PEL / PARTENON","-30.072362219480436","-51.18122577667237","VISTORIA",""
"PORTO ALEGRE","921555","17/07/2026 - 15:05","ESPÍRITO SANTO","AV SERRARIA","SALVAMENTO/BUSCA/RESGATE","ABT-0599","1º BBM / 1ª CIA / 5º PEL / BELÉM NOVO","-30.145869406744353","-51.21577262878419","DE ANIMAL",""
"PORTO ALEGRE","921582","17/07/2026 - 15:50","VILA NOVA","ESTRADA CRISTIANO KRAEMER","ATENDIMENTO PRÉ-HOSPITALAR","AR-0455","1º BBM / 1ª CIA / 2º PEL / TERESÓPOLIS","-30.117568189940307","-51.20622396469117","",""
"PORTO ALEGRE","921598","17/07/2026 - 16:19","JARDIM CARVALHO","R. 1 CEFER 2","AVERIGUAÇÃO/CORTE DE ÁRVORE","ABT-1364","1º BBM / 2ª CIA / 3º PEL / PARTENON","-30.05085660583904","-51.15303039550782","VISTORIA",""
"PORTO ALEGRE","921612","17/07/2026 - 16:45","RUBEM BERTA","PLÍNIO KROEFF","AVERIGUAÇÃO/MANEJO DE INSETOS","ABT-0600","1º BBM / 2ª CIA / 2º PEL / PASSO D`AREIA","-29.995529124829403","-51.113314851890905","VISTORIA",""
"PORTO ALEGRE","921668","17/07/2026 - 18:27","SARANDI","BERNARDINO SILVEIRA AMORIM","AÇÕES PREVENTIVAS","ABT-0600","1º BBM / 2ª CIA / 2º PEL / PASSO D`AREIA","-29.98144217751754","-51.11391328726482","APOIO À PESSOA OU INSTITUIÇÃO",""
"PORTO ALEGRE","921674","17/07/2026 - 18:40","APARÍCIO BORGES","CORONEL APARICIO BORGES","AÇÕES PREVENTIVAS","ABT-327","1º BBM / 1ª CIA / 1º PEL / AÇORIANOS","-30.070430990911515","-51.18942260742188","APOIO À PESSOA OU INSTITUIÇÃO",""
"PORTO ALEGRE","921676","17/07/2026 - 18:44","VILA NOVA","MONTE CRISTO","AVERIGUAÇÃO/CORTE DE ÁRVORE","ABT-0599","1º BBM / 1ª CIA / 5º PEL / BELÉM NOVO","-30.124175626167037","-51.21884107589722","CORTE PARCIAL",""
"PORTO ALEGRE","921685","17/07/2026 - 18:56","PRAIA DE BELAS","IPIRANGA","ATENDIMENTO PRÉ-HOSPITALAR","AR-0455","1º BBM / 1ª CIA / 2º PEL / TERESÓPOLIS","-30.04755049279828","-51.22770309448243","",""
"PORTO ALEGRE","921695","17/07/2026 - 19:15","JARDIM DO SALSO","SÃO JOSEMARIA ESCRIVÁ","PRODUTOS PERIGOSOS","ABT-1364","1º BBM / 2ª CIA / 3º PEL / PARTENON","-30.054162608515803","-51.16356611251832","EXPLOSIVO",""
"PORTO ALEGRE","921712","17/07/2026 - 19:43","CENTRO","DOUTOR FLORES","ATENDIMENTO PRÉ-HOSPITALAR","AR-0455","1º BBM / 1ª CIA / 2º PEL / TERESÓPOLIS","-30.02917912459047","-51.22467756271363","",""
"PORTO ALEGRE","921731","17/07/2026 - 20:09","RUBEM BERTA","LUIZ MANDELLI","INCÊNDIO","ABT-0600","1º BBM / 2ª CIA / 2º PEL / PASSO D`AREIA","-30.00738521457057","-51.10359302935319","EDIFICAÇÃO RESIDENCIAL UNIFAMILIAR",""
"PORTO ALEGRE","921731","17/07/2026 - 20:09","RUBEM BERTA","LUIZ MANDELLI","OCORRÊNCIA NÃO ATENDIDA","ABT-1364","1º BBM / 2ª CIA / 3º PEL / PARTENON","-30.01476199623905","-51.09513759613037","",""
"PORTO ALEGRE","921751","17/07/2026 - 20:59","JARDIM ITU SABARÁ","PROTÁSIO ALVES 6659","INCÊNDIO","ABT-1364","1º BBM / 2ª CIA / 3º PEL / PARTENON","-30.04333410988214","-51.143975257873535","LIXO",""
"PORTO ALEGRE","921756","17/07/2026 - 21:11","AUXILIADORA","RUA 24 DE OUTUBRO","OCORRÊNCIA NÃO ATENDIDA","AR-0455","1º BBM / 1ª CIA / 2º PEL / TERESÓPOLIS","-30.022268082388784","-51.190066337585456","",""
"PORTO ALEGRE","921766","17/07/2026 - 21:29","PRAIA DE BELAS","NESTOR LUDWIG","ATENDIMENTO PRÉ-HOSPITALAR","AR-0455","1º BBM / 1ª CIA / 2º PEL / TERESÓPOLIS","-30.057394212318844","-51.23334646224976","",""
"PORTO ALEGRE","921784","17/07/2026 - 22:43","CRISTO REDENTOR","EDMUNDO BASTIAN","INCÊNDIO","ABT-0600","1º BBM / 2ª CIA / 2º PEL / PASSO D`AREIA","-30.006883706495906","-51.16133451461793","TRANSFORMADOR/REDE ELÉTRICA",""
"PORTO ALEGRE","921805","18/07/2026 - 00:21","VILA NOVA","AMAPÁ","SALVAMENTO/BUSCA/RESGATE","ABT-0594","1º BBM / 1ª CIA / 2º PEL / TERESÓPOLIS","-30.108862774744395","-51.214077472686775","DE ANIMAL",""
"PORTO ALEGRE","921814","18/07/2026 - 01:26","RUBEM BERTA","JOÃO PARIS","INCÊNDIO","ABT-0600","1º BBM / 2ª CIA / 2º PEL / PASSO D`AREIA","-30.00227500475973","-51.096618211859244","LIXO",""
"PORTO ALEGRE","921820","18/07/2026 - 01:51","VILA NOVA","JOAQUIM DE CARVALHO","ATENDIMENTO PRÉ-HOSPITALAR","AR-0455","1º BBM / 1ª CIA / 2º PEL / TERESÓPOLIS","-30.114746902728793","-51.219828128814704","",""
"PORTO ALEGRE","921849","18/07/2026 - 07:34","INDEPENDÊNCIA","CASTRO ALVES","AVERIGUAÇÃO/MANEJO DE INSETOS","ABT-0597","1º BBM / 2ª CIA / 1º PEL / FLORESTA","-30.030089414130646","-51.208477134001","EXTERMÍNIO | VISTORIA",""
"PORTO ALEGRE","921856","18/07/2026 - 08:22","SANTA CECÍLIA","SILVA SÓ","PRODUTOS PERIGOSOS","ABT-0597","1º BBM / 2ª CIA / 1º PEL / FLORESTA","-30.04046117056169","-51.20403534891829","EXPLOSIVO",""
"PORTO ALEGRE","921863","18/07/2026 - 08:46","BELÉM NOVO","RUA BAVIERA","AVERIGUAÇÃO/MANEJO DE INSETOS","ABT-0599","1º BBM / 1ª CIA / 5º PEL / BELÉM NOVO","-30.20871545174875","-51.167707443237305","VISTORIA",""
"PORTO ALEGRE","921874","18/07/2026 - 09:19","VILA NOVA","DAS FURNAS","ATENDIMENTO PRÉ-HOSPITALAR","AR-0455","1º BBM / 1ª CIA / 2º PEL / TERESÓPOLIS","-30.102718405915397","-51.19470119476319","",""
"PORTO ALEGRE","921902","18/07/2026 - 10:11","PRAIA DE BELAS","IPIRANGA","SALVAMENTO/BUSCA/RESGATE","ABT-327","1º BBM / 1ª CIA / 1º PEL / AÇORIANOS","-30.04747619685534","-51.2284541130066","DE ANIMAL",""
"PORTO ALEGRE","921909","18/07/2026 - 10:28","INDEPENDÊNCIA","MOSTARDEIRO","SALVAMENTO/BUSCA/RESGATE","ABT-0597","1º BBM / 2ª CIA / 1º PEL / FLORESTA","-30.029402053414074","-51.21452541246984","DE ANIMAL",""
"PORTO ALEGRE","921925","18/07/2026 - 11:02","ABERTA DOS MORROS","ESTRADA JORGE PEREIRA NUNES","AVERIGUAÇÃO/MANEJO DE INSETOS","ABT-0599","1º BBM / 1ª CIA / 5º PEL / BELÉM NOVO","-30.13486537313594","-51.186890602111816","VISTORIA",""
"PORTO ALEGRE","921929","18/07/2026 - 11:09","AZENHA","DA AZENHA","ATENDIMENTO PRÉ-HOSPITALAR","AR-0455","1º BBM / 1ª CIA / 2º PEL / TERESÓPOLIS","-30.052658205251884","-51.21351957321168","",""
"PORTO ALEGRE","921932","18/07/2026 - 11:16","VILA JARDIM","CIRCULAR","AVERIGUAÇÃO/CORTE DE ÁRVORE","ABT-0600","1º BBM / 2ª CIA / 2º PEL / PASSO D`AREIA","-30.028993372849303","-51.14865292794717","VISTORIA",""
"PORTO ALEGRE","921933","18/07/2026 - 11:17","PARTENON","DOUTOR FÉLIX CONTREIRAS RODRIGUES","INCÊNDIO","ABT-1364","1º BBM / 2ª CIA / 3º PEL / PARTENON","-30.060625715417803","-51.15607743121573","EDIFICAÇÃO MULTIFAMILIAR",""
"PORTO ALEGRE","921944","18/07/2026 - 11:39","LAMI","ARMANDO INACIO DA SILVEIRA","INCÊNDIO","ABT-0598","1º BBM / 1ª CIA / 4º PEL / RESTINGA","-30.230613104489578","-51.05820894241334","VEGETAÇÃO",""
"PORTO ALEGRE","921948","18/07/2026 - 11:46","MORRO SANTANA","AV. PROTÁSIO ALVES","INCÊNDIO","ABT-1364","1º BBM / 2ª CIA / 3º PEL / PARTENON","-30.038959685231266","-51.11115523116841","VEGETAÇÃO",""
"PORTO ALEGRE","921960","18/07/2026 - 12:06","ABERTA DOS MORROS","ESTRADA CRISTIANO KRAEMER","AÇÕES PREVENTIVAS","ABT-0599","1º BBM / 1ª CIA / 5º PEL / BELÉM NOVO","-30.129650554371356","-51.20118141174317","VISTORIA DE HIDRANTES",""
"PORTO ALEGRE","921961","18/07/2026 - 12:07","ABERTA DOS MORROS","ESTRADA CRISTIANO KRAEMER","AÇÕES PREVENTIVAS","ABT-0599","1º BBM / 1ª CIA / 5º PEL / BELÉM NOVO","-30.142789143269784","-51.19918584823609","VISTORIA DE HIDRANTES",""
"PORTO ALEGRE","921975","18/07/2026 - 12:47","SÃO JOÃO","DOM PEDRO II","INCÊNDIO","ABT-0597","1º BBM / 2ª CIA / 1º PEL / FLORESTA","-30.012377518290215","-51.18808570992415","TERRENO BALDIO | VEGETAÇÃO",""
"PORTO ALEGRE","921979","18/07/2026 - 13:05","RESTINGA","CECÍLIO MONZA","INCÊNDIO","ABT-0599","1º BBM / 1ª CIA / 5º PEL / BELÉM NOVO","-30.15327277918214","-51.13408327102662","LIXO | TERRENO BALDIO | VEGETAÇÃO",""
"PORTO ALEGRE","921990","18/07/2026 - 13:20","TRISTEZA","DOUTOR PEREIRA NETO","AÇÕES PREVENTIVAS","ABT-1363","1º BBM / 1ª CIA / 3º PEL / ASSUNÇÃO","-30.106890334788396","-51.23669714893939","VISTORIA DE HIDRANTES",""
"PORTO ALEGRE","921992","18/07/2026 - 13:21","TRISTEZA","DOUTOR PEREIRA NETO","AÇÕES PREVENTIVAS","ABT-1363","1º BBM / 1ª CIA / 3º PEL / ASSUNÇÃO","-30.108612078581675","-51.241515138254435","VISTORIA DE HIDRANTES",""
"PORTO ALEGRE","921993","18/07/2026 - 13:25","JARDIM BOTÂNICO","CHILE","ATENDIMENTO PRÉ-HOSPITALAR","AR-0455","1º BBM / 1ª CIA / 2º PEL / TERESÓPOLIS","-30.054348335728836","-51.19017362594605","",""
"PORTO ALEGRE","922015","18/07/2026 - 14:05","HÍPICA","ELMO BORN","PRODUTOS PERIGOSOS","ABT-0598","1º BBM / 1ª CIA / 4º PEL / RESTINGA","-30.157410261562145","-51.177663803100586","EXPLOSIVO",""
"PORTO ALEGRE","922031","18/07/2026 - 14:36","LOMBA DO PINHEIRO","EZEQUIEL ANTÔNIO DE OLIVEIRA","AVERIGUAÇÃO/CORTE DE ÁRVORE","ABT-1364","1º BBM / 2ª CIA / 3º PEL / PARTENON","-30.099933880754673","-51.13500605337609","CORTE PARCIAL",""
"PORTO ALEGRE","922040","18/07/2026 - 14:54","CRISTAL","DOUTOR RAUL MOREIRA","ATENDIMENTO PRÉ-HOSPITALAR","AR-0455","1º BBM / 1ª CIA / 2º PEL / TERESÓPOLIS","-30.089667316040565","-51.236307621002204","",""
"PORTO ALEGRE","922041","18/07/2026 - 14:54","PETRÓPOLIS","CARAZINHO","SALVAMENTO/BUSCA/RESGATE","ABT-0597","1º BBM / 2ª CIA / 1º PEL / FLORESTA","-30.040950319132346","-51.183392778945446","DE ANIMAL",""
"PORTO ALEGRE","922064","18/07/2026 - 15:29","CENTRO","RIACHUELO","AVERIGUAÇÃO/CORTE DE ÁRVORE","ABT-327","1º BBM / 1ª CIA / 1º PEL / AÇORIANOS","-30.03252300429921","-51.233518123626716","CORTE PARCIAL",""
"PORTO ALEGRE","922102","18/07/2026 - 16:40","HUMAITÁ","PALMIRA GOBBI","AÇÕES PREVENTIVAS","ABT-0597","1º BBM / 2ª CIA / 1º PEL / FLORESTA","-29.983523890428856","-51.19066713406006","VISTORIA DE HIDRANTES",""
"PORTO ALEGRE","922103","18/07/2026 - 16:42","HUMAITÁ","AMYNTHAS JACQUES DE MORAES","AÇÕES PREVENTIVAS","ABT-0597","1º BBM / 2ª CIA / 1º PEL / FLORESTA","-29.988151690015506","-51.19174022312699","VISTORIA DE HIDRANTES",""
"PORTO ALEGRE","922121","18/07/2026 - 17:19","RESTINGA","AVENIDA EDGAR PÍRES DE CASTRO","INCÊNDIO","ABT-0598","1º BBM / 1ª CIA / 4º PEL / RESTINGA","-30.165536291137748","-51.15532636642456","VEGETAÇÃO",""
"PORTO ALEGRE","922127","18/07/2026 - 17:34","BOM JESUS","SÃO BENEDITO","ATENDIMENTO PRÉ-HOSPITALAR","AR-0455","1º BBM / 1ª CIA / 2º PEL / TERESÓPOLIS","-30.044002799323096","-51.165969371795654","",""
"PORTO ALEGRE","922128","18/07/2026 - 17:38","RUBEM BERTA","REVERENDO OLAVO NUNES","AÇÕES PREVENTIVAS","ABT-0600","1º BBM / 2ª CIA / 2º PEL / PASSO D`AREIA","-30.01305258502134","-51.10533134865373","INSPEÇÃO/REMOÇÃO DE FONTE DE PERIGO",""
"PORTO ALEGRE","922151","18/07/2026 - 18:06","RESTINGA","AV MARTINICA","AÇÕES PREVENTIVAS","ABT-0598","1º BBM / 1ª CIA / 4º PEL / RESTINGA","-30.160119012500402","-51.13833189010621","APOIO À PESSOA OU INSTITUIÇÃO",""
"PORTO ALEGRE","922151","18/07/2026 - 18:06","RESTINGA","AV MARTINICA","AÇÕES PREVENTIVAS","ABT-0599","1º BBM / 1ª CIA / 5º PEL / BELÉM NOVO","-30.16002624828782","-51.138224601745605","APOIO À PESSOA OU INSTITUIÇÃO",""
"PORTO ALEGRE","922154","18/07/2026 - 18:11","PETRÓPOLIS","CORONEL LUCAS DE OLIVEIRA","INCÊNDIO","ABTS-866","BBS / 1ª CIA / 1º PEL / TERRESTRE","-30.04591596918069","-51.195580959320075","EDIFICAÇÃO MULTIFAMILIAR",""
"PORTO ALEGRE","922154","18/07/2026 - 18:11","PETRÓPOLIS","CORONEL LUCAS DE OLIVEIRA","AÇÕES PREVENTIVAS","ABT-0597","1º BBM / 2ª CIA / 1º PEL / FLORESTA","-30.044373420823415","-51.195311587894274","APOIO À PESSOA OU INSTITUIÇÃO",""
"PORTO ALEGRE","922157","18/07/2026 - 18:24","VILA IPIRANGA","MONTE PASCOAL","INCÊNDIO","ABT-0600","1º BBM / 2ª CIA / 2º PEL / PASSO D`AREIA","-30.025277790212314","-51.14899641924514","TRANSFORMADOR/REDE ELÉTRICA",""
"PORTO ALEGRE","922159","18/07/2026 - 18:26","BELEM NOVO","AV. JUCA BATISTA","INCÊNDIO","ABT-0598","1º BBM / 1ª CIA / 4º PEL / RESTINGA","-30.191468315407104","-51.1754322052002","VEGETAÇÃO",""
"PORTO ALEGRE","922165","18/07/2026 - 18:36","BELEM NOVO","AV. JUCA BATISTA","INCÊNDIO","ABT-0594","1º BBM / 1ª CIA / 2º PEL / TERESÓPOLIS","-30.19263182063069","-51.175868292389936","VEGETAÇÃO",""
"PORTO ALEGRE","922165","18/07/2026 - 18:36","BELEM NOVO","AV. JUCA BATISTA","INCÊNDIO","ABT-0599","1º BBM / 1ª CIA / 5º PEL / BELÉM NOVO","-30.148225928929477","-51.20369195938111","TERRENO BALDIO | VEGETAÇÃO",""
"PORTO ALEGRE","922169","18/07/2026 - 18:51","BELÉM VELHO","ESTRADA AFONSO LOURENÇO MARIANTE","ATENDIMENTO PRÉ-HOSPITALAR","AR-0455","1º BBM / 1ª CIA / 2º PEL / TERESÓPOLIS","-30.107470579634356","-51.15283727645875","",""
"PORTO ALEGRE","922224","18/07/2026 - 20:42","RESTINGA","ESTRADA COSTA GAMA","AÇÕES PREVENTIVAS","ABT-0598","1º BBM / 1ª CIA / 4º PEL / RESTINGA","-30.134549893709053","-51.19899272918702","VISTORIA DE HIDRANTES",""
"PORTO ALEGRE","922225","18/07/2026 - 20:43","RESTINGA","ESTRADA COSTA GAMA","AÇÕES PREVENTIVAS","ABT-0598","1º BBM / 1ª CIA / 4º PEL / RESTINGA","-30.142547913756633","-51.16425275802613","VISTORIA DE HIDRANTES",""
"PORTO ALEGRE","922230","18/07/2026 - 21:07","PROTÁSIO ALVES","CARLOS REVERBEL","INCÊNDIO","ABT-1364","1º BBM / 2ª CIA / 3º PEL / PARTENON","-30.03828162648795","-51.115363205141826","VEGETAÇÃO",""
"PORTO ALEGRE","922231","18/07/2026 - 21:08","SÃO JOSÉ","RUA SÃO GUILHERME","AÇÕES PREVENTIVAS","ABT-1364","1º BBM / 2ª CIA / 3º PEL / PARTENON","-30.06474190232902","-51.16127727463401","VISTORIA DE HIDRANTES",""
"PORTO ALEGRE","922233","18/07/2026 - 21:09","SÃO JOSÉ","RUA SÃO GUILHERME","AÇÕES PREVENTIVAS","ABT-1364","1º BBM / 2ª CIA / 3º PEL / PARTENON","-30.067013284430438","-51.16068246847353","VISTORIA DE HIDRANTES",""
"PORTO ALEGRE","922239","18/07/2026 - 21:40","TRISTEZA","LANDEL DE MOURA","INCÊNDIO","ABT-291","1º BBM / 1ª CIA / 3º PEL / ASSUNÇÃO","-30.111721353877808","-51.24270200729371","TRANSFORMADOR/REDE ELÉTRICA",""
"PORTO ALEGRE","922257","18/07/2026 - 22:59","CIDADE BAIXA","LOUREIRO DA SILVA","ATENDIMENTO PRÉ-HOSPITALAR","AR-0455","1º BBM / 1ª CIA / 2º PEL / TERESÓPOLIS","-30.037092790783692","-51.22598648071289","",""
"PORTO ALEGRE","922291","19/07/2026 - 01:51","AZENHA","PROFESSOR FREITAS E CASTRO","PRODUTOS PERIGOSOS","ABT-327","1º BBM / 1ª CIA / 1º PEL / AÇORIANOS","-30.0484977611856","-51.215364933013916","BIOLÓGICO",""
"PORTO ALEGRE","922294","19/07/2026 - 02:50","BOM FIM","RUA GENERAL JOÃO TELLES","AÇÕES PREVENTIVAS","ABT-0597","1º BBM / 2ª CIA / 1º PEL / FLORESTA","-30.033780026198357","-51.21277505425276","APOIO À PESSOA OU INSTITUIÇÃO",""
"PORTO ALEGRE","922302","19/07/2026 - 03:54","PETRÓPOLIS","FARIA SANTOS","AÇÕES PREVENTIVAS","ABT-0597","1º BBM / 2ª CIA / 1º PEL / FLORESTA","-30.045191569406466","-51.190688602739016","APOIO À PESSOA OU INSTITUIÇÃO",""
"PORTO ALEGRE","922342","19/07/2026 - 08:22","BELÉM VELHO","AFONSO LOURENÇO MARIANTE","ATENDIMENTO PRÉ-HOSPITALAR","AR-0455","1º BBM / 1ª CIA / 2º PEL / TERESÓPOLIS","-30.111233793639663","-51.16099927968225","",""
"PORTO ALEGRE","922359","19/07/2026 - 09:12","BELÉM VELHO","AFONSO LOURENÇO MARIANTE","INCÊNDIO","ABT-1364","1º BBM / 2ª CIA / 3º PEL / PARTENON","-30.107544840069547","-51.152687095887416","EDIFICAÇÕES AGRÍCOLAS",""
"PORTO ALEGRE","922359","19/07/2026 - 09:12","BELÉM VELHO","AFONSO LOURENÇO MARIANTE","OCORRÊNCIA NÃO ATENDIDA","ABT-0598","1º BBM / 1ª CIA / 4º PEL / RESTINGA","-30.107099324292133","-51.1525583267212","",""
"PORTO ALEGRE","922366","19/07/2026 - 09:27","NAVEGANTES","BAHIA","INCÊNDIO","ABT-0597","1º BBM / 2ª CIA / 1º PEL / FLORESTA","-30.00297530381868","-51.19734066492465","TRANSFORMADOR/REDE ELÉTRICA",""
"PORTO ALEGRE","922376","19/07/2026 - 09:57","LOMBA DO PINHEIRO","SÃO PAULO","ATENDIMENTO PRÉ-HOSPITALAR","AR-0455","1º BBM / 1ª CIA / 2º PEL / TERESÓPOLIS","-30.111175728462616","-51.10853248740497","",""
"PORTO ALEGRE","922380","19/07/2026 - 10:05","NAVEGANTES","BAHIA","INCÊNDIO","ABT-0597","1º BBM / 2ª CIA / 1º PEL / FLORESTA","-30.00308679774804","-51.19732637451747","TRANSFORMADOR/REDE ELÉTRICA",""
"PORTO ALEGRE","922382","19/07/2026 - 10:07","NAVEGANTES","BAHIA","AÇÕES PREVENTIVAS","ABT-0597","1º BBM / 2ª CIA / 1º PEL / FLORESTA","-30.00656782296797","-51.198591075552805","VISTORIA DE HIDRANTES",""
"PORTO ALEGRE","922383","19/07/2026 - 10:09","SÃO GERALDO","SÃO PEDRO","AÇÕES PREVENTIVAS","ABT-0597","1º BBM / 2ª CIA / 1º PEL / FLORESTA","-30.011343194445498","-51.199933736722535","VISTORIA DE HIDRANTES",""
"PORTO ALEGRE","922402","19/07/2026 - 10:38","VILA JARDIM","CIRCULAR","AVERIGUAÇÃO/CORTE DE ÁRVORE","ABT-0600","1º BBM / 2ª CIA / 2º PEL / PASSO D`AREIA","-30.028250249095397","-51.14938259124756","CORTE PARCIAL",""
"PORTO ALEGRE","922407","19/07/2026 - 10:57","PARTENON","NELSON ZANG","AÇÕES PREVENTIVAS","ABT-1364","1º BBM / 2ª CIA / 3º PEL / PARTENON","-30.057877018623536","-51.15841608944654","VISTORIA DE HIDRANTES",""
"PORTO ALEGRE","922415","19/07/2026 - 11:13","CRISTAL","BUTUÍ","AÇÕES PREVENTIVAS","ABT-291","1º BBM / 1ª CIA / 3º PEL / ASSUNÇÃO","-30.087068028273702","-51.23579267652877","VISTORIA DE HIDRANTES",""
"PORTO ALEGRE","922416","19/07/2026 - 11:14","CRISTAL","BUTUÍ","AÇÕES PREVENTIVAS","ABT-291","1º BBM / 1ª CIA / 3º PEL / ASSUNÇÃO","-30.08704946111199","-51.23684426439708","VISTORIA DE HIDRANTES",""
"PORTO ALEGRE","922417","19/07/2026 - 11:16","PARTENON","ANTÔNIO MARANGHELLO","AÇÕES PREVENTIVAS","ABT-1364","1º BBM / 2ª CIA / 3º PEL / PARTENON","-30.06010570654405","-51.16167771839956","VISTORIA DE HIDRANTES",""
"PORTO ALEGRE","922425","19/07/2026 - 11:33","MÁRIO QUINTANA","MARGARIDA","INCÊNDIO","AT-1590","1º BBM / 1ª CIA / 1º PEL / AÇORIANOS","-30.03561985176745","-51.10958841786961","LIXO | TERRENO BALDIO",""
"PORTO ALEGRE","922425","19/07/2026 - 11:33","MÁRIO QUINTANA","MARGARIDA","INCÊNDIO","ABT-0600","1º BBM / 2ª CIA / 2º PEL / PASSO D`AREIA","-30.035755314112762","-51.10975027084351","EDIFICAÇÃO RESIDENCIAL UNIFAMILIAR",""
"PORTO ALEGRE","922425","19/07/2026 - 11:33","MÁRIO QUINTANA","MARGARIDA","INCÊNDIO","ABT-1364","1º BBM / 2ª CIA / 3º PEL / PARTENON","-30.035978234704288","-51.1094498502147","EDIFICAÇÃO RESIDENCIAL UNIFAMILIAR",""
"PORTO ALEGRE","922429","19/07/2026 - 11:38","VILA JARDIM","CIRCULAR","ATENDIMENTO PRÉ-HOSPITALAR","ABT-0600","1º BBM / 2ª CIA / 2º PEL / PASSO D`AREIA","-30.028491757561476","-51.14884614944459","",""
"PORTO ALEGRE","922430","19/07/2026 - 11:40","RESTINGA","IMPERADOR HIROITO","AÇÕES PREVENTIVAS","ABT-0598","1º BBM / 1ª CIA / 4º PEL / RESTINGA","-30.144700402410983","-51.135241985321045","VISTORIA DE HIDRANTES",""
"PORTO ALEGRE","922432","19/07/2026 - 11:41","RESTINGA","SOLON VIEIRA MARQUES","AÇÕES PREVENTIVAS","ABT-0598","1º BBM / 1ª CIA / 4º PEL / RESTINGA","-30.142585026027817","-51.13545656204224","VISTORIA DE HIDRANTES",""
"PORTO ALEGRE","922441","19/07/2026 - 12:00","CENTRO","JÚLIO DE CASTILHOS","AÇÕES PREVENTIVAS","ABT-327","1º BBM / 1ª CIA / 1º PEL / AÇORIANOS","-30.027033409026952","-51.22725248336793","VISTORIA DE HIDRANTES",""
"PORTO ALEGRE","922443","19/07/2026 - 12:01","CENTRO","BORGES DE MEDEIROS","AÇÕES PREVENTIVAS","ABT-327","1º BBM / 1ª CIA / 1º PEL / AÇORIANOS","-30.032699483705244","-51.22766017913819","VISTORIA DE HIDRANTES",""
"PORTO ALEGRE","922469","19/07/2026 - 13:13","MENINO DEUS","RUA MARCÍLIO DIAS","AÇÕES PREVENTIVAS","ABT-327","1º BBM / 1ª CIA / 1º PEL / AÇORIANOS","-30.049983654129882","-51.219044923782356","APOIO À PESSOA OU INSTITUIÇÃO",""
"PORTO ALEGRE","922480","19/07/2026 - 13:45","MENINO DEUS","DONA ONDINA","AVERIGUAÇÃO/MANEJO DE INSETOS","ABT-327","1º BBM / 1ª CIA / 1º PEL / AÇORIANOS","-30.065305624671037","-51.226319074630744","VISTORIA",""
"PORTO ALEGRE","922486","19/07/2026 - 14:03","CENTRO HISTÓRICO","PRAÇA DOM FELICIANO","ATENDIMENTO PRÉ-HOSPITALAR","AR-0455","1º BBM / 1ª CIA / 2º PEL / TERESÓPOLIS","-30.02958929885253","-51.2221810141943","",""
"PORTO ALEGRE","922488","19/07/2026 - 14:08","FARROUPILHA","JOÃO PESSOA","SALVAMENTO/BUSCA/RESGATE","ABT-327","1º BBM / 1ª CIA / 1º PEL / AÇORIANOS","-30.03796585609453","-51.21884107589722","ELEVADORES",""
"PORTO ALEGRE","922494","19/07/2026 - 14:24","BELEM NOVO","RUA EUCLIDES GOULARTE","AÇÕES PREVENTIVAS","ABT-0599","1º BBM / 1ª CIA / 5º PEL / BELÉM NOVO","-30.211126101044393","-51.17929458618165","VISTORIA DE HIDRANTES",""
"PORTO ALEGRE","922495","19/07/2026 - 14:26","BELÉM NOVO","RUA JORGE MELLO GUIMARÃES","AÇÕES PREVENTIVAS","ABT-0599","1º BBM / 1ª CIA / 5º PEL / BELÉM NOVO","-30.21081086564667","-51.189379692077644","VISTORIA DE HIDRANTES",""
"PORTO ALEGRE","922502","19/07/2026 - 14:59","PRAIA DE BELAS","AV. AURELIANO DE FIGUEIREDO PINTO","ATENDIMENTO PRÉ-HOSPITALAR","AR-0455","1º BBM / 1ª CIA / 2º PEL / TERESÓPOLIS","-30.043329089852755","-51.22810405794822","",""
"PORTO ALEGRE","922502","19/07/2026 - 14:59","PRAIA DE BELAS","AV. AURELIANO DE FIGUEIREDO PINTO","AÇÕES PREVENTIVAS","ABT-327","1º BBM / 1ª CIA / 1º PEL / AÇORIANOS","-30.043872776729742","-51.22844338417053","APOIO À PESSOA OU INSTITUIÇÃO",""
"PORTO ALEGRE","922521","19/07/2026 - 15:59","CENTRO","RUA DEMÉTRIO RIBEIRO","INCÊNDIO","ABT-327","1º BBM / 1ª CIA / 1º PEL / AÇORIANOS","-30.035829618845828","-51.2293016910553","EDIFICAÇÃO RESIDENCIAL UNIFAMILIAR",""
"PORTO ALEGRE","922537","19/07/2026 - 16:52","CENTRO","LARGO VESPASIANO JÚLIO VEPPO","SALVAMENTO/BUSCA/RESGATE","ABT-327","1º BBM / 1ª CIA / 1º PEL / AÇORIANOS","-30.02356858411827","-51.21950626373292","ELEVADORES",""
"PORTO ALEGRE","922542","19/07/2026 - 17:15","CENTRO HISTÓRICO","RUA DUQUE DE CAXIAS","SALVAMENTO/BUSCA/RESGATE","ABTS-866","BBS / 1ª CIA / 1º PEL / TERRESTRE","-30.033711912119784","-51.227896206725525","SUICÍDIO/TENTATIVA",""
"PORTO ALEGRE","922542","19/07/2026 - 17:15","CENTRO HISTÓRICO","RUA DUQUE DE CAXIAS","AÇÕES PREVENTIVAS","ABT-327","1º BBM / 1ª CIA / 1º PEL / AÇORIANOS","-30.033191766703226","-51.225836277008064","APOIO À PESSOA OU INSTITUIÇÃO",""
"PORTO ALEGRE","922576","19/07/2026 - 20:05","HÍPICA","DORIVAL CASTILHOS MACHADO","ATENDIMENTO PRÉ-HOSPITALAR","AR-0455","1º BBM / 1ª CIA / 2º PEL / TERESÓPOLIS","-30.16237438355458","-51.193930379942145","",""
"PORTO ALEGRE","922581","19/07/2026 - 20:41","SÃO GERALDO","POLÔNIA","AÇÕES PREVENTIVAS","ABT-0597","1º BBM / 2ª CIA / 1º PEL / FLORESTA","-30.00996511148781","-51.1985788147899","INSPEÇÃO/REMOÇÃO DE FONTE DE PERIGO",""
"PORTO ALEGRE","922586","19/07/2026 - 21:18","IPANEMA","AVENIDA JUCA BATISTA","ATENDIMENTO PRÉ-HOSPITALAR","AR-0455","1º BBM / 1ª CIA / 2º PEL / TERESÓPOLIS","-30.142617222673813","-51.2177935056158","",""
"PORTO ALEGRE","922586","19/07/2026 - 21:18","IPANEMA","AVENIDA JUCA BATISTA","OCORRÊNCIA NÃO ATENDIDA","ABT-0599","1º BBM / 1ª CIA / 5º PEL / BELÉM NOVO","-30.16839941291308","-51.18101821152162","",""
"PORTO ALEGRE","922603","19/07/2026 - 23:50","NONOAI","ALCEBÍADES ANTÔNIO DOS SANTOS","INCÊNDIO","ABT-0594","1º BBM / 1ª CIA / 2º PEL / TERESÓPOLIS","-30.095311242025243","-51.22057914733887","TRANSFORMADOR/REDE ELÉTRICA",""
"PORTO ALEGRE","922606","20/07/2026 - 00:11","AUXILIADORA","CORONEL BORDINI","INCÊNDIO","ABT-0597","1º BBM / 2ª CIA / 1º PEL / FLORESTA","-30.02919770201159","-51.19583192389973","TRANSFORMADOR/REDE ELÉTRICA",""
"PORTO ALEGRE","922611","20/07/2026 - 00:33","CAMAQUÃ","TRAVESSA ESCOBAR","INCÊNDIO","ABT-291","1º BBM / 1ª CIA / 3º PEL / ASSUNÇÃO","-30.105577176511193","-51.23581408793388","EDIFICAÇÃO MULTIFAMILIAR",""
"PORTO ALEGRE","922622","20/07/2026 - 04:04","PASSO DAREIA","UMBÚ","SALVAMENTO/BUSCA/RESGATE","ABT-0600","1º BBM / 2ª CIA / 2º PEL / PASSO D`AREIA","-30.01533797901655","-51.162836512008845","DE ANIMAL",""
"PORTO ALEGRE","922639","20/07/2026 - 08:07","PARTENON","RUA VINTE E SEIS DE DEZEMBRO","AÇÕES PREVENTIVAS","ABT-1364","1º BBM / 2ª CIA / 3º PEL / PARTENON","-30.068017250631332","-51.163003759845004","TERRESTRE",""
"PORTO ALEGRE","922667","20/07/2026 - 09:44","CRISTAL","UPAMAROTI","SALVAMENTO/BUSCA/RESGATE","ABT-291","1º BBM / 1ª CIA / 3º PEL / ASSUNÇÃO","-30.08407882352449","-51.23615740077345","DE ANIMAL",""
"PORTO ALEGRE","922675","20/07/2026 - 09:58","SANTA TEREZA","COQUEIROS","AÇÕES PREVENTIVAS","ABT-327","1º BBM / 1ª CIA / 1º PEL / AÇORIANOS","-30.07256648183651","-51.22152328491212","APOIO À PESSOA OU INSTITUIÇÃO",""
"PORTO ALEGRE","922704","20/07/2026 - 11:09","PARTENON","TENENTE ALPOIN","AVERIGUAÇÃO/MANEJO DE INSETOS","ABT-1364","1º BBM / 2ª CIA / 3º PEL / PARTENON","-30.06575132280563","-51.180860966503275","VISTORIA",""
"PORTO ALEGRE","922719","20/07/2026 - 12:07","RUBEM BERTA","RUA DAS FIGUEIRAS","SALVAMENTO/BUSCA/RESGATE","ABT-0600","1º BBM / 2ª CIA / 2º PEL / PASSO D`AREIA","-30.001773260880423","-51.09932229494921","DE ANIMAL",""
"PORTO ALEGRE","922724","20/07/2026 - 12:30","SÃO JOSÉ","REGINALDO PUJOL","ATENDIMENTO PRÉ-HOSPITALAR","AR-0455","1º BBM / 1ª CIA / 2º PEL / TERESÓPOLIS","-30.077171557580098","-51.162986755371094","",""
"PORTO ALEGRE","922729","20/07/2026 - 12:48","CENTRO","CAPITÃO MONTANHA","AÇÕES PREVENTIVAS","ABT-327","1º BBM / 1ª CIA / 1º PEL / AÇORIANOS","-30.029708579727888","-51.23172104358674","APOIO À PESSOA OU INSTITUIÇÃO",""
"PORTO ALEGRE","922781","20/07/2026 - 15:25","PONTA GROSSA","ESTRADA RETIRO DA PONTA GROSSA","AÇÕES PREVENTIVAS","ABT-0599","1º BBM / 1ª CIA / 5º PEL / BELÉM NOVO","-30.18464280778985","-51.20156764984131","DESABAMENTO/SOTERRAMENTO",""
"PORTO ALEGRE","922804","20/07/2026 - 16:50","CENTRO","CORONEL VICENTE","ATENDIMENTO PRÉ-HOSPITALAR","AR-0455","1º BBM / 1ª CIA / 2º PEL / TERESÓPOLIS","-30.026169536400783","-51.22096518278677","",""
"PORTO ALEGRE","922827","20/07/2026 - 17:58","CRISTAL","URSA MAIOR","INCÊNDIO","ABT-0594","1º BBM / 1ª CIA / 2º PEL / TERESÓPOLIS","-30.087476494816315","-51.232059001922615","EDIFICAÇÃO RESIDENCIAL UNIFAMILIAR",""
"PORTO ALEGRE","922831","20/07/2026 - 18:05","PASSO DAREIA","TÚLIO DE ROSE","SALVAMENTO/BUSCA/RESGATE","ABT-0600","1º BBM / 2ª CIA / 2º PEL / PASSO D`AREIA","-30.022825441168866","-51.155691169984095","DE ANIMAL",""
"PORTO ALEGRE","922854","20/07/2026 - 19:32","PARTENON","PROFESSOR LEALCINO SANTOS","AÇÕES PREVENTIVAS","ABT-1364","1º BBM / 2ª CIA / 3º PEL / PARTENON","-30.06155428246361","-51.161307714835075","TERRESTRE",""
"PORTO ALEGRE","922860","20/07/2026 - 19:52","CENTRO HISTÓRICO","BORGES DE MEDEIROS","SALVAMENTO/BUSCA/RESGATE","ABT-327","1º BBM / 1ª CIA / 1º PEL / AÇORIANOS","-30.036461206827518","-51.22815370559693","SUICÍDIO/TENTATIVA",""
"PORTO ALEGRE","922877","20/07/2026 - 21:56","PARTENON","TENENTE ALPOIN","AÇÕES PREVENTIVAS","ABT-1364","1º BBM / 2ª CIA / 3º PEL / PARTENON","-30.065602753406957","-51.18133310799518","TERRESTRE",""
"PORTO ALEGRE","922887","20/07/2026 - 23:01","FARRAPOS","RUA 1","AVERIGUAÇÃO/CORTE DE ÁRVORE","ABT-0597","1º BBM / 2ª CIA / 1º PEL / FLORESTA","-29.987659183447853","-51.1959957890968","VISTORIA",""
"PORTO ALEGRE","922889","20/07/2026 - 23:11","IPANEMA","FLAMENGO","SALVAMENTO/BUSCA/RESGATE","ABT-0596","1º BBM / 1ª CIA / 3º PEL / ASSUNÇÃO","-30.132731164197008","-51.22984852791102","DE ANIMAL",""
"PORTO ALEGRE","922895","20/07/2026 - 23:58","CAVALHADA","CÔNEGO VIEIRA DA SOLEDADE","AVERIGUAÇÃO/CORTE DE ÁRVORE","ABT-0596","1º BBM / 1ª CIA / 3º PEL / ASSUNÇÃO","-30.10528478882214","-51.23076085572161","CORTE TOTAL",""
"PORTO ALEGRE","922898","21/07/2026 - 01:05","SARANDI","XAVIER DE CARVALHO","INCÊNDIO","ABT-0600","1º BBM / 2ª CIA / 2º PEL / PASSO D`AREIA","-29.993299640840775","-51.1340939073287","EDIFICAÇÃO RESIDENCIAL UNIFAMILIAR",""
"PORTO ALEGRE","922905","21/07/2026 - 03:41","PASSO DAS PEDRAS","MANOEL ELIAS","INCÊNDIO","ABT-0600","1º BBM / 2ª CIA / 2º PEL / PASSO D`AREIA","-30.037510749435707","-51.12210989989848","EDIFICAÇÃO COMERCIAL",""
"PORTO ALEGRE","922906","21/07/2026 - 04:24","CRISTO REDENTOR","MARECHAL FROTA","AÇÕES PREVENTIVAS","ABT-0597","1º BBM / 2ª CIA / 1º PEL / FLORESTA","-30.01678101586254","-51.156220844216286","INSPEÇÃO/REMOÇÃO DE FONTE DE PERIGO",""
"PORTO ALEGRE","922908","21/07/2026 - 05:21","TRÊS FIGUEIRAS","CARLOS HUBER","INCÊNDIO","ABT-0600","1º BBM / 2ª CIA / 2º PEL / PASSO D`AREIA","-30.03636378742619","-51.16937592513371","ESCOLAS",""
"PORTO ALEGRE","922908","21/07/2026 - 05:21","TRÊS FIGUEIRAS","CARLOS HUBER","INCÊNDIO","ABT-1364","1º BBM / 2ª CIA / 3º PEL / PARTENON","-30.033228924212125","-51.16860869520938","EDIFICAÇÃO COMERCIAL",""
"PORTO ALEGRE","922909","21/07/2026 - 05:26","RESTINGA","AV.  ECONOMISTA NILO WULFF","INCÊNDIO","ABT-0598","1º BBM / 1ª CIA / 4º PEL / RESTINGA","-30.15199253646652","-51.141207218170166","TRANSFORMADOR/REDE ELÉTRICA",""
"PORTO ALEGRE","922916","21/07/2026 - 07:14","SÃO SEBASTIÃO","MIGUEL DI GIORGIO","INCÊNDIO","ABT-0597","1º BBM / 2ª CIA / 1º PEL / FLORESTA","-29.998825162889094","-51.147265137450546","TRANSFORMADOR/REDE ELÉTRICA",""
"PORTO ALEGRE","922922","21/07/2026 - 08:02","RESTINGA","TREZE DE MAIO","INCÊNDIO","ABT-0598","1º BBM / 1ª CIA / 4º PEL / RESTINGA","-30.151695666217","-51.13277435302735","TRANSFORMADOR/REDE ELÉTRICA",""
"PORTO ALEGRE","922931","21/07/2026 - 08:30","TRÊS FIGUEIRAS","MATIAS JOSÉ BINS","INCÊNDIO","ABT-0600","1º BBM / 2ª CIA / 2º PEL / PASSO D`AREIA","-30.035578793635793","-51.169273800425444","ESCOLAS",""
"PORTO ALEGRE","922936","21/07/2026 - 08:43","ARQUIPÉLAGO","BR 290 KM 105","SALVAMENTO/BUSCA/RESGATE","ABT-0597","1º BBM / 2ª CIA / 1º PEL / FLORESTA","-29.987872913013117","-51.210386914515915","AFOGAMENTO | SUICÍDIO/TENTATIVA",""
"PORTO ALEGRE","922936","21/07/2026 - 08:43","ARQUIPÉLAGO","BR 290 KM 105","SALVAMENTO/BUSCA/RESGATE","EABS-01","BBS / 2ª CIA / 1º PEL / AQUÁTICA","-29.987538379577018","-51.20851993560792","AFOGAMENTO | SUICÍDIO/TENTATIVA",""
"PORTO ALEGRE","922936","21/07/2026 - 08:43","ARQUIPÉLAGO","BR 290 KM 105","SALVAMENTO/BUSCA/RESGATE","ATP-1190","BBS / 2ª CIA / 2º PEL / MERGULHO","-29.98746403866037","-51.20774689451572","AFOGAMENTO",""
"PORTO ALEGRE","922938","21/07/2026 - 08:56","RIO BRANCO","VICENTE DA FONTOURA","INCÊNDIO","ABT-327","1º BBM / 1ª CIA / 1º PEL / AÇORIANOS","-30.03828164378064","-51.19581699371338","EDIFICAÇÃO COMERCIAL",""
"PORTO ALEGRE","922946","21/07/2026 - 09:28","PARQUE SANTA FÉ","HERMES PEREIRA DE SOUZA","SALVAMENTO/BUSCA/RESGATE","ABT-0600","1º BBM / 2ª CIA / 2º PEL / PASSO D`AREIA","-30.013902661916152","-51.11119860009444","DE ANIMAL",""
"PORTO ALEGRE","922960","21/07/2026 - 10:34","LOMBA DO PINHEIRO","JAGUARI","AÇÕES PREVENTIVAS","ABT-0598","1º BBM / 1ª CIA / 4º PEL / RESTINGA","-30.1197583441868","-51.10512614250184","APOIO À PESSOA OU INSTITUIÇÃO | RESGATE",""
"PORTO ALEGRE","922963","21/07/2026 - 10:38","CRISTAL","DIÁRIO DE NOTÍCIAS","INCÊNDIO","ABT-0596","1º BBM / 1ª CIA / 3º PEL / ASSUNÇÃO","-30.08556412814142","-51.24743342399597","EDIFICAÇÃO COMERCIAL | HOSPITAIS E ASSEMELHADOS",""
"PORTO ALEGRE","922966","21/07/2026 - 10:47","CASCATA","PROFESSOR OSCAR PEREIRA","ATENDIMENTO PRÉ-HOSPITALAR","AR-0455","1º BBM / 1ª CIA / 2º PEL / TERESÓPOLIS","-30.090602296601457","-51.182027746415265","",""
"PORTO ALEGRE","922967","21/07/2026 - 10:50","MOINHOS DE VENTO","MARQUÊS DO POMBAL","AVERIGUAÇÃO/CORTE DE ÁRVORE","ABT-0597","1º BBM / 2ª CIA / 1º PEL / FLORESTA","-30.01949981476644","-51.19442315859316","CORTE PARCIAL | VISTORIA",""
"PORTO ALEGRE","922972","21/07/2026 - 11:11","PETRÓPOLIS","CORONEL CORTE REAL","PRODUTOS PERIGOSOS","ABT-327","1º BBM / 1ª CIA / 1º PEL / AÇORIANOS","-30.0456930775067","-51.19450807571412","BIOLÓGICO",""
"PORTO ALEGRE","922995","21/07/2026 - 13:09","RESTINGA","DOUTOR CARLOS NIEDERAUER HOFMEISTER","SALVAMENTO/BUSCA/RESGATE","ABT-0598","1º BBM / 1ª CIA / 4º PEL / RESTINGA","-30.151473012943487","-51.13777399063111","DESENCARCERAMENTO",""
"PORTO ALEGRE","923004","21/07/2026 - 13:37","LOMBA DO PINHEIRO","BC DO ALBINO","AVERIGUAÇÃO/CORTE DE ÁRVORE","ABT-0598","1º BBM / 1ª CIA / 4º PEL / RESTINGA","-30.138966513922693","-51.0979163646698","CORTE TOTAL",""
"PORTO ALEGRE","923030","21/07/2026 - 14:31","CENTRO","GENERAL LIMA E SILVA","INCÊNDIO","ABT-327","1º BBM / 1ª CIA / 1º PEL / AÇORIANOS","-30.035458094623277","-51.22517108917237","EDIFICAÇÃO COMERCIAL | TRANSFORMADOR/REDE ELÉTRICA",""
"PORTO ALEGRE","923042","21/07/2026 - 14:47","MOINHOS DE VENTO","BARÃO DE SANTO ÂNGELO","AVERIGUAÇÃO/CORTE DE ÁRVORE","ABT-0597","1º BBM / 2ª CIA / 1º PEL / FLORESTA","-30.021766455734365","-51.20352029800416","CORTE PARCIAL | VISTORIA",""
"PORTO ALEGRE","923054","21/07/2026 - 15:12","BOA VISTA","FRANCISCO PETUCO","AVERIGUAÇÃO/CORTE DE ÁRVORE","ABT-0600","1º BBM / 2ª CIA / 2º PEL / PASSO D`AREIA","-30.021153394195398","-51.174187498282805","EVENTO EXTREMO | VISTORIA",""
"PORTO ALEGRE","923056","21/07/2026 - 15:16","SÃO JOSÉ","VIDAL DE NEGREIROS","AVERIGUAÇÃO/CORTE DE ÁRVORE","ABT-1364","1º BBM / 2ª CIA / 3º PEL / PARTENON","-30.06771977951847","-51.16755723953247","CORTE TOTAL",""
"PORTO ALEGRE","923090","21/07/2026 - 16:30","SARANDI","FRANCISCO PINTO DA FONTOURA","AÇÕES PREVENTIVAS","ABT-0600","1º BBM / 2ª CIA / 2º PEL / PASSO D`AREIA","-29.994925672087565","-51.134158184506276","APOIO À PESSOA OU INSTITUIÇÃO",""
"PORTO ALEGRE","923106","21/07/2026 - 16:52","CRISTAL","PINHEIRO BORDA","SALVAMENTO/BUSCA/RESGATE","ABT-0596","1º BBM / 1ª CIA / 3º PEL / ASSUNÇÃO","-30.0756767889401","-51.24294876887068","DESLIZAMENTO",""
"PORTO ALEGRE","923109","21/07/2026 - 16:59","CENTRO","RIACHUELO","OCORRÊNCIA NÃO ATENDIDA","AR-0455","1º BBM / 1ª CIA / 2º PEL / TERESÓPOLIS","-30.02858943936018","-51.22441303022402","",""
"PORTO ALEGRE","923141","21/07/2026 - 17:38","CAVALHADA","VINTE E UM DE AGOSTO","SALVAMENTO/BUSCA/RESGATE","ABT-0594","1º BBM / 1ª CIA / 2º PEL / TERESÓPOLIS","-30.103980724348617","-51.22665166854859","DESLIZAMENTO",""
"PORTO ALEGRE","923144","21/07/2026 - 17:44","RESTINGA","RUA HENRIQUE VARGAS","INCÊNDIO","ABT-0599","1º BBM / 1ª CIA / 5º PEL / BELÉM NOVO","-30.150248410955243","-51.12906235436414","TRANSFORMADOR/REDE ELÉTRICA",""
"PORTO ALEGRE","923145","21/07/2026 - 17:47","NAVEGANTES","BRASIL","AVERIGUAÇÃO/CORTE DE ÁRVORE","ABT-0597","1º BBM / 2ª CIA / 1º PEL / FLORESTA","-30.006289097688587","-51.19699707395629","CORTE TOTAL | VISTORIA",""
"PORTO ALEGRE","923155","21/07/2026 - 18:03","SANTA MARIA GORETTI","CAMOATI","INCÊNDIO","ABT-0600","1º BBM / 2ª CIA / 2º PEL / PASSO D`AREIA","-30.004356564777623","-51.171076125911185","MEIO DE TRANSPORTE",""
"PORTO ALEGRE","923165","21/07/2026 - 18:21","JARDIM FLORESTA","AVENIDA SERTORIO","OCORRÊNCIA NÃO ATENDIDA","AR-0455","1º BBM / 1ª CIA / 2º PEL / TERESÓPOLIS","-30.00164802530814","-51.1644682642652","",""
"PORTO ALEGRE","923170","21/07/2026 - 18:35","PRAIA DE BELAS","DOLORES ALCARAZ CALDAS","SALVAMENTO/BUSCA/RESGATE","ABT-327","1º BBM / 1ª CIA / 1º PEL / AÇORIANOS","-30.045823097710812","-51.229789853096015","ELEVADORES",""
"PORTO ALEGRE","923184","21/07/2026 - 19:04","VILA JARDIM","SATURNINO DE BRITO","ATENDIMENTO PRÉ-HOSPITALAR","AR-0455","1º BBM / 1ª CIA / 2º PEL / TERESÓPOLIS","-30.036061108567086","-51.15198430873697","",""
"PORTO ALEGRE","923194","21/07/2026 - 19:38","CAMAQUÃ","JOÃO MOURA","OCORRÊNCIA NÃO ATENDIDA","ABT-0596","1º BBM / 1ª CIA / 3º PEL / ASSUNÇÃO","-30.10739627236658","-51.23271261159242","",""
"PORTO ALEGRE","923200","21/07/2026 - 20:03","NAVEGANTES","ARABUTAN","AVERIGUAÇÃO/CORTE DE ÁRVORE","ABT-0597","1º BBM / 2ª CIA / 1º PEL / FLORESTA","-30.00389202796266","-51.19603132461521","VISTORIA",""
"PORTO ALEGRE","923201","21/07/2026 - 20:17","VILA JARDIM","ITAPEMA","SALVAMENTO/BUSCA/RESGATE","ABT-0600","1º BBM / 2ª CIA / 2º PEL / PASSO D`AREIA","-30.031482700045718","-51.15197894313569","DE ANIMAL",""
"PORTO ALEGRE","923208","21/07/2026 - 20:40","SÃO JOSÉ","SANTA TEREZA","INCÊNDIO","ABT-1364","1º BBM / 2ª CIA / 3º PEL / PARTENON","-30.07769147202054","-51.162879467010505","TRANSFORMADOR/REDE ELÉTRICA",""
"PORTO ALEGRE","923210","21/07/2026 - 20:43","SÃO JOSÉ","PRIMEIRO DE SETEMBRO","SALVAMENTO/BUSCA/RESGATE","ABT-1364","1º BBM / 2ª CIA / 3º PEL / PARTENON","-30.074349117227875","-51.163115501403816","DE ANIMAL",""
"PORTO ALEGRE","923234","21/07/2026 - 21:32","SARANDI","FIGUEIREDO MASCARENHAS","SALVAMENTO/BUSCA/RESGATE","ABT-0600","1º BBM / 2ª CIA / 2º PEL / PASSO D`AREIA","-29.98633033338139","-51.13107914074858","DE ANIMAL",""
"PORTO ALEGRE","923264","21/07/2026 - 22:08","RUBEM BERTA","ESTHER SQUEFF DA SILVA","INCÊNDIO","ABT-0600","1º BBM / 2ª CIA / 2º PEL / PASSO D`AREIA","-30.001717889596982","-51.09209058025117","TRANSFORMADOR/REDE ELÉTRICA",""
"PORTO ALEGRE","923279","21/07/2026 - 22:19","IPANEMA","JOÃO MENDES OURIQUES","AVERIGUAÇÃO/CORTE DE ÁRVORE","ABT-0594","1º BBM / 1ª CIA / 2º PEL / TERESÓPOLIS","-30.138985070733515","-51.22437715530396","CORTE PARCIAL",""
"PORTO ALEGRE","923279","21/07/2026 - 22:19","IPANEMA","JOÃO MENDES OURIQUES","AVERIGUAÇÃO/CORTE DE ÁRVORE","ABT-0596","1º BBM / 1ª CIA / 3º PEL / ASSUNÇÃO","-30.126532673521954","-51.23790630515189","CORTE PARCIAL",""
"PORTO ALEGRE","923279","21/07/2026 - 22:19","IPANEMA","JOÃO MENDES OURIQUES","AVERIGUAÇÃO/CORTE DE ÁRVORE","ABTS-866","BBS / 1ª CIA / 1º PEL / TERRESTRE","-30.138780945622628","-51.22407674789429","CORTE PARCIAL",""
"PORTO ALEGRE","923328","22/07/2026 - 06:42","RUBEM BERTA","DOS MAIAS","AVERIGUAÇÃO/CORTE DE ÁRVORE","ABT-0600","1º BBM / 2ª CIA / 2º PEL / PASSO D`AREIA","-30.00146728261412","-51.09757343683774","CORTE PARCIAL",""
"PORTO ALEGRE","923343","22/07/2026 - 08:25","MARCÍLIO DIAS","PRESIDENTE CASTELO BRANCO","SALVAMENTO/BUSCA/RESGATE","EABS-01","BBS / 2ª CIA / 1º PEL / AQUÁTICA","-29.988164080086325","-51.20842704950139","AFOGAMENTO | DESAPARECIMENTO | SUICÍDIO/TENTATIVA",""
"PORTO ALEGRE","923343","22/07/2026 - 08:25","MARCÍLIO DIAS","PRESIDENTE CASTELO BRANCO","SALVAMENTO/BUSCA/RESGATE","ATP-1190","BBS / 2ª CIA / 2º PEL / MERGULHO","-29.986883611328025","-51.20896536819362","DESAPARECIMENTO",""
"PORTO ALEGRE","923356","22/07/2026 - 08:59","SERRARIA","RUA AGENOR MENDES OURÍQUES","AVERIGUAÇÃO/CORTE DE ÁRVORE","ABT-0596","1º BBM / 1ª CIA / 3º PEL / ASSUNÇÃO","-30.162067078324224","-51.21534213029419","CORTE PARCIAL",""
"PORTO ALEGRE","923364","22/07/2026 - 09:26","FARRAPOS","DONA TEODORA","ATENDIMENTO PRÉ-HOSPITALAR","AR-0455","1º BBM / 1ª CIA / 2º PEL / TERESÓPOLIS","-29.990038060496403","-51.19595646858216","",""
"PORTO ALEGRE","923371","22/07/2026 - 09:46","NAVEGANTES","ARABUTAN","AVERIGUAÇÃO/CORTE DE ÁRVORE","ABT-0597","1º BBM / 2ª CIA / 1º PEL / FLORESTA","-30.00454240144245","-51.19405746459961","CORTE TOTAL",""
"PORTO ALEGRE","923425","22/07/2026 - 12:14","LAMI","ESTRADA DO VAREJÃO","SALVAMENTO/BUSCA/RESGATE","ABT-0599","1º BBM / 1ª CIA / 5º PEL / BELÉM NOVO","-30.225718539984005","-51.07365836314027","CAPOTAMENTO",""
"PORTO ALEGRE","923427","22/07/2026 - 12:19","VILA NOVA","RODRIGUES DA FONSECA","ATENDIMENTO PRÉ-HOSPITALAR","AR-0455","1º BBM / 1ª CIA / 2º PEL / TERESÓPOLIS","-30.116021211364195","-51.210155711192805","",""
"PORTO ALEGRE","923434","22/07/2026 - 13:01","VILA ASSUNÇÃO","CARIRI","AÇÕES PREVENTIVAS","ABT-0596","1º BBM / 1ª CIA / 3º PEL / ASSUNÇÃO","-30.100862027180394","-51.25787258478672","APOIO À PESSOA OU INSTITUIÇÃO",""
"PORTO ALEGRE","923454","22/07/2026 - 13:43","CASCATA","PEDRO MOACYR","ATENDIMENTO PRÉ-HOSPITALAR","AR-0455","1º BBM / 1ª CIA / 2º PEL / TERESÓPOLIS","-30.088961759462578","-51.18153718637815","",""
"PORTO ALEGRE","923507","22/07/2026 - 15:54","TRÊS FIGUEIRAS","GENERAL NESTOR SILVA SOARES","ATENDIMENTO PRÉ-HOSPITALAR","AR-0455","1º BBM / 1ª CIA / 2º PEL / TERESÓPOLIS","-30.029680324910718","-51.17029280255635","",""
"PORTO ALEGRE","923520","22/07/2026 - 16:26","INDEPENDÊNCIA","JARDIM CRISTOFEL","SALVAMENTO/BUSCA/RESGATE","ABT-0597","1º BBM / 2ª CIA / 1º PEL / FLORESTA","-30.02756752005658","-51.21251642704011","DE ANIMAL",""
"PORTO ALEGRE","923532","22/07/2026 - 16:43","RESTINGA","COLISEU","OCORRÊNCIA NÃO ATENDIDA","ABT-0598","1º BBM / 1ª CIA / 4º PEL / RESTINGA","-30.159710849312276","-51.13848209381104","",""
"PORTO ALEGRE","923539","22/07/2026 - 17:02","AUXILIADORA","MARILAND","ATENDIMENTO PRÉ-HOSPITALAR","AR-0455","1º BBM / 1ª CIA / 2º PEL / TERESÓPOLIS","-30.02209158441087","-51.193810701370246","",""
"PORTO ALEGRE","923550","22/07/2026 - 17:46","SANTA TEREZA","CORRÊA LIMA","INCÊNDIO","ABT-327","1º BBM / 1ª CIA / 1º PEL / AÇORIANOS","-30.06906146704279","-51.22446835041047","TRANSFORMADOR/REDE ELÉTRICA",""
"PORTO ALEGRE","923592","22/07/2026 - 20:00","GLÓRIA","PROFESSOR OSCAR PEREIRA","ATENDIMENTO PRÉ-HOSPITALAR","ABT-0594","1º BBM / 1ª CIA / 2º PEL / TERESÓPOLIS","-30.086956631807478","-51.1877703666687","",""
"PORTO ALEGRE","923593","22/07/2026 - 20:05","JARDIM CARVALHO","SALVADOR FORTIS","SALVAMENTO/BUSCA/RESGATE","ABT-1364","1º BBM / 2ª CIA / 3º PEL / PARTENON","-30.044290705886766","-51.14653944969178","DE ANIMAL",""
"PORTO ALEGRE","923597","22/07/2026 - 20:27","SANTANA","AUGUSTO PESTANA","AÇÕES PREVENTIVAS","ABT-327","1º BBM / 1ª CIA / 1º PEL / AÇORIANOS","-30.039015381871273","-51.20878815650941","APOIO À PESSOA OU INSTITUIÇÃO",""
"PORTO ALEGRE","923598","22/07/2026 - 20:39","AUXILIADORA","ARTUR ROCHA","AVERIGUAÇÃO/CORTE DE ÁRVORE","ABT-0597","1º BBM / 2ª CIA / 1º PEL / FLORESTA","-30.023234171017105","-51.188864707946784","CORTE TOTAL",""
"PORTO ALEGRE","923601","22/07/2026 - 20:53","PRAIA DE BELAS","PADRE CACIQUE","AÇÕES PREVENTIVAS","ABT-327","1º BBM / 1ª CIA / 1º PEL / AÇORIANOS","-30.064154237774403","-51.23471975326538","APOIO À PESSOA OU INSTITUIÇÃO",""
"PORTO ALEGRE","923601","22/07/2026 - 20:53","PRAIA DE BELAS","PADRE CACIQUE","AÇÕES PREVENTIVAS","AR-0455","1º BBM / 1ª CIA / 2º PEL / TERESÓPOLIS","-30.065465044201726","-51.23593678833019","FESTAS E EVENTOS",""
"PORTO ALEGRE","923607","22/07/2026 - 21:47","SANTO ANTÔNIO","RUA PADRE ANTONIO VIEIRA","INCÊNDIO","ABT-1364","1º BBM / 2ª CIA / 3º PEL / PARTENON","-30.060217136224946","-51.20266199111939","EDIFICAÇÃO MULTIFAMILIAR",""
"PORTO ALEGRE","923615","22/07/2026 - 22:54","PARTENON","BENTO GONÇALVES","INCÊNDIO","ABT-1364","1º BBM / 2ª CIA / 3º PEL / PARTENON","-30.05925140815715","-51.19302749633789","TRANSFORMADOR/REDE ELÉTRICA",""
"PORTO ALEGRE","923624","22/07/2026 - 23:58","TRISTEZA","OTTO NIEMEYER","AVERIGUAÇÃO/CORTE DE ÁRVORE","ABT-0596","1º BBM / 1ª CIA / 3º PEL / ASSUNÇÃO","-30.107897528108158","-51.2479806640355","CORTE TOTAL",""
"PORTO ALEGRE","923627","23/07/2026 - 00:26","NAVEGANTES","ARABUTAN","AVERIGUAÇÃO/CORTE DE ÁRVORE","ABT-0597","1º BBM / 2ª CIA / 1º PEL / FLORESTA","-30.004393745022906","-51.19444370269776","CORTE TOTAL",""
"PORTO ALEGRE","923629","23/07/2026 - 00:43","BOM FIM","GARIBALDI","AVERIGUAÇÃO/CORTE DE ÁRVORE","ABT-327","1º BBM / 1ª CIA / 1º PEL / AÇORIANOS","-30.032392966641055","-51.21520400047303","CORTE TOTAL",""
"PORTO ALEGRE","923630","23/07/2026 - 00:43","JARDIM BOTÂNICO","OITO DE JULHO","AVERIGUAÇÃO/CORTE DE ÁRVORE","ABT-1364","1º BBM / 2ª CIA / 3º PEL / PARTENON","-30.055536981643236","-51.18483066558838","CORTE TOTAL",""
"PORTO ALEGRE","923631","23/07/2026 - 01:01","GLÓRIA","PROFESSOR OSCAR PEREIRA","AVERIGUAÇÃO/CORTE DE ÁRVORE","ABT-0594","1º BBM / 1ª CIA / 2º PEL / TERESÓPOLIS","-30.08678953240282","-51.18772745132447","CORTE TOTAL",""
"PORTO ALEGRE","923647","23/07/2026 - 05:21","AZENHA","IPIRANGA","SALVAMENTO/BUSCA/RESGATE","ABT-0597","1º BBM / 2ª CIA / 1º PEL / FLORESTA","-30.047606214718904","-51.21622323989868","REMOÇÃO DE FONTE DE PERIGO",""
"PORTO ALEGRE","923662","23/07/2026 - 08:07","SÃO JOSÉ","TRAVESSA SÃO GUILHERME","AVERIGUAÇÃO/CORTE DE ÁRVORE","ABT-1364","1º BBM / 2ª CIA / 3º PEL / PARTENON","-30.07500838463354","-51.15877009311712","CORTE PARCIAL",""
"PORTO ALEGRE","923671","23/07/2026 - 09:05","SANTA TEREZA","JORACY CAMARGO","ATENDIMENTO PRÉ-HOSPITALAR","AR-0455","1º BBM / 1ª CIA / 2º PEL / TERESÓPOLIS","-30.075370404283156","-51.21869087219239","",""
"PORTO ALEGRE","923692","23/07/2026 - 10:00","SANTANA","FERREIRA DE ABREU","AÇÕES PREVENTIVAS","ABT-327","1º BBM / 1ª CIA / 1º PEL / AÇORIANOS","-30.040715032779538","-51.20867013931275","INSPEÇÃO/REMOÇÃO DE FONTE DE PERIGO",""
"PORTO ALEGRE","923717","23/07/2026 - 11:00","CENTRO","GENERAL BENTO MARTINS","AÇÕES PREVENTIVAS","ABT-327","1º BBM / 1ª CIA / 1º PEL / AÇORIANOS","-30.030795347202265","-51.23550295829774","APOIO À PESSOA OU INSTITUIÇÃO",""
"PORTO ALEGRE","923726","23/07/2026 - 11:10","PARTENON","AV. IPIRANGA","SALVAMENTO/BUSCA/RESGATE","ABT-0597","1º BBM / 2ª CIA / 1º PEL / FLORESTA","-30.047921971676974","-51.19642505008992","DE ANIMAL",""
"PORTO ALEGRE","923727","23/07/2026 - 11:14","LOMBA DO PINHEIRO","ORQUÍDEA","AÇÕES PREVENTIVAS","ABT-0598","1º BBM / 1ª CIA / 4º PEL / RESTINGA","-30.117605311603324","-51.10981464385987","ACIDENTES DOMÉSTICOS",""
"PORTO ALEGRE","923746","23/07/2026 - 12:37","ESPÍRITO SANTO","VICTOR ISSLER","AVERIGUAÇÃO/MANEJO DE INSETOS","ABT-0599","1º BBM / 1ª CIA / 5º PEL / BELÉM NOVO","-30.152883141853916","-51.217317581176765","VISTORIA",""
"PORTO ALEGRE","923747","23/07/2026 - 12:39","MENINO DEUS","ANTENOR LEMOS","OCORRÊNCIA NÃO ATENDIDA","ABT-327","1º BBM / 1ª CIA / 1º PEL / AÇORIANOS","-30.061034283385787","-51.229526996612556","",""
"PORTO ALEGRE","923759","23/07/2026 - 13:34","AZENHA","AVENIDA BENTO GONÇALVES","OCORRÊNCIA NÃO ATENDIDA","AR-0455","1º BBM / 1ª CIA / 2º PEL / TERESÓPOLIS","-30.051228072317656","-51.208798885345466","",""
"PORTO ALEGRE","923772","23/07/2026 - 14:08","NONOAI","RUA CANGUSSU","SALVAMENTO/BUSCA/RESGATE","ABT-0594","1º BBM / 1ª CIA / 2º PEL / TERESÓPOLIS","-30.088033487864525","-51.21896982192994","DE ANIMAL",""
"PORTO ALEGRE","923797","23/07/2026 - 15:29","LOMBA DO PINHEIRO","GERVASIO BRAGA PINHEIRO","OCORRÊNCIA NÃO ATENDIDA","AR-0455","1º BBM / 1ª CIA / 2º PEL / TERESÓPOLIS","-30.12350747855086","-51.09816312789918","",""
"PORTO ALEGRE","923823","23/07/2026 - 16:43","SANTANA","RUA SÃO LUIS","ATENDIMENTO PRÉ-HOSPITALAR","AR-0455","1º BBM / 1ª CIA / 2º PEL / TERESÓPOLIS","-30.049983654129882","-51.202812194824226","",""
"PORTO ALEGRE","923830","23/07/2026 - 16:57","PONTA GROSSA","DOMIENSE SILVA","AVERIGUAÇÃO/CORTE DE ÁRVORE","ABT-0599","1º BBM / 1ª CIA / 5º PEL / BELÉM NOVO","-30.18549602210943","-51.21656656265259","CORTE PARCIAL",""
"PORTO ALEGRE","923859","23/07/2026 - 18:34","AZENHA","LUIZ ROSSETTI","ATENDIMENTO PRÉ-HOSPITALAR","AR-0455","1º BBM / 1ª CIA / 2º PEL / TERESÓPOLIS","-30.053196821392653","-51.215837001800544","",""
"PORTO ALEGRE","923865","23/07/2026 - 18:53","ANCHIETA","JOSÉ LUTZEMBERGER","AVERIGUAÇÃO/MANEJO DE INSETOS","ABT-0597","1º BBM / 2ª CIA / 1º PEL / FLORESTA","-29.977799245570875","-51.17650526916449","EXTERMÍNIO",""
"PORTO ALEGRE","923872","23/07/2026 - 19:37","PARTENON","SÍLVIO ROMERO","SALVAMENTO/BUSCA/RESGATE","ABT-327","1º BBM / 1ª CIA / 1º PEL / AÇORIANOS","-30.066011306794017","-51.19096755981446","DE ANIMAL",""
"PORTO ALEGRE","923874","23/07/2026 - 19:52","CRISTAL","CHUÍ","ATENDIMENTO PRÉ-HOSPITALAR","AR-0455","1º BBM / 1ª CIA / 2º PEL / TERESÓPOLIS","-30.082333444126512","-51.24263763427735","",""
"PORTO ALEGRE","923909","23/07/2026 - 23:38","MENINO DEUS","IPIRANGA","OCORRÊNCIA NÃO ATENDIDA","AR-0455","1º BBM / 1ª CIA / 2º PEL / TERESÓPOLIS","-30.0484977611856","-51.21826171875001","",""
"PORTO ALEGRE","923915","24/07/2026 - 01:02","VILA NOVA","JOSE ALVES DE CASTRO","INCÊNDIO","ABT-0594","1º BBM / 1ª CIA / 2º PEL / TERESÓPOLIS","-30.116714387840176","-51.20225429534912","EDIFICAÇÃO RESIDENCIAL UNIFAMILIAR",""
"PORTO ALEGRE","923915","24/07/2026 - 01:02","VILA NOVA","JOSE ALVES DE CASTRO","INCÊNDIO","ABT-0596","1º BBM / 1ª CIA / 3º PEL / ASSUNÇÃO","-30.115470759354615","-51.19890647218125","EDIFICAÇÃO RESIDENCIAL UNIFAMILIAR",""
"PORTO ALEGRE","923916","24/07/2026 - 01:11","SANTA TEREZA","FRANCISCO MASSENA VIEIRA","SALVAMENTO/BUSCA/RESGATE","ABT-327","1º BBM / 1ª CIA / 1º PEL / AÇORIANOS","-30.073188550959827","-51.21892154216767","DE ANIMAL",""
"PORTO ALEGRE","923921","24/07/2026 - 04:01","PASSO DAREIA","JOÃO WALLIG","INCÊNDIO","ABT-0600","1º BBM / 2ª CIA / 2º PEL / PASSO D`AREIA","-30.029272009275847","-51.16431710790899","TRANSFORMADOR/REDE ELÉTRICA",""
"PORTO ALEGRE","923995","24/07/2026 - 11:12","CRISTO REDENTOR","AV DO FORTE, 511","OCORRÊNCIA NÃO ATENDIDA","AR-0455","1º BBM / 1ª CIA / 2º PEL / TERESÓPOLIS","-30.01478057636162","-51.15272998809815","",""
"PORTO ALEGRE","924003","24/07/2026 - 11:35","PETRÓPOLIS","CORONEL LUCAS DE OLIVEIRA","SALVAMENTO/BUSCA/RESGATE","ABT-0597","1º BBM / 2ª CIA / 1º PEL / FLORESTA","-30.046176008833122","-51.19579553604126","DE ANIMAL",""
"PORTO ALEGRE","924014","24/07/2026 - 12:33","GLÓRIA","CORONEL APARÍCIO BORGES","ATENDIMENTO PRÉ-HOSPITALAR","AR-0455","1º BBM / 1ª CIA / 2º PEL / TERESÓPOLIS","-30.070468130277877","-51.189379692077644","",""
"PORTO ALEGRE","924051","24/07/2026 - 14:42","SANTA CECÍLIA","SÃO MANOEL","ATENDIMENTO PRÉ-HOSPITALAR","AR-0455","1º BBM / 1ª CIA / 2º PEL / TERESÓPOLIS","-30.03870888434231","-51.20515108108521","",""
"PORTO ALEGRE","924068","24/07/2026 - 15:27","HÍPICA","R. JOÃO COSTI","AVERIGUAÇÃO/MANEJO DE INSETOS","ABT-0598","1º BBM / 1ª CIA / 4º PEL / RESTINGA","-30.16373674871702","-51.17661237716675","VISTORIA",""
"PORTO ALEGRE","924080","24/07/2026 - 16:13","CAMAQUÃ","AV OTTO NIEMEYER","SALVAMENTO/BUSCA/RESGATE","ABT-0594","1º BBM / 1ª CIA / 2º PEL / TERESÓPOLIS","-30.103089677716547","-51.23392581939698","DE ANIMAL",""
"PORTO ALEGRE","924094","24/07/2026 - 16:58","NONOAI","DO SORRISO","AÇÕES PREVENTIVAS","ABT-0594","1º BBM / 1ª CIA / 2º PEL / TERESÓPOLIS","-30.087476494816315","-51.22414112091065","EVENTO EXTREMO",""
"PORTO ALEGRE","924118","24/07/2026 - 17:58","RESTINGA","AC. S-TRÊS","INCÊNDIO","ABT-0598","1º BBM / 1ª CIA / 4º PEL / RESTINGA","-30.1463704043613","-51.150949001312256","TRANSFORMADOR/REDE ELÉTRICA",""
"PORTO ALEGRE","924119","24/07/2026 - 18:01","MORRO SANTANA","AV. PROTÁSIO ALVES","INCÊNDIO","ABT-0597","1º BBM / 2ª CIA / 1º PEL / FLORESTA","-30.03921042525971","-51.11058712005616","EDIFICAÇÃO COMERCIAL",""
"PORTO ALEGRE","924123","24/07/2026 - 18:14","PRAIA DE BELAS","IPIRANGA","ATENDIMENTO PRÉ-HOSPITALAR","AR-0455","1º BBM / 1ª CIA / 2º PEL / TERESÓPOLIS","-30.04781052815966","-51.23270273208619","",""
"PORTO ALEGRE","924146","24/07/2026 - 19:33","NONOAI","COSTA LIMA","ATENDIMENTO PRÉ-HOSPITALAR","AR-0455","1º BBM / 1ª CIA / 2º PEL / TERESÓPOLIS","-30.08406020215949","-51.213562488555915","",""
"PORTO ALEGRE","924153","24/07/2026 - 20:31","RESTINGA","CAROLINA","ATENDIMENTO PRÉ-HOSPITALAR","ABT-0598","1º BBM / 1ª CIA / 4º PEL / RESTINGA","-30.156241393997956","-51.14221572875977","",""
"PORTO ALEGRE","924159","24/07/2026 - 20:49","VILA JARDIM","FRANCISCO DE AQUINO","INCÊNDIO","ABT-0600","1º BBM / 2ª CIA / 2º PEL / PASSO D`AREIA","-30.034585003043283","-51.149425460324814","TRANSFORMADOR/REDE ELÉTRICA",""
"PORTO ALEGRE","924162","24/07/2026 - 20:52","CAVALHADA","AVENIDA CAVALHADA","ATENDIMENTO PRÉ-HOSPITALAR","AR-0455","1º BBM / 1ª CIA / 2º PEL / TERESÓPOLIS","-30.109512459082676","-51.22514963150025","",""
"PORTO ALEGRE","924170","24/07/2026 - 21:40","PARTENON","AV. BENTO GONÇALVES","AÇÕES PREVENTIVAS","ABT-1364","1º BBM / 2ª CIA / 3º PEL / PARTENON","-30.05889853289749","-51.1938000353251","RESGATE",""
"PORTO ALEGRE","924174","24/07/2026 - 21:57","HUMAITÁ","AIRTON FERREIRA DA SILVA","SALVAMENTO/BUSCA/RESGATE","ABT-0597","1º BBM / 2ª CIA / 1º PEL / FLORESTA","-29.979472065528373","-51.18721246719361","DE ANIMAL",""
"PORTO ALEGRE","924198","25/07/2026 - 02:04","RUBEM BERTA","ADAIL LOPES DA CUNHA","INCÊNDIO","ABT-0600","1º BBM / 2ª CIA / 2º PEL / PASSO D`AREIA","-30.003185824618534","-51.099386615088996","TRANSFORMADOR/REDE ELÉTRICA",""
"PORTO ALEGRE","924216","25/07/2026 - 07:44","ABERTA DOS MORROS","CARIBE","AÇÕES PREVENTIVAS","ABT-0596","1º BBM / 1ª CIA / 3º PEL / ASSUNÇÃO","-30.137766499414568","-51.21806798752081","PALESTRAS/TREINAMENTOS EXTERNOS | PROGRAMA BOMBEIRO NA ESCOLA",""
"PORTO ALEGRE","924223","25/07/2026 - 08:51","PASSO DAREIA","BARÃO DE ITAQUI","SALVAMENTO/BUSCA/RESGATE","ABT-0600","1º BBM / 2ª CIA / 2º PEL / PASSO D`AREIA","-30.009596583007554","-51.16775031561934","DE ANIMAL",""
"PORTO ALEGRE","924246","25/07/2026 - 10:02","ARQUIPÉLAGO","BR 290","SALVAMENTO/BUSCA/RESGATE","EAL-1588","BBS / 2ª CIA / 1º PEL / AQUÁTICA","-29.975011149702052","-51.20272636413575","DESAPARECIMENTO | INUNDAÇÃO/ENXURRADA/ALAGAMENTO",""
"PORTO ALEGRE","924247","25/07/2026 - 10:05","LAMI","ESTRADA OTAVIANO JOSE PINTO","AVERIGUAÇÃO/CORTE DE ÁRVORE","ABT-0599","1º BBM / 1ª CIA / 5º PEL / BELÉM NOVO","-30.237898879883886","-51.08775611722952","VISTORIA",""
"PORTO ALEGRE","924249","25/07/2026 - 10:22","MOINHOS DE VENTO","PADRE CHAGAS","AVERIGUAÇÃO/CORTE DE ÁRVORE","ABT-0597","1º BBM / 2ª CIA / 1º PEL / FLORESTA","-30.024423190252268","-51.20255476513088","CORTE PARCIAL | VISTORIA",""
"PORTO ALEGRE","924253","25/07/2026 - 10:25","RUBEM BERTA","EDU LASCASAS","AÇÕES PREVENTIVAS","ABT-0600","1º BBM / 2ª CIA / 2º PEL / PASSO D`AREIA","-30.000714015470678","-51.09228309452453","APOIO À PESSOA OU INSTITUIÇÃO",""
"PORTO ALEGRE","924265","25/07/2026 - 10:50","LOMBA DO PINHEIRO","ESTR. JOÃO DE OLIVEIRA REMIÃO","ATENDIMENTO PRÉ-HOSPITALAR","AR-0455","1º BBM / 1ª CIA / 2º PEL / TERESÓPOLIS","-30.108343810478612","-51.1130140165802","",""
"PORTO ALEGRE","924270","25/07/2026 - 11:09","LAMI","ESTRADA OTAVIANO JOSE PINTO","AÇÕES PREVENTIVAS","ABT-0599","1º BBM / 1ª CIA / 5º PEL / BELÉM NOVO","-30.23496980353519","-51.06812236311727","VISTORIA DE HIDRANTES",""
"PORTO ALEGRE","924272","25/07/2026 - 11:10","LAMI","BECO DO PONTAL","AÇÕES PREVENTIVAS","ABT-0599","1º BBM / 1ª CIA / 5º PEL / BELÉM NOVO","-30.236916351343147","-51.09533084616261","VISTORIA DE HIDRANTES",""
"PORTO ALEGRE","924283","25/07/2026 - 11:51","ARQUIPÉLAGO","RUA SANTA RITA DE CASSIA","SALVAMENTO/BUSCA/RESGATE","EAL-1588","BBS / 2ª CIA / 1º PEL / AQUÁTICA","-29.992574847045326","-51.22360467910767","SUICÍDIO/TENTATIVA",""
"PORTO ALEGRE","924288","25/07/2026 - 12:05","MENINO DEUS","BARÃO DO TRIUNFO","SALVAMENTO/BUSCA/RESGATE","ABT-327","1º BBM / 1ª CIA / 1º PEL / AÇORIANOS","-30.052175305531616","-51.219828128814704","ELEVADORES",""
"PORTO ALEGRE","924290","25/07/2026 - 12:17","ANCHIETA","BR 290 FREEWAY","INCÊNDIO","ABT-0600","1º BBM / 2ª CIA / 2º PEL / PASSO D`AREIA","-29.969155896052758","-51.168115158836294","MEIO DE TRANSPORTE",""
"PORTO ALEGRE","924292","25/07/2026 - 12:25","MEDIANEIRA","PROFESSOR CLEMENTE PINTO","ATENDIMENTO PRÉ-HOSPITALAR","AR-0455","1º BBM / 1ª CIA / 2º PEL / TERESÓPOLIS","-30.070809118607507","-51.21314944977719","",""
"PORTO ALEGRE","924295","25/07/2026 - 12:35","VILA ASSUNÇÃO","GOITACAZ","AÇÕES PREVENTIVAS","ABT-0596","1º BBM / 1ª CIA / 3º PEL / ASSUNÇÃO","-30.10302006450906","-51.26367688344257","VISTORIA DE HIDRANTES",""
"PORTO ALEGRE","924297","25/07/2026 - 12:37","VILA ASSUNÇÃO","DOUTOR POSSIDÔNIO DA CUNHA","AÇÕES PREVENTIVAS","ABT-0596","1º BBM / 1ª CIA / 3º PEL / ASSUNÇÃO","-30.1024854","-51.2586351","VISTORIA DE HIDRANTES",""
"PORTO ALEGRE","924325","25/07/2026 - 14:27","CAMPO NOVO","MAURILIO FERREIRA","INCÊNDIO","ABT-0599","1º BBM / 1ª CIA / 5º PEL / BELÉM NOVO","-30.13373335403941","-51.191804456657344","EDIFICAÇÃO RESIDENCIAL UNIFAMILIAR",""
"PORTO ALEGRE","924326","25/07/2026 - 14:28","SANTA TEREZA","CORRÊA LIMA","INCÊNDIO","ABT-327","1º BBM / 1ª CIA / 1º PEL / AÇORIANOS","-30.061656424996986","-51.22076153755188","MEIO DE TRANSPORTE",""
"PORTO ALEGRE","924328","25/07/2026 - 14:30","TERESÓPOLIS","OTÁVIO FARIA","ATENDIMENTO PRÉ-HOSPITALAR","AR-0455","1º BBM / 1ª CIA / 2º PEL / TERESÓPOLIS","-30.082974733126026","-51.209283209512","",""
"PORTO ALEGRE","924331","25/07/2026 - 14:44","CENTRO","VIGÁRIO JOSÉ INÁCIO","AÇÕES PREVENTIVAS","ABT-327","1º BBM / 1ª CIA / 1º PEL / AÇORIANOS","-30.02744212033423","-51.22551441192628","VISTORIA DE HIDRANTES",""
"PORTO ALEGRE","924332","25/07/2026 - 14:45","JARDIM ITU SABARÁ","DESEMBARGADOR JOÃO PEREIRA DE SAMPAIO","AVERIGUAÇÃO/MANEJO DE INSETOS","ABT-0600","1º BBM / 2ª CIA / 2º PEL / PASSO D`AREIA","-30.03243011729343","-51.13728046747715","VISTORIA",""
"PORTO ALEGRE","924338","25/07/2026 - 15:08","MENINO DEUS","VICENTE LOPES DOS SANTOS","AVERIGUAÇÃO/MANEJO DE INSETOS","ABT-327","1º BBM / 1ª CIA / 1º PEL / AÇORIANOS","-30.05308074057548","-51.226345896720886","VISTORIA",""
"PORTO ALEGRE","924341","25/07/2026 - 15:16","TRISTEZA","OTTO NIEMEYER","AVERIGUAÇÃO/CORTE DE ÁRVORE","ABT-0596","1º BBM / 1ª CIA / 3º PEL / ASSUNÇÃO","-30.109145876596685","-51.25173062274709","CORTE PARCIAL | EVENTO EXTREMO",""
"PORTO ALEGRE","924347","25/07/2026 - 15:41","JARDIM LINDÓIA","LIBANEZA","AÇÕES PREVENTIVAS","ABT-0600","1º BBM / 2ª CIA / 2º PEL / PASSO D`AREIA","-30.00521134899518","-51.151099165359675","APOIO À PESSOA OU INSTITUIÇÃO",""
"PORTO ALEGRE","924350","25/07/2026 - 15:55","RESTINGA","AV.  ECONOMISTA NILO WULFF","AÇÕES PREVENTIVAS","ABT-0598","1º BBM / 1ª CIA / 4º PEL / RESTINGA","-30.147409502419162","-51.15283727645875","VISTORIA DE HIDRANTES",""
"PORTO ALEGRE","924351","25/07/2026 - 15:56","RESTINGA","AV.  ECONOMISTA NILO WULFF","AÇÕES PREVENTIVAS","ABT-0598","1º BBM / 1ª CIA / 4º PEL / RESTINGA","-30.150137082747882","-51.14603519439698","VISTORIA DE HIDRANTES",""
"PORTO ALEGRE","924353","25/07/2026 - 16:03","PRAIA DE BELAS","AV. AURELIANO DE FIGUEIREDO PINTO","ATENDIMENTO PRÉ-HOSPITALAR","AR-0455","1º BBM / 1ª CIA / 2º PEL / TERESÓPOLIS","-30.04020111666376","-51.23310164602253","",""
"PORTO ALEGRE","924360","25/07/2026 - 16:35","RIO BRANCO","AVENIDA GOETHE","INCÊNDIO","ABT-0597","1º BBM / 2ª CIA / 1º PEL / FLORESTA","-30.030089414130646","-51.201739329563","CONTAINER",""
"PORTO ALEGRE","924388","25/07/2026 - 18:20","LOMBA DO PINHEIRO","ESTRADA JOÃO DE OLIVEIRA REMIÃO","ATENDIMENTO PRÉ-HOSPITALAR","AR-0455","1º BBM / 1ª CIA / 2º PEL / TERESÓPOLIS","-30.13439339728961","-51.09518898236767","",""
"PORTO ALEGRE","924399","25/07/2026 - 19:11","RESTINGA","IGNES E FAGUNDES","ATENDIMENTO PRÉ-HOSPITALAR","AR-0455","1º BBM / 1ª CIA / 2º PEL / TERESÓPOLIS","-30.146467831594475","-51.14644160774723","",""
"PORTO ALEGRE","924401","25/07/2026 - 19:11","FLORESTA","FARRAPOS","AÇÕES PREVENTIVAS","ABT-0597","1º BBM / 2ª CIA / 1º PEL / FLORESTA","-30.02015008591795","-51.210709040092844","VISTORIA DE HIDRANTES",""
"PORTO ALEGRE","924402","25/07/2026 - 19:12","SÃO GERALDO","POLÔNIA","AÇÕES PREVENTIVAS","ABT-0597","1º BBM / 2ª CIA / 1º PEL / FLORESTA","-30.010023951376134","-51.198221592155974","VISTORIA DE HIDRANTES",""
"PORTO ALEGRE","924415","25/07/2026 - 20:07","FLORESTA","PARAÍBA","ATENDIMENTO PRÉ-HOSPITALAR","ABT-0597","1º BBM / 2ª CIA / 1º PEL / FLORESTA","-30.018254998095916","-51.21006459874658","",""
"PORTO ALEGRE","924416","25/07/2026 - 20:09","SARANDI","SALVADOR LEÃO","INCÊNDIO","ABT-0600","1º BBM / 2ª CIA / 2º PEL / PASSO D`AREIA","-29.996570387892564","-51.12751720683424","EDIFICAÇÃO RESIDENCIAL UNIFAMILIAR",""
"PORTO ALEGRE","924421","25/07/2026 - 20:27","JARDIM CARVALHO","ARISTIDES ROSA","ATENDIMENTO PRÉ-HOSPITALAR","ABT-1364","1º BBM / 2ª CIA / 3º PEL / PARTENON","-30.059455697572478","-51.14129304885865","",""
"PORTO ALEGRE","924423","25/07/2026 - 20:30","SANTA TEREZA","NOSSA SENHORA DO BRASIL","SALVAMENTO/BUSCA/RESGATE","ABT-327","1º BBM / 1ª CIA / 1º PEL / AÇORIANOS","-30.06955821178906","-51.22349739074708","OBJETO EM LOCAL DE RISCO",""
"PORTO ALEGRE","924424","25/07/2026 - 20:32","JARDIM CARVALHO","FRANCISCO VALDOMIRO LORENZ","AÇÕES PREVENTIVAS","ABT-1364","1º BBM / 2ª CIA / 3º PEL / PARTENON","-30.055295539096676","-51.145648956298835","VISTORIA DE HIDRANTES",""
"PORTO ALEGRE","924426","25/07/2026 - 20:33","JARDIM CARVALHO","JOSÉ MADRID","AÇÕES PREVENTIVAS","ABT-1364","1º BBM / 2ª CIA / 3º PEL / PARTENON","-30.050986619265046","-51.15180730819703","VISTORIA DE HIDRANTES",""
"PORTO ALEGRE","924437","25/07/2026 - 21:42","AZENHA","PROFESSOR OSCAR PEREIRA","ATENDIMENTO PRÉ-HOSPITALAR","AR-0455","1º BBM / 1ª CIA / 2º PEL / TERESÓPOLIS","-30.060644282173126","-51.20701789855958","",""
"PORTO ALEGRE","924450","25/07/2026 - 22:47","JARDIM CARVALHO","BECO DOS MARIANOS","ATENDIMENTO PRÉ-HOSPITALAR","AR-0455","1º BBM / 1ª CIA / 2º PEL / TERESÓPOLIS","-30.066791265392055","-51.14453315734864","",""
"PORTO ALEGRE","924451","25/07/2026 - 22:51","VILA NOVA","AVENIDA JOÃO SALOMONI","SALVAMENTO/BUSCA/RESGATE","ABT-0594","1º BBM / 1ª CIA / 2º PEL / TERESÓPOLIS","-30.11385595318383","-51.21693134307861","DE ANIMAL",""
"PORTO ALEGRE","924455","25/07/2026 - 23:16","AGRONOMIA","ANTÔNIO DE CARVALHO","ATENDIMENTO PRÉ-HOSPITALAR","AR-0455","1º BBM / 1ª CIA / 2º PEL / TERESÓPOLIS","-30.06534276596084","-51.151399612426765","",""
"PORTO ALEGRE","924465","26/07/2026 - 00:21","FARROUPILHA","JOÃO PESSOA","ATENDIMENTO PRÉ-HOSPITALAR","AR-0455","1º BBM / 1ª CIA / 2º PEL / TERESÓPOLIS","-30.046268879972118","-51.212317943573005","",""
"PORTO ALEGRE","924466","26/07/2026 - 00:29","SANTO ANTÔNIO","DOUTOR VOLTAIRE PIRES","INCÊNDIO","ABT-327","1º BBM / 1ª CIA / 1º PEL / AÇORIANOS","-30.05540697419132","-51.20399236679077","CONTAINER | LIXO",""
"PORTO ALEGRE","924472","26/07/2026 - 01:38","NONOAI","CRUZ ALTA","SALVAMENTO/BUSCA/RESGATE","ABT-0594","1º BBM / 1ª CIA / 2º PEL / TERESÓPOLIS","-30.086455332746453","-51.22085809707642","DE ANIMAL",""
"PORTO ALEGRE","924481","26/07/2026 - 06:14","SANTANA","AVENIDA JERONIMO DE ORNELAS","INCÊNDIO","ABT-327","1º BBM / 1ª CIA / 1º PEL / AÇORIANOS","-30.040547855294562","-51.20978593826295","CONTAINER",""
"PORTO ALEGRE","924494","26/07/2026 - 08:46","NAVEGANTES","BR 290","SALVAMENTO/BUSCA/RESGATE","EABS-01","BBS / 2ª CIA / 1º PEL / AQUÁTICA","-29.98935971464742","-51.21017217636109","AFOGAMENTO | SUICÍDIO/TENTATIVA",""
"PORTO ALEGRE","924504","26/07/2026 - 09:30","SÃO JOSÉ","9 DE JUNHO","INCÊNDIO","ABT-1364","1º BBM / 2ª CIA / 3º PEL / PARTENON","-30.075036166043734","-51.160604953765876","TRANSFORMADOR/REDE ELÉTRICA",""
"PORTO ALEGRE","924508","26/07/2026 - 09:56","CAVALHADA","PROFESSOR JORGE BAHLIS","AVERIGUAÇÃO/CORTE DE ÁRVORE","ABT-0596","1º BBM / 1ª CIA / 3º PEL / ASSUNÇÃO","-30.111498623532","-51.22963423540137","CORTE PARCIAL",""
"PORTO ALEGRE","924512","26/07/2026 - 10:15","BOM FIM","FELIPE CAMARÃO","AÇÕES PREVENTIVAS","ABT-0597","1º BBM / 2ª CIA / 1º PEL / FLORESTA","-30.03420109400862","-51.209828786823905","ACIDENTES DOMÉSTICOS",""
"PORTO ALEGRE","924533","26/07/2026 - 11:15","PASSO DAS PEDRAS","TENENTE ARY TARRAGÔ","PRODUTOS PERIGOSOS","ABT-0600","1º BBM / 2ª CIA / 2º PEL / PASSO D`AREIA","-30.026763890051985","-51.13157233342402","EXPLOSIVO",""
"PORTO ALEGRE","924547","26/07/2026 - 12:18","RUBEM BERTA","CARMELITA GRIPPI","AVERIGUAÇÃO/MANEJO DE INSETOS","ABT-0600","1º BBM / 2ª CIA / 2º PEL / PASSO D`AREIA","-30.003738733372657","-51.09024492053967","VISTORIA",""
"PORTO ALEGRE","924549","26/07/2026 - 12:29","CAVALHADA","EDUARDO PRADO","ATENDIMENTO PRÉ-HOSPITALAR","AR-0455","1º BBM / 1ª CIA / 2º PEL / TERESÓPOLIS","-30.13581983361883","-51.218901034007146","",""
"PORTO ALEGRE","924558","26/07/2026 - 13:31","VILA JARDIM","JOÃO PAETZEL","INCÊNDIO","ABT-0600","1º BBM / 2ª CIA / 2º PEL / PASSO D`AREIA","-30.038708982134924","-51.15981215674363","TRANSFORMADOR/REDE ELÉTRICA",""
"PORTO ALEGRE","924568","26/07/2026 - 14:35","CENTRO","JÚLIO DE CASTILHOS","AÇÕES PREVENTIVAS","ABT-327","1º BBM / 1ª CIA / 1º PEL / AÇORIANOS","-30.025672574005977","-51.2243664264679","VISTORIA DE HIDRANTES",""
"PORTO ALEGRE","924569","26/07/2026 - 14:35","CENTRO","GENERAL CÂMARA","AÇÕES PREVENTIVAS","ABT-327","1º BBM / 1ª CIA / 1º PEL / AÇORIANOS","-30.029118747947802","-51.23001515865326","VISTORIA DE HIDRANTES",""
"PORTO ALEGRE","924580","26/07/2026 - 15:36","GUARUJÁ","RUA TRÊS","INCÊNDIO","ABT-0599","1º BBM / 1ª CIA / 5º PEL / BELÉM NOVO","-30.15926557845281","-51.212596722635524","LIXO | TERRENO BALDIO",""
"PORTO ALEGRE","924588","26/07/2026 - 16:41","ABERTA DOS MORROS","AV. ALTOS DO SANTA RITA","AÇÕES PREVENTIVAS","ABT-0599","1º BBM / 1ª CIA / 5º PEL / BELÉM NOVO","-30.152196634244753","-51.2042705822288","VISTORIA DE HIDRANTES",""
"PORTO ALEGRE","924591","26/07/2026 - 16:43","ABERTA DOS MORROS","AV. ALTOS DO SANTA RITA","AÇÕES PREVENTIVAS","ABT-0599","1º BBM / 1ª CIA / 5º PEL / BELÉM NOVO","-30.15134313163517","-51.20328334672873","VISTORIA DE HIDRANTES",""
"PORTO ALEGRE","924601","26/07/2026 - 17:30","TRISTEZA","DOUTOR MÁRIO TOTTA","AÇÕES PREVENTIVAS","ABT-0596","1º BBM / 1ª CIA / 3º PEL / ASSUNÇÃO","-30.10896492339876","-51.23881888908335","VISTORIA DE HIDRANTES",""
"PORTO ALEGRE","924602","26/07/2026 - 17:31","TRISTEZA","DOUTOR MÁRIO TOTTA","AÇÕES PREVENTIVAS","ABT-0596","1º BBM / 1ª CIA / 3º PEL / ASSUNÇÃO","-30.110236229527096","-51.24280728304005","VISTORIA DE HIDRANTES",""
"PORTO ALEGRE","924604","26/07/2026 - 17:32","BOA VISTA","ANITA GARIBALDI","INCÊNDIO","ABT-0600","1º BBM / 2ª CIA / 2º PEL / PASSO D`AREIA","-30.022686119062982","-51.17563614066214","EDIFICAÇÃO RESIDENCIAL UNIFAMILIAR",""
"PORTO ALEGRE","924606","26/07/2026 - 17:47","PARTENON","AV. BENTO GONÇALVES","AÇÕES PREVENTIVAS","ABT-1364","1º BBM / 2ª CIA / 3º PEL / PARTENON","-30.0617399959603","-51.16571187973023","VISTORIA DE HIDRANTES",""
"PORTO ALEGRE","924607","26/07/2026 - 17:47","PARTENON","AV. IPIRANGA","AÇÕES PREVENTIVAS","ABT-1364","1º BBM / 2ª CIA / 3º PEL / PARTENON","-30.058007090796803","-51.176333427429206","VISTORIA DE HIDRANTES",""
"PORTO ALEGRE","924610","26/07/2026 - 17:51","HUMAITÁ","AV. PADRE LEOPOLDO BRENTANO","ATENDIMENTO PRÉ-HOSPITALAR","AR-0455","1º BBM / 1ª CIA / 2º PEL / TERESÓPOLIS","-29.97413133583087","-51.19524057870272","",""
"PORTO ALEGRE","924610","26/07/2026 - 17:51","HUMAITÁ","AV. PADRE LEOPOLDO BRENTANO","AÇÕES PREVENTIVAS","ABT-0597","1º BBM / 2ª CIA / 1º PEL / FLORESTA","-29.97294790837894","-51.195987099457305","APOIO À PESSOA OU INSTITUIÇÃO",""
"PORTO ALEGRE","924614","26/07/2026 - 18:04","MOINHOS DE VENTO","COMENDADOR CAMINHA","AÇÕES PREVENTIVAS","ABT-0597","1º BBM / 2ª CIA / 1º PEL / FLORESTA","-30.02799016239698","-51.20193230919214","VISTORIA DE HIDRANTES",""
"PORTO ALEGRE","924620","26/07/2026 - 18:21","FLORESTA","TRÊS DE MAIO","AÇÕES PREVENTIVAS","ABT-0597","1º BBM / 2ª CIA / 1º PEL / FLORESTA","-30.015690998103523","-51.20115997241578","VISTORIA DE HIDRANTES",""
"PORTO ALEGRE","924629","26/07/2026 - 19:07","RESTINGA","ANTONIETA ABAD","AÇÕES PREVENTIVAS","ABT-0598","1º BBM / 1ª CIA / 4º PEL / RESTINGA","-30.15984071960085","-51.14702224731446","VISTORIA DE HIDRANTES",""
"PORTO ALEGRE","924630","26/07/2026 - 19:08","RESTINGA","RUA CLARA NUNES","AÇÕES PREVENTIVAS","ABT-0598","1º BBM / 1ª CIA / 4º PEL / RESTINGA","-30.156241393997956","-51.150412559509284","VISTORIA DE HIDRANTES",""
"PORTO ALEGRE","924635","26/07/2026 - 19:48","TERESÓPOLIS","CARLOS FERREIRA","AÇÕES PREVENTIVAS","ABT-0594","1º BBM / 1ª CIA / 2º PEL / TERESÓPOLIS","-30.080291003236805","-51.20214700698853","VISTORIA DE HIDRANTES",""
"PORTO ALEGRE","924637","26/07/2026 - 19:49","TERESÓPOLIS","CARLOS FERREIRA","AÇÕES PREVENTIVAS","ABT-0594","1º BBM / 1ª CIA / 2º PEL / TERESÓPOLIS","-30.08240771390963","-51.20450735092164","VISTORIA DE HIDRANTES",""
"PORTO ALEGRE","924661","26/07/2026 - 22:58","ASSUNÇÃO","AVENIDA GUAÍBA","ATENDIMENTO PRÉ-HOSPITALAR","ABT-0596","1º BBM / 1ª CIA / 3º PEL / ASSUNÇÃO","-30.097112000599346","-51.261155251704146","OCORRÊNCIA DE VULTO",""
"PORTO ALEGRE","924668","26/07/2026 - 23:22","PASSO DAS PEDRAS","LEOPOLDINO J. SANTOS","PRODUTOS PERIGOSOS","ABT-0600","1º BBM / 2ª CIA / 2º PEL / PASSO D`AREIA","-30.017135579312473","-51.124191166859816","EXPLOSIVO",""
"PORTO ALEGRE","924672","26/07/2026 - 23:51","CENTRO HISTÓRICO","RUA PRAÇA CONDE DE PORTO ALEGRE","SALVAMENTO/BUSCA/RESGATE","ABT-327","1º BBM / 1ª CIA / 1º PEL / AÇORIANOS","-30.031589515898045","-51.22457563877106","DE ANIMAL",""
"PORTO ALEGRE","924682","27/07/2026 - 02:04","CENTRO","URUGUAI","AÇÕES PREVENTIVAS","ABT-327","1º BBM / 1ª CIA / 1º PEL / AÇORIANOS","-30.027683630769182","-51.229044198989875","VISTORIA DE HIDRANTES",""
"PORTO ALEGRE","924683","27/07/2026 - 02:05","CENTRO","JOSÉ MONTAURY","AÇÕES PREVENTIVAS","ABT-327","1º BBM / 1ª CIA / 1º PEL / AÇORIANOS","-30.029067659990645","-51.22848093509675","VISTORIA DE HIDRANTES",""
"PORTO ALEGRE","924685","27/07/2026 - 02:09","JARDIM ITU SABARÁ","TEN ARY TARRAGO","INCÊNDIO","ABT-0600","1º BBM / 2ª CIA / 2º PEL / PASSO D`AREIA","-30.01422321232505","-51.13075725583809","EDIFICAÇÃO RESIDENCIAL UNIFAMILIAR",""
"PORTO ALEGRE","924701","27/07/2026 - 07:25","PARTENON","AV. BENTO GONÇALVES","ATENDIMENTO PRÉ-HOSPITALAR","ABT-1364","1º BBM / 2ª CIA / 3º PEL / PARTENON","-30.064209950351966","-51.17972373962403","",""
"PORTO ALEGRE","924711","27/07/2026 - 08:43","CAVALHADA","PROFESSOR JORGE BAHLIS","AVERIGUAÇÃO/CORTE DE ÁRVORE","ABT-0596","1º BBM / 1ª CIA / 3º PEL / ASSUNÇÃO","-30.111122730598378","-51.22991322892732","CORTE TOTAL",""
"PORTO ALEGRE","924716","27/07/2026 - 09:03","MEDIANEIRA","TIJUCA","SALVAMENTO/BUSCA/RESGATE","ABTS-866","BBS / 1ª CIA / 1º PEL / TERRESTRE","-30.066791268968817","-51.204357133997654","REMOÇÃO DE FONTE DE PERIGO",""
"PORTO ALEGRE","924716","27/07/2026 - 09:03","MEDIANEIRA","TIJUCA","AVERIGUAÇÃO/CORTE DE ÁRVORE","ABT-327","1º BBM / 1ª CIA / 1º PEL / AÇORIANOS","-30.065491330980677","-51.20397090911866","CORTE TOTAL",""
"PORTO ALEGRE","924733","27/07/2026 - 10:14","AZENHA","AVENIDA AZENHA","INCÊNDIO","ABT-327","1º BBM / 1ª CIA / 1º PEL / AÇORIANOS","-30.05213815930175","-51.21339082717896","EDIFICAÇÃO COMERCIAL",""
"PORTO ALEGRE","924733","27/07/2026 - 10:14","AZENHA","AVENIDA AZENHA","INCÊNDIO","ABT-0597","1º BBM / 2ª CIA / 1º PEL / FLORESTA","-30.04306787116322","-51.21515225841573","EDIFICAÇÃO COMERCIAL",""
"PORTO ALEGRE","924753","27/07/2026 - 11:27","RESTINGA","R ALAMEDA DOS SARGENTOS","INCÊNDIO","ABT-0598","1º BBM / 1ª CIA / 4º PEL / RESTINGA","-30.14880113445912","-51.110415458679206","EDIFICAÇÃO RESIDENCIAL UNIFAMILIAR",""
"PORTO ALEGRE","924753","27/07/2026 - 11:27","RESTINGA","R ALAMEDA DOS SARGENTOS","INCÊNDIO","ABT-0599","1º BBM / 1ª CIA / 5º PEL / BELÉM NOVO","-30.15195542773419","-51.14331010179135","EDIFICAÇÃO RESIDENCIAL UNIFAMILIAR",""
"PORTO ALEGRE","924754","27/07/2026 - 11:28","SANTA TEREZA","DAS PALMEIRAS","ATENDIMENTO PRÉ-HOSPITALAR","AR-0455","1º BBM / 1ª CIA / 2º PEL / TERESÓPOLIS","-30.077487220244798","-51.219034194946296","",""
"PORTO ALEGRE","924778","27/07/2026 - 14:05","TRISTEZA","OTTO NIEMEYER","ATENDIMENTO PRÉ-HOSPITALAR","AR-0455","1º BBM / 1ª CIA / 2º PEL / TERESÓPOLIS","-30.10431486476438","-51.2379813194275","",""
"PORTO ALEGRE","924778","27/07/2026 - 14:05","TRISTEZA","OTTO NIEMEYER","AÇÕES PREVENTIVAS","ABT-0594","1º BBM / 1ª CIA / 2º PEL / TERESÓPOLIS","-30.107711894858795","-51.24742269515992","APOIO À PESSOA OU INSTITUIÇÃO",""
"PORTO ALEGRE","924801","27/07/2026 - 15:38","PRAIA DE BELAS","AV IPIRANGA","INCÊNDIO","ABT-1364","1º BBM / 2ª CIA / 3º PEL / PARTENON","-30.06043999521045","-51.15028381347657","MEIO DE TRANSPORTE",""
"PORTO ALEGRE","924818","27/07/2026 - 16:49","VILA NOVA","BECO PEDRO RODRIGUES BITENCURT","AVERIGUAÇÃO/CORTE DE ÁRVORE","ABT-0599","1º BBM / 1ª CIA / 5º PEL / BELÉM NOVO","-30.116138995305562","-51.20746850173571","CORTE PARCIAL",""
"PORTO ALEGRE","924843","27/07/2026 - 17:34","MEDIANEIRA","OSCAR SCHNEIDER","ATENDIMENTO PRÉ-HOSPITALAR","AR-0455","1º BBM / 1ª CIA / 2º PEL / TERESÓPOLIS","-30.0642470920529","-51.21263980865479","",""
"PORTO ALEGRE","924848","27/07/2026 - 17:48","INDEPENDÊNCIA","PINHEIRO MACHADO","AVERIGUAÇÃO/CORTE DE ÁRVORE","ABT-0597","1º BBM / 2ª CIA / 1º PEL / FLORESTA","-30.028675984777774","-51.21076618241244","CORTE TOTAL",""
"PORTO ALEGRE","924889","27/07/2026 - 18:57","SÃO JOÃO","SOUZA REIS","ATENDIMENTO PRÉ-HOSPITALAR","AR-0455","1º BBM / 1ª CIA / 2º PEL / TERESÓPOLIS","-30.003743370568724","-51.19068861007691","",""
"PORTO ALEGRE","924902","27/07/2026 - 19:28","SARANDI","AV. NOSSA SENHORA APARECIDA","INCÊNDIO","ABT-0600","1º BBM / 2ª CIA / 2º PEL / PASSO D`AREIA","-29.990437648613966","-51.11234664586515","TRANSFORMADOR/REDE ELÉTRICA",""
"PORTO ALEGRE","924906","27/07/2026 - 19:35","CASCATA","CASCA ALPINA","AVERIGUAÇÃO/CORTE DE ÁRVORE","ABT-0594","1º BBM / 1ª CIA / 2º PEL / TERESÓPOLIS","-30.087699292412065","-51.18266344070435","VISTORIA",""
"PORTO ALEGRE","924911","27/07/2026 - 19:47","CIDADE BAIXA","JOAQUIM NABUCO","AVERIGUAÇÃO/CORTE DE ÁRVORE","ABT-327","1º BBM / 1ª CIA / 1º PEL / AÇORIANOS","-30.04282330240721","-51.22310042381287","CORTE TOTAL",""
"PORTO ALEGRE","924930","27/07/2026 - 20:36","CRISTAL","CORONEL MASSOT","OCORRÊNCIA NÃO ATENDIDA","AR-0455","1º BBM / 1ª CIA / 2º PEL / TERESÓPOLIS","-30.100416489617757","-51.24557733535767","",""
"PORTO ALEGRE","924936","27/07/2026 - 20:50","HÍPICA","RUA FRANCISCO MATTOS TERRES","AVERIGUAÇÃO/CORTE DE ÁRVORE","ABT-0599","1º BBM / 1ª CIA / 5º PEL / BELÉM NOVO","-30.159729402221117","-51.17712734939006","CORTE TOTAL",""
"PORTO ALEGRE","924940","27/07/2026 - 21:04","SÃO JOÃO","DAS INDÚSTRIAS","OCORRÊNCIA NÃO ATENDIDA","AR-0455","1º BBM / 1ª CIA / 2º PEL / TERESÓPOLIS","-30.00530426209689","-51.187427043914795","",""
"PORTO ALEGRE","924949","27/07/2026 - 21:25","BELÉM NOVO","DO MOTTA","ATENDIMENTO PRÉ-HOSPITALAR","AR-0455","1º BBM / 1ª CIA / 2º PEL / TERESÓPOLIS","-30.2094201091894","-51.17227792739869","",""
"PORTO ALEGRE","924996","27/07/2026 - 23:05","PARTENON","ANTÔNIO FARIAS","SALVAMENTO/BUSCA/RESGATE","ABT-327","1º BBM / 1ª CIA / 1º PEL / AÇORIANOS","-30.062668557472414","-51.195065975189216","DE ANIMAL",""
"PORTO ALEGRE","925001","27/07/2026 - 23:21","CASCATA","CAPISTRANO DE ABREU","ATENDIMENTO PRÉ-HOSPITALAR","AR-0455","1º BBM / 1ª CIA / 2º PEL / TERESÓPOLIS","-30.08799635509225","-51.18298530578614","",""
"PORTO ALEGRE","925009","27/07/2026 - 23:37","TRISTEZA","VICENTE FAILACE","PRODUTOS PERIGOSOS","ABT-0596","1º BBM / 1ª CIA / 3º PEL / ASSUNÇÃO","-30.106180445232688","-51.25404214245456","EXPLOSIVO | OCORRÊNCIA DE VULTO",""
"PORTO ALEGRE","925009","27/07/2026 - 23:37","TRISTEZA","VICENTE FAILACE","PRODUTOS PERIGOSOS","ABTS-866","BBS / 1ª CIA / 1º PEL / TERRESTRE","-30.10656100156824","-51.25568389892579","EXPLOSIVO | OCORRÊNCIA DE VULTO",""
"PORTO ALEGRE","925059","28/07/2026 - 02:07","MOINHOS DE VENTO","RUA DOUTOR FLORENCIO YGARTUA","INCÊNDIO","ABT-0597","1º BBM / 2ª CIA / 1º PEL / FLORESTA","-30.027228475997447","-51.203083999358185","CONTAINER | LIXO",""
"PORTO ALEGRE","925063","28/07/2026 - 03:20","SÃO JOSÉ","RUA CONDOR","INCÊNDIO","ABT-1364","1º BBM / 2ª CIA / 3º PEL / PARTENON","-30.08150718902794","-51.14914923906327","TRANSFORMADOR/REDE ELÉTRICA",""
"PORTO ALEGRE","925083","28/07/2026 - 06:06","CORONEL APARÍCIO BORGES","MANOEL BITENCOURT","AVERIGUAÇÃO/CORTE DE ÁRVORE","ABT-1364","1º BBM / 2ª CIA / 3º PEL / PARTENON","-30.081386499503246","-51.17377996444703","CORTE PARCIAL",""
"PORTO ALEGRE","925095","28/07/2026 - 07:27","MOINHOS DE VENTO","FERNANDO GOMES","INCÊNDIO","ABT-0597","1º BBM / 2ª CIA / 1º PEL / FLORESTA","-30.02672068181296","-51.204857620326976","CONTAINER | LIXO",""
"PORTO ALEGRE","925111","28/07/2026 - 08:18","BOM JESUS","CLÓVIS BEVILACQUA","AVERIGUAÇÃO/CORTE DE ÁRVORE","ABT-1364","1º BBM / 2ª CIA / 3º PEL / PARTENON","-30.0427211","-51.1626625","CORTE TOTAL | EVENTO EXTREMO",""
"PORTO ALEGRE","925121","28/07/2026 - 08:55","SARANDI","FRANCISCO DE MEDEIROS","AÇÕES PREVENTIVAS","ABT-0600","1º BBM / 2ª CIA / 2º PEL / PASSO D`AREIA","-29.989080941036967","-51.13730192184449","APOIO À PESSOA OU INSTITUIÇÃO",""
"PORTO ALEGRE","925126","28/07/2026 - 09:04","MEDIANEIRA","CAIEIRA","INCÊNDIO","ABT-327","1º BBM / 1ª CIA / 1º PEL / AÇORIANOS","-30.06619701177963","-51.201846599578865","TRANSFORMADOR/REDE ELÉTRICA",""
"PORTO ALEGRE","925166","28/07/2026 - 10:03","TRISTEZA","DOUTOR PEREIRA NETO","ATENDIMENTO PRÉ-HOSPITALAR","AR-0455","1º BBM / 1ª CIA / 2º PEL / TERESÓPOLIS","-30.112538184342068","-51.25193995504972","",""
"PORTO ALEGRE","925226","28/07/2026 - 11:47","GLÓRIA","CORONEL APARÍCIO BORGES","AÇÕES PREVENTIVAS","ABT-327","1º BBM / 1ª CIA / 1º PEL / AÇORIANOS","-30.069836759153812","-51.18884325027466","APOIO À PESSOA OU INSTITUIÇÃO",""
"PORTO ALEGRE","925238","28/07/2026 - 12:14","ABERTA DOS MORROS","DOUTOR EGON RENNER","INCÊNDIO","ABT-0599","1º BBM / 1ª CIA / 5º PEL / BELÉM NOVO","-30.160100459664864","-51.19776969347565","EDIFICAÇÃO RESIDENCIAL UNIFAMILIAR | EVENTO EXTREMO",""
"PORTO ALEGRE","925246","28/07/2026 - 12:45","MÁRIO QUINTANA","JUCELINO KUBUTSCHEK DE OLIVEIRA","ATENDIMENTO PRÉ-HOSPITALAR","AR-0455","1º BBM / 1ª CIA / 2º PEL / TERESÓPOLIS","-30.018050623716356","-51.11417773095657","",""
"PORTO ALEGRE","925258","28/07/2026 - 13:33","CASCATA","CASCA ALPINA","AVERIGUAÇÃO/CORTE DE ÁRVORE","ABT-0594","1º BBM / 1ª CIA / 2º PEL / TERESÓPOLIS","-30.088014921480145","-51.182212829589844","CORTE TOTAL | EVENTO EXTREMO",""
"PORTO ALEGRE","925262","28/07/2026 - 13:45","LOMBA DO PINHEIRO","TANAUI DA SILVA BOEIRA","AVERIGUAÇÃO/CORTE DE ÁRVORE","ABT-0598","1º BBM / 1ª CIA / 4º PEL / RESTINGA","-30.120797722428637","-51.09614610671998","CORTE TOTAL | EVENTO EXTREMO | VISTORIA",""
"PORTO ALEGRE","925265","28/07/2026 - 13:57","SANTO ANTÔNIO","TEIXEIRA DE FREITAS","AVERIGUAÇÃO/CORTE DE ÁRVORE","ABT-327","1º BBM / 1ª CIA / 1º PEL / AÇORIANOS","-30.060458566769938","-51.20465755462647","CORTE PARCIAL",""
"PORTO ALEGRE","925269","28/07/2026 - 14:07","FARROUPILHA","JOÃO PESSOA","INCÊNDIO","ABT-0597","1º BBM / 2ª CIA / 1º PEL / FLORESTA","-30.039006094081294","-51.21800422668458","TRANSFORMADOR/REDE ELÉTRICA",""
"PORTO ALEGRE","925291","28/07/2026 - 15:03","MENINO DEUS","DEZESSETE DE JUNHO","SALVAMENTO/BUSCA/RESGATE","ABTS-866","BBS / 1ª CIA / 1º PEL / TERRESTRE","-30.04747619685534","-51.22289657592774","SUICÍDIO/TENTATIVA",""
"PORTO ALEGRE","925292","28/07/2026 - 15:04","CENTRO HISTÓRICO","RUA DUQUE DE CAXIAS","INCÊNDIO","ABT-0597","1º BBM / 2ª CIA / 1º PEL / FLORESTA","-30.033934830748326","-51.22798204421998","EDIFICAÇÃO MULTIFAMILIAR",""
"PORTO ALEGRE","925297","28/07/2026 - 15:11","CASCATA","TRAVESSA CASTORINA DE MATTOS","AVERIGUAÇÃO/CORTE DE ÁRVORE","ABT-1364","1º BBM / 2ª CIA / 3º PEL / PARTENON","-30.087866390279473","-51.18223428726197","VISTORIA",""
"PORTO ALEGRE","925299","28/07/2026 - 15:12","RESTINGA","MERACY MARTINS DA SILVA","SALVAMENTO/BUSCA/RESGATE","ABT-0599","1º BBM / 1ª CIA / 5º PEL / BELÉM NOVO","-30.152159525589212","-51.14365348805223","DE ANIMAL",""
"PORTO ALEGRE","925305","28/07/2026 - 15:24","RIO BRANCO","MARIANTE","INCÊNDIO","ABT-0597","1º BBM / 2ª CIA / 1º PEL / FLORESTA","-30.03493795837164","-51.204164028167725","EDIFICAÇÃO MULTIFAMILIAR",""
"PORTO ALEGRE","925309","28/07/2026 - 15:32","CASCATA","ESTRADA DOS ALPES","ATENDIMENTO PRÉ-HOSPITALAR","AR-0455","1º BBM / 1ª CIA / 2º PEL / TERESÓPOLIS","-30.094559308422877","-51.188307083639515","",""
"PORTO ALEGRE","925309","28/07/2026 - 15:32","CASCATA","ESTRADA DOS ALPES","ATENDIMENTO PRÉ-HOSPITALAR","ABT-0596","1º BBM / 1ª CIA / 3º PEL / ASSUNÇÃO","-30.095422648149846","-51.18845704522437","",""
"PORTO ALEGRE","925310","28/07/2026 - 15:32","LOMBA DO PINHEIRO","BECO DOS MENDONÇAS","AVERIGUAÇÃO/CORTE DE ÁRVORE","ABT-0598","1º BBM / 1ª CIA / 4º PEL / RESTINGA","-30.143104596358636","-51.09352827072144","CORTE TOTAL | EVENTO EXTREMO | VISTORIA",""
"PORTO ALEGRE","925357","28/07/2026 - 16:43","GLÓRIA","CORONEL APARÍCIO BORGES","AÇÕES PREVENTIVAS","ABT-327","1º BBM / 1ª CIA / 1º PEL / AÇORIANOS","-30.069892468532682","-51.18892908096314","APOIO À PESSOA OU INSTITUIÇÃO",""
"PORTO ALEGRE","925381","28/07/2026 - 17:20","ARQUIPÉLAGO","NOSSA SENHORA APARECIDA","AVERIGUAÇÃO/CORTE DE ÁRVORE","ABT-0597","1º BBM / 2ª CIA / 1º PEL / FLORESTA","-29.973598484592884","-51.22650146484375","VISTORIA",""
"PORTO ALEGRE","925414","28/07/2026 - 18:29","PETRÓPOLIS","GUILHERME ALVES","PRODUTOS PERIGOSOS","ABT-1364","1º BBM / 2ª CIA / 3º PEL / PARTENON","-30.0490363999537","-51.18521690368653","EXPLOSIVO",""
"PORTO ALEGRE","925426","28/07/2026 - 18:58","PEDRA REDONDA","CEL MARCOS","ATENDIMENTO PRÉ-HOSPITALAR","AR-0455","1º BBM / 1ª CIA / 2º PEL / TERESÓPOLIS","-30.112100976639827","-51.25519990571754","",""
"PORTO ALEGRE","925435","28/07/2026 - 19:23","PARTENON","AV. BENTO GONÇALVES","INCÊNDIO","ABT-327","1º BBM / 1ª CIA / 1º PEL / AÇORIANOS","-30.05838781642574","-51.19479775428773","TRANSFORMADOR/REDE ELÉTRICA",""
"PORTO ALEGRE","925441","28/07/2026 - 19:45","PETRÓPOLIS","PROFESSOR CRISTIANO FISCHER","INCÊNDIO","ABT-1364","1º BBM / 2ª CIA / 3º PEL / PARTENON","-30.045191569406466","-51.17217063903809","CASA DE MAQUINAS",""
"PORTO ALEGRE","925471","28/07/2026 - 20:55","CRISTO REDENTOR","FONTOURA XAVIER","INCÊNDIO","ABT-0600","1º BBM / 2ª CIA / 2º PEL / PASSO D`AREIA","-30.008170499750882","-51.160631632097854","TERRENO BALDIO",""
"PORTO ALEGRE","925523","28/07/2026 - 21:49","SANTA TEREZA","MUTUALIDADE","ATENDIMENTO PRÉ-HOSPITALAR","AR-0455","1º BBM / 1ª CIA / 2º PEL / TERESÓPOLIS","-30.072001930411922","-51.2251569662747","",""
"PORTO ALEGRE","925565","28/07/2026 - 22:55","SARANDI","BENTO ROSA","AVERIGUAÇÃO/CORTE DE ÁRVORE","ABT-0600","1º BBM / 2ª CIA / 2º PEL / PASSO D`AREIA","-29.995120806682323","-51.13279566363652","VISTORIA",""
"PORTO ALEGRE","925572","28/07/2026 - 23:20","JARDIM ITU","TENENTE ARY TARRAGÔ","AVERIGUAÇÃO/MANEJO DE INSETOS","ABT-0600","1º BBM / 2ª CIA / 2º PEL / PASSO D`AREIA","-30.018830962376033","-51.131240131123235","VISTORIA",""
"PORTO ALEGRE","925647","29/07/2026 - 01:41","PRAIA DE BELAS","BORGES DE MEDEIROS","AVERIGUAÇÃO/CORTE DE ÁRVORE","ABT-327","1º BBM / 1ª CIA / 1º PEL / AÇORIANOS","-30.046566067031776","-51.22918367385865","CORTE TOTAL",""
"PORTO ALEGRE","925686","29/07/2026 - 04:38","SANTANA","SÃO FRANCISCO","INCÊNDIO","ABT-327","1º BBM / 1ª CIA / 1º PEL / AÇORIANOS","-30.044430015213955","-51.20261907577515","EDIFICAÇÃO COMERCIAL",""
"PORTO ALEGRE","925698","29/07/2026 - 05:47","NONOAI","CUNHA NETO","AVERIGUAÇÃO/CORTE DE ÁRVORE","ABT-0594","1º BBM / 1ª CIA / 2º PEL / TERESÓPOLIS","-30.083150408673706","-51.217317581176765","CORTE TOTAL",""
"PORTO ALEGRE","925721","29/07/2026 - 07:58","SANTA TEREZA","CORREIA LIMA","AÇÕES PREVENTIVAS","ABT-327","1º BBM / 1ª CIA / 1º PEL / AÇORIANOS","-30.06738551543647","-51.230567693710334","APOIO À PESSOA OU INSTITUIÇÃO",""
"PORTO ALEGRE","925747","29/07/2026 - 09:01","CAVALHADA","ESTR EDUARDO PRADO","ATENDIMENTO PRÉ-HOSPITALAR","AR-0455","1º BBM / 1ª CIA / 2º PEL / TERESÓPOLIS","-30.13866960447509","-51.22057914733887","",""
"PORTO ALEGRE","925867","29/07/2026 - 11:26","SÃO JOSÉ","SANTA MARIA","ATENDIMENTO PRÉ-HOSPITALAR","AR-0455","1º BBM / 1ª CIA / 2º PEL / TERESÓPOLIS","-30.067069820544635","-51.16678476333619","",""
"PORTO ALEGRE","925868","29/07/2026 - 11:29","TRISTEZA","CARLOS JÚLIO BECKER","AVERIGUAÇÃO/CORTE DE ÁRVORE","ABT-0596","1º BBM / 1ª CIA / 3º PEL / ASSUNÇÃO","-30.117141285642006","-51.25950335464864","CORTE TOTAL",""
"PORTO ALEGRE","925875","29/07/2026 - 11:38","PROTÁSIO ALVES","NEY DA GAMA AHRENDS","OCORRÊNCIA NÃO ATENDIDA","ABT-1364","1º BBM / 2ª CIA / 3º PEL / PARTENON","-30.03867172829186","-51.17362975743742","",""
"PORTO ALEGRE","925938","29/07/2026 - 14:29","PARTENON","AV. BENTO GONÇALVES","ATENDIMENTO PRÉ-HOSPITALAR","AR-0455","1º BBM / 1ª CIA / 2º PEL / TERESÓPOLIS","-30.061674996328275","-51.17279291152955","",""
"PORTO ALEGRE","925944","29/07/2026 - 14:33","ABERTA DOS MORROS","MACHADO GUEDES","SALVAMENTO/BUSCA/RESGATE","ABT-0599","1º BBM / 1ª CIA / 5º PEL / BELÉM NOVO","-30.160156118161005","-51.19736194610596","DE ANIMAL",""
"PORTO ALEGRE","925952","29/07/2026 - 14:39","BOM JESUS","RUA M","AVERIGUAÇÃO/CORTE DE ÁRVORE","ABT-1364","1º BBM / 2ª CIA / 3º PEL / PARTENON","-30.049630749419343","-51.15597007345465","EVENTO EXTREMO | VISTORIA",""
"PORTO ALEGRE","926059","29/07/2026 - 16:19","VILA JARDIM","SATURNINO DE BRITO","AVERIGUAÇÃO/CORTE DE ÁRVORE","ABT-0600","1º BBM / 2ª CIA / 2º PEL / PASSO D`AREIA","-30.04047364294618","-51.153845839924905","VISTORIA",""
"PORTO ALEGRE","926094","29/07/2026 - 17:17","PASSO DAREIA","LUIZ COSME","INCÊNDIO","ABT-0600","1º BBM / 2ª CIA / 2º PEL / PASSO D`AREIA","-30.01997823909575","-51.168672978170335","EDIFICAÇÃO MULTIFAMILIAR | TRANSFORMADOR/REDE ELÉTRICA",""
"PORTO ALEGRE","926109","29/07/2026 - 17:37","CHÁCARA DAS PEDRAS","DOUTOR BARBOSA GONÇALVES","AÇÕES PREVENTIVAS","ABT-0597","1º BBM / 2ª CIA / 1º PEL / FLORESTA","-30.034324937141722","-51.161913919461426","APOIO À PESSOA OU INSTITUIÇÃO",""
"PORTO ALEGRE","926115","29/07/2026 - 17:49","GLÓRIA","PROFESSOR OSCAR PEREIRA","AVERIGUAÇÃO/CORTE DE ÁRVORE","ABT-1364","1º BBM / 2ª CIA / 3º PEL / PARTENON","-30.084524378689206","-51.19216922250098","EVENTO EXTREMO | VISTORIA",""
"PORTO ALEGRE","926135","29/07/2026 - 18:11","AUXILIADORA","NOVA YORK","ATENDIMENTO PRÉ-HOSPITALAR","AR-0455","1º BBM / 1ª CIA / 2º PEL / TERESÓPOLIS","-30.02098954870327","-51.19506992048431","",""
"PORTO ALEGRE","926179","29/07/2026 - 19:21","PRAIA DE BELAS","PADRE CACIQUE","AÇÕES PREVENTIVAS","ABT-327","1º BBM / 1ª CIA / 1º PEL / AÇORIANOS","-30.065134","-51.2335824","APOIO À PESSOA OU INSTITUIÇÃO",""
"PORTO ALEGRE","926179","29/07/2026 - 19:21","PRAIA DE BELAS","PADRE CACIQUE","AÇÕES PREVENTIVAS","AR-0455","1º BBM / 1ª CIA / 2º PEL / TERESÓPOLIS","-30.065526658327588","-51.235787422392335","FESTAS E EVENTOS",""
"PORTO ALEGRE","926185","29/07/2026 - 19:37","ILHA DA PINTADA","AV PRESIDENTE VARGAS","SALVAMENTO/BUSCA/RESGATE","ABT-0597","1º BBM / 2ª CIA / 1º PEL / FLORESTA","-30.0282688266906","-51.252573684848564","DE ANIMAL",""
"PORTO ALEGRE","926186","29/07/2026 - 19:38","ASSUNÇÃO","SIMÃO BOLIVAR,149","SALVAMENTO/BUSCA/RESGATE","ABT-0596","1º BBM / 1ª CIA / 3º PEL / ASSUNÇÃO","-30.120427172553963","-51.259503728089385","DE ANIMAL",""
"PORTO ALEGRE","926194","29/07/2026 - 20:16","TRISTEZA","NOSSA SENHORA DE LOURDES","AVERIGUAÇÃO/CORTE DE ÁRVORE","ABT-0596","1º BBM / 1ª CIA / 3º PEL / ASSUNÇÃO","-30.112018345561196","-51.25252959799078","VISTORIA",""
"PORTO ALEGRE","926202","29/07/2026 - 20:39","PASSO DAREIA","LUIS COSME","INCÊNDIO","ABT-0600","1º BBM / 2ª CIA / 2º PEL / PASSO D`AREIA","-30.01968560785376","-51.16905927492842","EDIFICAÇÃO MULTIFAMILIAR | OCORRÊNCIA DE VULTO | TRANSFORMADOR/REDE ELÉTRICA",""
"PORTO ALEGRE","926203","29/07/2026 - 20:40","PASSO DAREIA","CARLOS LEGORI","INCÊNDIO","ABT-0600","1º BBM / 2ª CIA / 2º PEL / PASSO D`AREIA","-30.020600624403464","-51.16904865680269","TRANSFORMADOR/REDE ELÉTRICA",""
"PORTO ALEGRE","926207","29/07/2026 - 20:57","IPANEMA","CONRADO FERRARI","SALVAMENTO/BUSCA/RESGATE","ABT-0596","1º BBM / 1ª CIA / 3º PEL / ASSUNÇÃO","-30.12940898235773","-51.23738250730807","DE ANIMAL",""
"PORTO ALEGRE","926210","29/07/2026 - 21:17","CRISTO REDENTOR","FERNANDO ABBOTT","INCÊNDIO","ABT-0600","1º BBM / 2ª CIA / 2º PEL / PASSO D`AREIA","-30.00666072108009","-51.16105609695081","EDIFICAÇÃO RESIDENCIAL UNIFAMILIAR",""
"PORTO ALEGRE","926211","29/07/2026 - 21:19","CENTRO","GENERAL VITORINO","INCÊNDIO","ABT-0597","1º BBM / 2ª CIA / 1º PEL / FLORESTA","-30.03034949532093","-51.22551424682371","CONTAINER",""
"PORTO ALEGRE","926216","29/07/2026 - 21:54","PETRÓPOLIS","PERPETUA TELES","AVERIGUAÇÃO/CORTE DE ÁRVORE","ABT-0597","1º BBM / 2ª CIA / 1º PEL / FLORESTA","-30.04032495154246","-51.1906017117252","CORTE PARCIAL | VISTORIA",""
"PORTO ALEGRE","926227","30/07/2026 - 00:04","RUBEM BERTA","REVERENDO OLAVO NUNES","INCÊNDIO","ABT-0600","1º BBM / 2ª CIA / 2º PEL / PASSO D`AREIA","-30.01403738663726","-51.10541582768502","EDIFICAÇÃO MULTIFAMILIAR",""
"PORTO ALEGRE","926231","30/07/2026 - 00:09","MORRO SANTANA","HUGO LIVI","INCÊNDIO","ABT-1364","1º BBM / 2ª CIA / 3º PEL / PARTENON","-30.049853639387205","-51.1379885673523","MEIO DE TRANSPORTE",""
"PORTO ALEGRE","926258","30/07/2026 - 07:02","FLORESTA","DOUTOR VALE","INCÊNDIO","ABT-0597","1º BBM / 2ª CIA / 1º PEL / FLORESTA","-30.026206692367595","-51.206610723779626","MEIO DE TRANSPORTE",""
"PORTO ALEGRE","926263","30/07/2026 - 07:44","FARROUPILHA","VENANCIO AIRES","AÇÕES PREVENTIVAS","ABT-327","1º BBM / 1ª CIA / 1º PEL / AÇORIANOS","-30.037334277703092","-51.20974302291871","APOIO À PESSOA OU INSTITUIÇÃO",""
"PORTO ALEGRE","926269","30/07/2026 - 08:32","PRAIA DE BELAS","BORGES DE MEDEIROS","ATENDIMENTO PRÉ-HOSPITALAR","ABT-327","1º BBM / 1ª CIA / 1º PEL / AÇORIANOS","-30.04443930249548","-51.22889399528504","OCORRÊNCIA DE VULTO",""
"PORTO ALEGRE","926269","30/07/2026 - 08:32","PRAIA DE BELAS","BORGES DE MEDEIROS","ATENDIMENTO PRÉ-HOSPITALAR","AR-0455","1º BBM / 1ª CIA / 2º PEL / TERESÓPOLIS","-30.045024521916627","-51.228747157734524","",""
"PORTO ALEGRE","926273","30/07/2026 - 08:50","TRISTEZA","NOSSA SENHORA DE LOURDES","AVERIGUAÇÃO/CORTE DE ÁRVORE","ABT-0596","1º BBM / 1ª CIA / 3º PEL / ASSUNÇÃO","-30.111925533149194","-51.25259398092149","CORTE PARCIAL",""
"PORTO ALEGRE","926284","30/07/2026 - 09:14","NONOAI","MATA COELHO","AVERIGUAÇÃO/CORTE DE ÁRVORE","ABT-0594","1º BBM / 1ª CIA / 2º PEL / TERESÓPOLIS","-30.083187543265524","-51.21924877166749","VISTORIA",""
"PORTO ALEGRE","926290","30/07/2026 - 09:19","PARTENON","CORONEL APARICIO BORGES","AVERIGUAÇÃO/CORTE DE ÁRVORE","ABT-327","1º BBM / 1ª CIA / 1º PEL / AÇORIANOS","-30.066150585565886","-51.186890602111816","VISTORIA",""
"PORTO ALEGRE","926299","30/07/2026 - 09:42","CAMPO NOVO","ESTRADA CRISTIANO KRAEMER","AÇÕES PREVENTIVAS","ABT-0599","1º BBM / 1ª CIA / 5º PEL / BELÉM NOVO","-30.13846547871168","-51.195365493501065","INSPEÇÃO/REMOÇÃO DE FONTE DE PERIGO",""
"PORTO ALEGRE","926310","30/07/2026 - 09:57","CAVALHADA","JOSÉ CORRÊA DA SILVA","AVERIGUAÇÃO/CORTE DE ÁRVORE","ABT-0594","1º BBM / 1ª CIA / 2º PEL / TERESÓPOLIS","-30.10474182031817","-51.225063800811775","CORTE PARCIAL",""
"PORTO ALEGRE","926317","30/07/2026 - 10:17","CRISTO REDENTOR","EUGÊNIO DU PASQUIER","AVERIGUAÇÃO/CORTE DE ÁRVORE","ABT-0600","1º BBM / 2ª CIA / 2º PEL / PASSO D`AREIA","-30.00539253799281","-51.16240211559928","CORTE PARCIAL",""
"PORTO ALEGRE","926337","30/07/2026 - 10:40","CENTRO HISTÓRICO","RUA DOS ANDRADAS","INCÊNDIO","ABT-327","1º BBM / 1ª CIA / 1º PEL / AÇORIANOS","-30.02947636291053","-51.22424840927124","EDIFICAÇÃO COMERCIAL",""
"PORTO ALEGRE","926370","30/07/2026 - 11:37","LOMBA DO PINHEIRO","ESTR. JOÃO DE OLIVEIRA REMIÃO","AVERIGUAÇÃO/MANEJO DE INSETOS","ABT-0598","1º BBM / 1ª CIA / 4º PEL / RESTINGA","-30.102328569023094","-51.12807512283326","VISTORIA",""
"PORTO ALEGRE","926381","30/07/2026 - 12:13","SANTANA","IGNÁCIO MONTANHA","SALVAMENTO/BUSCA/RESGATE","ABT-327","1º BBM / 1ª CIA / 1º PEL / AÇORIANOS","-30.041829542137105","-51.214056015014656","ELEVADORES",""
"PORTO ALEGRE","926388","30/07/2026 - 13:09","LAMI","RUA LUIZ CORREA DA SILVA","AVERIGUAÇÃO/MANEJO DE INSETOS","ABT-0599","1º BBM / 1ª CIA / 5º PEL / BELÉM NOVO","-30.22280764178424","-51.07329256263326","VISTORIA",""
"PORTO ALEGRE","926392","30/07/2026 - 13:19","PRAIA DE BELAS","ISMAEL CHAVES BARCELOS","AVERIGUAÇÃO/CORTE DE ÁRVORE","ABT-327","1º BBM / 1ª CIA / 1º PEL / AÇORIANOS","-30.04412353443553","-51.228625774383545","CORTE TOTAL",""
"PORTO ALEGRE","926425","30/07/2026 - 14:08","MENINO DEUS","COMENDADOR RODOLFO GOMES","INCÊNDIO","ABT-327","1º BBM / 1ª CIA / 1º PEL / AÇORIANOS","-30.05520267642201","-51.22437715530396","CONTAINER",""
"PORTO ALEGRE","926513","30/07/2026 - 15:10","GLÓRIA","PROFESSOR OSCAR PEREIRA","AVERIGUAÇÃO/CORTE DE ÁRVORE","ABT-1364","1º BBM / 2ª CIA / 3º PEL / PARTENON","-30.08738366233659","-51.187341213226325","VISTORIA",""
"PORTO ALEGRE","926539","30/07/2026 - 15:35","PETRÓPOLIS","PROTASIO ALVES","ATENDIMENTO PRÉ-HOSPITALAR","AR-1628","1º BBM / 1ª CIA / 2º PEL / TERESÓPOLIS","-30.037079416237543","-51.20635172846877","",""
"PORTO ALEGRE","926558","30/07/2026 - 15:48","SANTA TEREZA","DOUTOR ÊNIO AMORETTY GOMES","SALVAMENTO/BUSCA/RESGATE","ABT-327","1º BBM / 1ª CIA / 1º PEL / AÇORIANOS","-30.080328138902125","-51.22246742248536","DE ANIMAL",""
"PORTO ALEGRE","926656","30/07/2026 - 17:14","PRAIA DE BELAS","EDVALDO PEREIRA PAIVA","ATENDIMENTO PRÉ-HOSPITALAR","AR-1628","1º BBM / 1ª CIA / 2º PEL / TERESÓPOLIS","-30.050624983523853","-51.23300412676262","",""
"PORTO ALEGRE","926699","30/07/2026 - 18:24","HUMAITÁ","PADRE LEOPOLDO BRENTANO","AÇÕES PREVENTIVAS","AR-1628","1º BBM / 1ª CIA / 2º PEL / TERESÓPOLIS","-29.974494099496937","-51.196681133752946","FESTAS E EVENTOS",""
"PORTO ALEGRE","926699","30/07/2026 - 18:24","HUMAITÁ","PADRE LEOPOLDO BRENTANO","AÇÕES PREVENTIVAS","ABT-0597","1º BBM / 2ª CIA / 1º PEL / FLORESTA","-29.973524133241217","-51.195307528985005","APOIO À PESSOA OU INSTITUIÇÃO",""
"PORTO ALEGRE","926723","30/07/2026 - 19:52","PARTENON","PEDRO VELHO","PRODUTOS PERIGOSOS","ABT-327","1º BBM / 1ª CIA / 1º PEL / AÇORIANOS","-30.067905481298414","-51.194851398468025","EXPLOSIVO",""
"PORTO ALEGRE","926734","30/07/2026 - 20:37","CIDADE BAIXA","LOPO GONÇALVES","INCÊNDIO","ABT-327","1º BBM / 1ª CIA / 1º PEL / AÇORIANOS","-30.041476615530353","-51.22190952301026","CONTAINER",""
"PORTO ALEGRE","926745","30/07/2026 - 22:13","FLORESTA","PERNAMBUCO","SALVAMENTO/BUSCA/RESGATE","ABT-0597","1º BBM / 2ª CIA / 1º PEL / FLORESTA","-30.01714641686192","-51.201810962938204","DE ANIMAL",""
"PORTO ALEGRE","926751","30/07/2026 - 22:48","NAVEGANTES","PADRE DIOGO FEIJÓ","AÇÕES PREVENTIVAS","ABT-0597","1º BBM / 2ª CIA / 1º PEL / FLORESTA","-29.999673787911963","-51.1925481265866","ACIDENTES DE TRÁFEGO/LAVAGEM DE PISTA",""
"PORTO ALEGRE","926754","30/07/2026 - 23:57","PARTENON","R. CEL. JOSÉ RODRIGUES SOBRAL","INCÊNDIO","ABT-1364","1º BBM / 2ª CIA / 3º PEL / PARTENON","-30.06575131922882","-51.1829423904419","TRANSFORMADOR/REDE ELÉTRICA",""
"PORTO ALEGRE","926756","31/07/2026 - 00:24","CHÁCARA DAS PEDRAS","RUA JOÃO PAETZEL","INCÊNDIO","ABT-0600","1º BBM / 2ª CIA / 2º PEL / PASSO D`AREIA","-30.040102063388655","-51.1692095166383","TRANSFORMADOR/REDE ELÉTRICA",""
"PORTO ALEGRE","926757","31/07/2026 - 01:35","ABERTA DOS MORROS","ERNESTO ZEUNER","OCORRÊNCIA NÃO ATENDIDA","ABT-0599","1º BBM / 1ª CIA / 5º PEL / BELÉM NOVO","-30.160119012500402","-51.197383403778076","",""
"PORTO ALEGRE","926758","31/07/2026 - 02:00","SERRARIA","AV. DA SERRARIA","INCÊNDIO","ABT-0599","1º BBM / 1ª CIA / 5º PEL / BELÉM NOVO","-30.165109598483237","-51.23049259185792","TRANSFORMADOR/REDE ELÉTRICA",""
"PORTO ALEGRE","926830","31/07/2026 - 09:53","TRISTEZA","NOSSA SENHORA DE LOURDES","AVERIGUAÇÃO/CORTE DE ÁRVORE","ABT-0596","1º BBM / 1ª CIA / 3º PEL / ASSUNÇÃO","-30.11229678227412","-51.25240083212935","CORTE PARCIAL",""
"PORTO ALEGRE","926845","31/07/2026 - 10:27","NONOAI","MATA COELHO","AVERIGUAÇÃO/CORTE DE ÁRVORE","ABT-0594","1º BBM / 1ª CIA / 2º PEL / TERESÓPOLIS","-30.084784317524058","-51.2172532081604","CORTE PARCIAL",""
"PORTO ALEGRE","926847","31/07/2026 - 10:29","PASSO DAS PEDRAS","DEZ DE MAIO","AVERIGUAÇÃO/MANEJO DE INSETOS","ABT-0600","1º BBM / 2ª CIA / 2º PEL / PASSO D`AREIA","-30.023494270193275","-51.127388639259934","VISTORIA",""
"PORTO ALEGRE","926861","31/07/2026 - 10:54","VILA NOVA","PEDRO RODRIGUES BITTENCOURT","AVERIGUAÇÃO/CORTE DE ÁRVORE","ABT-0599","1º BBM / 1ª CIA / 5º PEL / BELÉM NOVO","-30.12816585808068","-51.21343374252319","CORTE PARCIAL",""
"PORTO ALEGRE","926862","31/07/2026 - 10:55","PETRÓPOLIS","MURILO FURTADO","SALVAMENTO/BUSCA/RESGATE","ABT-1364","1º BBM / 2ª CIA / 3º PEL / PARTENON","-30.03716709451388","-51.17609739303589","DE ANIMAL",""
"PORTO ALEGRE","926863","31/07/2026 - 10:57","CENTRO","AVAÍ","ATENDIMENTO PRÉ-HOSPITALAR","AR-1628","1º BBM / 1ª CIA / 2º PEL / TERESÓPOLIS","-30.03465931282814","-51.22371196746826","",""
"PORTO ALEGRE","926895","31/07/2026 - 12:31","ARQUIPÉLAGO","NOSSA SENHORA APARECIDA","OCORRÊNCIA NÃO ATENDIDA","ABT-0597","1º BBM / 2ª CIA / 1º PEL / FLORESTA","-29.97414992204771","-51.22615836270335","",""
"PORTO ALEGRE","926902","31/07/2026 - 12:47","BOA VISTA","DOUTOR NILO PEÇANHA","ATENDIMENTO PRÉ-HOSPITALAR","AR-1628","1º BBM / 1ª CIA / 2º PEL / TERESÓPOLIS","-30.029606404395274","-51.18169784545899","",""
"PORTO ALEGRE","926915","31/07/2026 - 13:41","RESTINGA","R. SENO ANTÔNIO CORNELY","ATENDIMENTO PRÉ-HOSPITALAR","AR-1628","1º BBM / 1ª CIA / 2º PEL / TERESÓPOLIS","-30.14820737385655","-51.16577625274658","",""
"PORTO ALEGRE","926942","31/07/2026 - 14:24","HÍPICA","JOÃO LÚCIO MARQUÊS","AVERIGUAÇÃO/MANEJO DE INSETOS","ABT-0599","1º BBM / 1ª CIA / 5º PEL / BELÉM NOVO","-30.15967374348412","-51.17721319198609","VISTORIA",""
"PORTO ALEGRE","926956","31/07/2026 - 14:52","CORONEL APARÍCIO BORGES","CORONEL JOSÉ RODRIGUES SOBRAL","OCORRÊNCIA NÃO ATENDIDA","ABT-1364","1º BBM / 2ª CIA / 3º PEL / PARTENON","-30.066456998174093","-51.18150472640991","",""
"PORTO ALEGRE","926958","31/07/2026 - 14:55","BOM FIM","FERNANDES VIEIRA","AVERIGUAÇÃO/MANEJO DE INSETOS","ABT-0597","1º BBM / 2ª CIA / 1º PEL / FLORESTA","-30.03528162012961","-51.21103761741876","VISTORIA",""
"PORTO ALEGRE","926961","31/07/2026 - 14:56","SARANDI","VIDAL BARBOSA","AVERIGUAÇÃO/MANEJO DE INSETOS","ABT-0600","1º BBM / 2ª CIA / 2º PEL / PASSO D`AREIA","-29.985847111742334","-51.13110065460206","VISTORIA",""
"PORTO ALEGRE","926966","31/07/2026 - 15:03","VILA ASSUNÇÃO","GUAIBA","AÇÕES PREVENTIVAS","ABT-0596","1º BBM / 1ª CIA / 3º PEL / ASSUNÇÃO","-30.09796599950789","-51.26306527864864","APOIO À PESSOA OU INSTITUIÇÃO",""
"PORTO ALEGRE","926978","31/07/2026 - 15:29","MÁRIO QUINTANA","JOSÉ MARCELINO","AVERIGUAÇÃO/MANEJO DE INSETOS","ABT-0600","1º BBM / 2ª CIA / 2º PEL / PASSO D`AREIA","-30.035718161129004","-51.113977399203144","VISTORIA",""
"PORTO ALEGRE","926995","31/07/2026 - 16:09","VILA JARDIM","SEIVAL","AVERIGUAÇÃO/CORTE DE ÁRVORE","ABT-0600","1º BBM / 2ª CIA / 2º PEL / PASSO D`AREIA","-30.03854170466494","-51.15238665542989","CORTE PARCIAL",""
"PORTO ALEGRE","927010","31/07/2026 - 16:35","CRISTAL","ARAPEI","OCORRÊNCIA NÃO ATENDIDA","AR-1628","1º BBM / 1ª CIA / 2º PEL / TERESÓPOLIS","-30.08652959943437","-51.23066425323487","",""
"PORTO ALEGRE","927036","31/07/2026 - 17:31","RESTINGA","LARANJEIRAS","ATENDIMENTO PRÉ-HOSPITALAR","AR-1628","1º BBM / 1ª CIA / 2º PEL / TERESÓPOLIS","-30.16945064625577","-51.14685058593751","",""
"PORTO ALEGRE","927045","31/07/2026 - 18:13","FLORESTA","SÃO CARLOS","SALVAMENTO/BUSCA/RESGATE","ABT-0597","1º BBM / 2ª CIA / 1º PEL / FLORESTA","-30.023503559436946","-51.2126759538384","DE ANIMAL",""
"PORTO ALEGRE","927067","31/07/2026 - 19:07","JARDIM CARVALHO","ANTONIO DE CARVALHO","INCÊNDIO","ABT-1364","1º BBM / 2ª CIA / 3º PEL / PARTENON","-30.049760771609364","-51.14434003829956","MEIO DE TRANSPORTE",""
"PORTO ALEGRE","927073","31/07/2026 - 19:24","CENTRO","GENERAL VITORINO","INCÊNDIO","ABT-327","1º BBM / 1ª CIA / 1º PEL / AÇORIANOS","-30.030321629511754","-51.22524619102479","EDIFICAÇÃO COMERCIAL",""
"PORTO ALEGRE","927073","31/07/2026 - 19:24","CENTRO","GENERAL VITORINO","INCÊNDIO","AT-1590","1º BBM / 1ª CIA / 1º PEL / AÇORIANOS","-30.030225647220195","-51.22629225738739","EDIFICAÇÃO RESIDENCIAL UNIFAMILIAR",""
"PORTO ALEGRE","927073","31/07/2026 - 19:24","CENTRO","GENERAL VITORINO","INCÊNDIO","ABT-0597","1º BBM / 2ª CIA / 1º PEL / FLORESTA","-30.030324725713154","-51.22642451602172","EDIFICAÇÃO COMERCIAL",""
"PORTO ALEGRE","927085","31/07/2026 - 20:11","HÍPICA","JOÃO LÚCIO MARQUÊS","AVERIGUAÇÃO/MANEJO DE INSETOS","ABT-0599","1º BBM / 1ª CIA / 5º PEL / BELÉM NOVO","-30.159506767084615","-51.17704153060914","EXTERMÍNIO",""
"PORTO ALEGRE","927106","31/07/2026 - 21:41","SANTA TEREZA","MARIANO DE MATOS","ATENDIMENTO PRÉ-HOSPITALAR","AR-1628","1º BBM / 1ª CIA / 2º PEL / TERESÓPOLIS","-30.06742775868434","-51.214032648433445","",""
"PORTO ALEGRE","927110","31/07/2026 - 22:38","FARRAPOS","SEISCENTOS E TRINTA E SETE","AVERIGUAÇÃO/MANEJO DE INSETOS","ABT-0597","1º BBM / 2ª CIA / 1º PEL / FLORESTA","-29.980618240715046","-51.19937095065822","EXTERMÍNIO",""
"PORTO ALEGRE","927116","31/07/2026 - 22:56","MENINO DEUS","BARBEDO","ATENDIMENTO PRÉ-HOSPITALAR","AR-1628","1º BBM / 1ª CIA / 2º PEL / TERESÓPOLIS","-30.057295765457788","-51.22789720941449","",""