"Cidade","Nº Oc.","Data","Bairro","Local","Emergência","Viaturas","Obm.","Latitude","Longitude","todos_subgrupos","Detalhar"
"PORTO ALEGRE","909840","01/06/2026 - 00:30","JARDIM BOTÂNICO","DOUTOR SALVADOR FRANÇA","PRODUTOS PERIGOSOS","ABT-1365","1º BBM / 2ª CIA / 3º PEL / PARTENON","-30.05347541479868","-51.18169806432126","EXPLOSIVO",""
"PORTO ALEGRE","909842","01/06/2026 - 00:57","VILA NOVA","AMÉLIA DIAS HERNANDES","ATENDIMENTO PRÉ-HOSPITALAR","AR-1628","1º BBM / 1ª CIA / 2º PEL / TERESÓPOLIS","-30.11917059645172","-51.19636060527833","",""
"PORTO ALEGRE","909855","01/06/2026 - 06:59","INDEPENDÊNCIA","INDEPENDENCIA","AÇÕES PREVENTIVAS","ABT-0597","1º BBM / 2ª CIA / 1º PEL / FLORESTA","-30.029290589064953","-51.211094856262214","INSPEÇÃO/REMOÇÃO DE FONTE DE PERIGO",""
"PORTO ALEGRE","909887","01/06/2026 - 10:44","CENTRO","RUA DEMÉTRIO RIBEIRO","PRODUTOS PERIGOSOS","ABT-1364","1º BBM / 1ª CIA / 1º PEL / AÇORIANOS","-30.035959651994666","-51.229033470153816","EXPLOSIVO",""
"PORTO ALEGRE","909898","01/06/2026 - 11:11","MENINO DEUS","SILVEIRO","OCORRÊNCIA NÃO ATENDIDA","AR-1628","1º BBM / 1ª CIA / 2º PEL / TERESÓPOLIS","-30.06164713933005","-51.22819658851713","",""
"PORTO ALEGRE","909920","01/06/2026 - 13:16","SANTA CECÍLIA","RAMIRO BARCELOS","ATENDIMENTO PRÉ-HOSPITALAR","AR-1628","1º BBM / 1ª CIA / 2º PEL / TERESÓPOLIS","-30.038133037936078","-51.2076186242128","",""
"PORTO ALEGRE","909922","01/06/2026 - 13:29","CIDADE BAIXA","BARONESA DO GRAVATAÍ","INCÊNDIO","ABT-1364","1º BBM / 1ª CIA / 1º PEL / AÇORIANOS","-30.0425353915789","-51.22594356536866","LIXO",""
"PORTO ALEGRE","909966","01/06/2026 - 14:58","SANTO ANTÔNIO","TOMAZ EDISON","OCORRÊNCIA NÃO ATENDIDA","AR-1628","1º BBM / 1ª CIA / 2º PEL / TERESÓPOLIS","-30.062482845866807","-51.20231882237969","",""
"PORTO ALEGRE","909969","01/06/2026 - 15:01","SÃO JOSÉ","SANTA MARIA","AVERIGUAÇÃO/MANEJO DE INSETOS","ABT-1365","1º BBM / 2ª CIA / 3º PEL / PARTENON","-30.072306511491966","-51.165754373561946","VISTORIA",""
"PORTO ALEGRE","909972","01/06/2026 - 15:09","CAMAQUÃ","ALARICO RIBEIRO","ATENDIMENTO PRÉ-HOSPITALAR","ABT-0596","1º BBM / 1ª CIA / 3º PEL / ASSUNÇÃO","-30.108064585280548","-51.24291658401489","",""
"PORTO ALEGRE","909984","01/06/2026 - 15:43","FARRAPOS","VOLUNTÁRIOS DA PÁTRIA","SALVAMENTO/BUSCA/RESGATE","ABT-0597","1º BBM / 2ª CIA / 1º PEL / FLORESTA","-29.986293161881164","-51.20253324508668","DE ANIMAL",""
"PORTO ALEGRE","909993","01/06/2026 - 16:06","CRISTO REDENTOR","ADÃO BAINO","SALVAMENTO/BUSCA/RESGATE","ABT-0600","1º BBM / 2ª CIA / 2º PEL / PASSO D`AREIA","-30.012574148902313","-51.15590572191939","REMOÇÃO DE FONTE DE PERIGO",""
"PORTO ALEGRE","909994","01/06/2026 - 16:10","CASCATA","HERVAL","SALVAMENTO/BUSCA/RESGATE","ABT-1365","1º BBM / 2ª CIA / 3º PEL / PARTENON","-30.09421590000778","-51.17790290967177","DE ANIMAL",""
"PORTO ALEGRE","910016","01/06/2026 - 17:23","HÍPICA","RUA DO SCHNEIDER","ATENDIMENTO PRÉ-HOSPITALAR","AR-1628","1º BBM / 1ª CIA / 2º PEL / TERESÓPOLIS","-30.16384806157244","-51.17841474056467","",""
"PORTO ALEGRE","910027","01/06/2026 - 17:52","RESTINGA","IGNES FAGUNDES","AVERIGUAÇÃO/MANEJO DE INSETOS","ABT-0598","1º BBM / 1ª CIA / 4º PEL / RESTINGA","-30.144904515276814","-51.146657466888435","EXTERMÍNIO",""
"PORTO ALEGRE","910034","01/06/2026 - 18:19","PRAIA DE BELAS","AV. AURELIANO DE FIGUEIREDO PINTO","AÇÕES PREVENTIVAS","ABT-1364","1º BBM / 1ª CIA / 1º PEL / AÇORIANOS","-30.043148362014175","-51.22826099395752","APOIO À PESSOA OU INSTITUIÇÃO",""
"PORTO ALEGRE","910042","01/06/2026 - 18:32","HÍPICA","RUA DO SCHNEIDER","INCÊNDIO","ABT-0598","1º BBM / 1ª CIA / 4º PEL / RESTINGA","-30.16362543573594","-51.178843975067146","TRANSFORMADOR/REDE ELÉTRICA",""
"PORTO ALEGRE","910051","01/06/2026 - 19:38","CAVALHADA","VICENTE MONTEGGIA","OCORRÊNCIA NÃO ATENDIDA","AR-1628","1º BBM / 1ª CIA / 2º PEL / TERESÓPOLIS","-30.107786145578526","-51.22107101206552","",""
"PORTO ALEGRE","910053","01/06/2026 - 19:44","SANTO ANTÔNIO","LUIZ DE CAMÕES","AVERIGUAÇÃO/MANEJO DE INSETOS","ABT-1364","1º BBM / 1ª CIA / 1º PEL / AÇORIANOS","-30.056019864970164","-51.20128870010377","VISTORIA",""
"PORTO ALEGRE","910062","01/06/2026 - 20:14","NONOAI","OCTAVIO DE SOUZA","AVERIGUAÇÃO/MANEJO DE INSETOS","ABT-0594","1º BBM / 1ª CIA / 2º PEL / TERESÓPOLIS","-30.08587976402421","-51.222275876002264","EXTERMÍNIO",""
"PORTO ALEGRE","910067","01/06/2026 - 20:45","SANTANA","JACINTO GOMES","SALVAMENTO/BUSCA/RESGATE","ABT-1364","1º BBM / 1ª CIA / 1º PEL / AÇORIANOS","-30.037557188183268","-51.20978593826295","REMOÇÃO DE FONTE DE PERIGO",""
"PORTO ALEGRE","910069","01/06/2026 - 20:47","CHÁCARA DAS PEDRAS","DR.NILO PEÇANHA","OCORRÊNCIA NÃO ATENDIDA","AR-1628","1º BBM / 1ª CIA / 2º PEL / TERESÓPOLIS","-30.029141969737793","-51.157385613937144","",""
"PORTO ALEGRE","910073","01/06/2026 - 21:23","CASCATA","PROFESSOR OSCAR PEREIRA","ATENDIMENTO PRÉ-HOSPITALAR","AR-1628","1º BBM / 1ª CIA / 2º PEL / TERESÓPOLIS","-30.091542471925134","-51.18060313941046","",""
"PORTO ALEGRE","910076","01/06/2026 - 21:34","RESTINGA","RUA CAROLINA","INCÊNDIO","ABT-0598","1º BBM / 1ª CIA / 4º PEL / RESTINGA","-30.156389822393102","-51.14230155944825","EDIFICAÇÃO MULTIFAMILIAR | TRANSFORMADOR/REDE ELÉTRICA",""
"PORTO ALEGRE","910081","01/06/2026 - 22:13","MENINO DEUS","ÉRICO VERÍSSIMO","PRODUTOS PERIGOSOS","ABT-1364","1º BBM / 1ª CIA / 1º PEL / AÇORIANOS","-30.05178526942313","-51.21830463409424","EXPLOSIVO",""
"PORTO ALEGRE","910101","02/06/2026 - 04:26","ABERTA DOS MORROS","RUA DR. LAURO MIGUEL STURM","SALVAMENTO/BUSCA/RESGATE","ABT-0599","1º BBM / 1ª CIA / 5º PEL / BELÉM NOVO","-30.147056952519115","-51.200666705455376","DE ANIMAL",""
"PORTO ALEGRE","910103","02/06/2026 - 04:43","BOM FIM","SANTO ANTONIO","INCÊNDIO","ABT-0597","1º BBM / 2ª CIA / 1º PEL / FLORESTA","-30.033043153225663","-51.21452808380128","CONTAINER",""
"PORTO ALEGRE","910116","02/06/2026 - 08:24","PARTENON","WALDOMIRO SCHAPKE","SALVAMENTO/BUSCA/RESGATE","ABT-1365","1º BBM / 2ª CIA / 3º PEL / PARTENON","-30.06309569284309","-51.153373718261726","DE ANIMAL",""
"PORTO ALEGRE","910129","02/06/2026 - 09:38","JARDIM LINDÓIA","TRUJILO","AVERIGUAÇÃO/MANEJO DE INSETOS","ABT-0600","1º BBM / 2ª CIA / 2º PEL / PASSO D`AREIA","-30.00311193709547","-51.151031138818794","VISTORIA",""
"PORTO ALEGRE","910130","02/06/2026 - 09:38","CENTRO","DOS ANDRADAS","AVERIGUAÇÃO/CORTE DE ÁRVORE","ABTS-866","BBS / 1ª CIA / 1º PEL / TERRESTRE","-30.031519852231984","-51.2343978881836","CORTE PARCIAL | CORTE TOTAL",""
"PORTO ALEGRE","910154","02/06/2026 - 10:58","IPANEMA","TRAMANDAÍ","ATENDIMENTO PRÉ-HOSPITALAR","AR-1628","1º BBM / 1ª CIA / 2º PEL / TERESÓPOLIS","-30.13253636890601","-51.232879974716944","",""
"PORTO ALEGRE","910171","02/06/2026 - 12:33","SANTA TEREZA","DONA OTÍLIA","INCÊNDIO","ABT-1364","1º BBM / 1ª CIA / 1º PEL / AÇORIANOS","-30.079409027087934","-51.22841119766236","LIXO",""
"PORTO ALEGRE","910175","02/06/2026 - 12:58","NAVEGANTES","PERNAMBUCO","AVERIGUAÇÃO/CORTE DE ÁRVORE","ABT-0597","1º BBM / 2ª CIA / 1º PEL / FLORESTA","-29.99842872243541","-51.19663241093653","CORTE TOTAL",""
"PORTO ALEGRE","910246","02/06/2026 - 16:21","TRISTEZA","DOUTOR PEREIRA NETO","ATENDIMENTO PRÉ-HOSPITALAR","AR-1628","1º BBM / 1ª CIA / 2º PEL / TERESÓPOLIS","-30.11207402998729","-51.25101717542727","",""
"PORTO ALEGRE","910267","02/06/2026 - 17:32","VILA JARDIM","IPE","ATENDIMENTO PRÉ-HOSPITALAR","AR-1628","1º BBM / 1ª CIA / 2º PEL / TERESÓPOLIS","-30.0328016558493","-51.14803040934562","",""
"PORTO ALEGRE","910277","02/06/2026 - 18:08","JARDIM EUROPA","VERISSIMO DO AMARAL","INCÊNDIO","ABT-0600","1º BBM / 2ª CIA / 2º PEL / PASSO D`AREIA","-30.0237543686871","-51.15633487701417","MEIO DE TRANSPORTE",""
"PORTO ALEGRE","910298","02/06/2026 - 19:38","GLÓRIA","CORONEL APARÍCIO BORGES","ATENDIMENTO PRÉ-HOSPITALAR","AR-1628","1º BBM / 1ª CIA / 2º PEL / TERESÓPOLIS","-30.072241518799096","-51.193015656978446","",""
"PORTO ALEGRE","910302","02/06/2026 - 20:04","SARANDI","DIQUE","INCÊNDIO","ABT-0600","1º BBM / 2ª CIA / 2º PEL / PASSO D`AREIA","-29.98527523998968","-51.13731724398981","TERRENO BALDIO",""
"PORTO ALEGRE","910314","02/06/2026 - 21:40","CRISTO REDENTOR","FERNANDO CORTEZ","AÇÕES PREVENTIVAS","ABT-0600","1º BBM / 2ª CIA / 2º PEL / PASSO D`AREIA","-30.011942422298514","-51.15701079368592","INSPEÇÃO/REMOÇÃO DE FONTE DE PERIGO",""
"PORTO ALEGRE","910326","02/06/2026 - 23:44","AGRONOMIA","RUA H","ATENDIMENTO PRÉ-HOSPITALAR","AR-1628","1º BBM / 1ª CIA / 2º PEL / TERESÓPOLIS","-30.06016200176309","-51.178120743225634","",""
"PORTO ALEGRE","910333","03/06/2026 - 04:38","LOMBA DO PINHEIRO","TANAUI DA SILVA BOEIRA","AÇÕES PREVENTIVAS","ABT-0598","1º BBM / 1ª CIA / 4º PEL / RESTINGA","-30.122254898022327","-51.10187372136641","RESGATE",""
"PORTO ALEGRE","910335","03/06/2026 - 05:01","ILHA DA PINTADA","BR 116","INCÊNDIO","ABT-0597","1º BBM / 2ª CIA / 1º PEL / FLORESTA","-29.988281785682094","-51.23658657073975","MEIO DE TRANSPORTE",""
"PORTO ALEGRE","910349","03/06/2026 - 08:31","NAVEGANTES","AVENIDA PRESIDENTE FRANKLIN ROOSEVELT","INCÊNDIO","ABT-0597","1º BBM / 2ª CIA / 1º PEL / FLORESTA","-30.003613295166318","-51.20141744613648","EDIFICAÇÃO MULTIFAMILIAR",""
"PORTO ALEGRE","910349","03/06/2026 - 08:31","NAVEGANTES","AVENIDA PRESIDENTE FRANKLIN ROOSEVELT","OCORRÊNCIA NÃO ATENDIDA","ABT-1364","1º BBM / 1ª CIA / 1º PEL / AÇORIANOS","-30.001197578133233","-51.200430393219","",""
"PORTO ALEGRE","910356","03/06/2026 - 08:55","PETRÓPOLIS","DOUTOR NILO PEÇANHA","ATENDIMENTO PRÉ-HOSPITALAR","AR-1628","1º BBM / 1ª CIA / 2º PEL / TERESÓPOLIS","-30.029977950554464","-51.18232011795045","",""
"PORTO ALEGRE","910379","03/06/2026 - 10:18","CENTRO HISTÓRICO","RUA RIACHUELO","OCORRÊNCIA NÃO ATENDIDA","ABT-1364","1º BBM / 1ª CIA / 1º PEL / AÇORIANOS","-30.03150127524609","-51.22838973999024","",""
"PORTO ALEGRE","910389","03/06/2026 - 10:50","FARROUPILHA","VENANCIO AIRES","ATENDIMENTO PRÉ-HOSPITALAR","AR-1628","1º BBM / 1ª CIA / 2º PEL / TERESÓPOLIS","-30.037185670437726","-51.20963573455811","",""
"PORTO ALEGRE","910393","03/06/2026 - 11:00","INDEPENDÊNCIA","PINHEIRO MACHADO","SALVAMENTO/BUSCA/RESGATE","ABT-0597","1º BBM / 2ª CIA / 1º PEL / FLORESTA","-30.0289933501878","-51.21075153350831","ELEVADORES",""
"PORTO ALEGRE","910403","03/06/2026 - 11:48","CENTRO","JOSÉ MONTAURY","SALVAMENTO/BUSCA/RESGATE","ABTS-866","BBS / 1ª CIA / 1º PEL / TERRESTRE","-30.02908004495236","-51.22776702627177","SUICÍDIO/TENTATIVA",""
"PORTO ALEGRE","910403","03/06/2026 - 11:48","CENTRO","JOSÉ MONTAURY","OCORRÊNCIA NÃO ATENDIDA","ABT-1364","1º BBM / 1ª CIA / 1º PEL / AÇORIANOS","-30.028788997942726","-51.22735977172852","",""
"PORTO ALEGRE","910411","03/06/2026 - 12:24","CENTRO HISTÓRICO","BORGES DE MEDEIROS","INCÊNDIO","ABT-1364","1º BBM / 1ª CIA / 1º PEL / AÇORIANOS","-30.03309888330586","-51.23184442520142","EDIFICAÇÃO MULTIFAMILIAR",""
"PORTO ALEGRE","910416","03/06/2026 - 12:42","BELÉM VELHO","OCTAVIO FRASCA","ATENDIMENTO PRÉ-HOSPITALAR","AR-1628","1º BBM / 1ª CIA / 2º PEL / TERESÓPOLIS","-30.124973685450236","-51.163716316223145","",""
"PORTO ALEGRE","910429","03/06/2026 - 13:18","CENTRO","DUQUE DE CAXIAS","OCORRÊNCIA NÃO ATENDIDA","ABT-1364","1º BBM / 1ª CIA / 1º PEL / AÇORIANOS","-30.03341468650174","-51.23347520828247","",""
"PORTO ALEGRE","910444","03/06/2026 - 13:54","HÍPICA","GERALDO TOLENS LINCK","OCORRÊNCIA NÃO ATENDIDA","ABT-0598","1º BBM / 1ª CIA / 4º PEL / RESTINGA","-30.15846779646776","-51.177084445953376","",""
"PORTO ALEGRE","910449","03/06/2026 - 14:03","GLÓRIA","GENERAL CUNHA LOUZADA","AVERIGUAÇÃO/MANEJO DE INSETOS","ABT-1364","1º BBM / 1ª CIA / 1º PEL / AÇORIANOS","-30.070078166235728","-51.20551586151124","VISTORIA",""
"PORTO ALEGRE","910455","03/06/2026 - 14:17","PROTÁSIO ALVES","GERMANO SCHMARCZEK","AVERIGUAÇÃO/MANEJO DE INSETOS","ABT-1365","1º BBM / 2ª CIA / 3º PEL / PARTENON","-30.040362102202643","-51.12730264663697","VISTORIA",""
"PORTO ALEGRE","910462","03/06/2026 - 14:31","BELÉM VELHO","ESTRADA AFONSO LOURENÇO MARIANTE","INCÊNDIO","ABT-0598","1º BBM / 1ª CIA / 4º PEL / RESTINGA","-30.1020872406525","-51.144940853118904","MEIO DE TRANSPORTE",""
"PORTO ALEGRE","910487","03/06/2026 - 15:47","MÁRIO QUINTANA","AMARRIM","AVERIGUAÇÃO/MANEJO DE INSETOS","ABT-0600","1º BBM / 2ª CIA / 2º PEL / PASSO D`AREIA","-30.032132890812896","-51.09956860542298","VISTORIA",""
"PORTO ALEGRE","910492","03/06/2026 - 15:52","PARTENON","BARÃO DO AMAZONAS","ATENDIMENTO PRÉ-HOSPITALAR","AR-1628","1º BBM / 1ª CIA / 2º PEL / TERESÓPOLIS","-30.057635649747894","-51.19079589843751","",""
"PORTO ALEGRE","910503","03/06/2026 - 16:27","ABERTA DOS MORROS","IVO WALTER KERN","AVERIGUAÇÃO/MANEJO DE INSETOS","ABT-0598","1º BBM / 1ª CIA / 4º PEL / RESTINGA","-30.153476874311174","-51.173393726348884","VISTORIA",""
"PORTO ALEGRE","910517","03/06/2026 - 17:14","TERESÓPOLIS","AV TERESOPOLIS","ATENDIMENTO PRÉ-HOSPITALAR","AR-1628","1º BBM / 1ª CIA / 2º PEL / TERESÓPOLIS","-30.09597958034542","-51.205816268920906","",""
"PORTO ALEGRE","910520","03/06/2026 - 17:18","PONTA GROSSA","RUA TUNEL VERDE","AÇÕES PREVENTIVAS","ABT-0599","1º BBM / 1ª CIA / 5º PEL / BELÉM NOVO","-30.17438510939901","-51.18875741958619","INSPEÇÃO/REMOÇÃO DE FONTE DE PERIGO",""
"PORTO ALEGRE","910560","03/06/2026 - 18:53","MENINO DEUS","ERICO VERISSIMO","ATENDIMENTO PRÉ-HOSPITALAR","AR-1628","1º BBM / 1ª CIA / 2º PEL / TERESÓPOLIS","-30.046844679090437","-51.218583583831794","",""
"PORTO ALEGRE","910588","03/06/2026 - 21:13","SARANDI","GABRIEL FRANCO DA LUZ","INCÊNDIO","ABT-0600","1º BBM / 2ª CIA / 2º PEL / PASSO D`AREIA","-29.984713464369257","-51.12346172993722","EDIFICAÇÃO MULTIFAMILIAR",""
"PORTO ALEGRE","910637","04/06/2026 - 07:44","RUBEM BERTA","BERNARDINO SILVEIRA AMORIM","INCÊNDIO","ABT-0600","1º BBM / 2ª CIA / 2º PEL / PASSO D`AREIA","-29.984638362434854","-51.111448338456796","EDIFICAÇÃO INDUSTRIAL",""
"PORTO ALEGRE","910662","04/06/2026 - 10:47","BELÉM VELHO","ESTRADA DO RINCÃO","ATENDIMENTO PRÉ-HOSPITALAR","AR-1628","1º BBM / 1ª CIA / 2º PEL / TERESÓPOLIS","-30.11448704327491","-51.16511321300359","",""
"PORTO ALEGRE","910692","04/06/2026 - 12:49","NONOAI","OCTAVIO DE SOUZA","ATENDIMENTO PRÉ-HOSPITALAR","AR-1628","1º BBM / 1ª CIA / 2º PEL / TERESÓPOLIS","-30.083020437492568","-51.218304707048325","",""
"PORTO ALEGRE","910710","04/06/2026 - 15:02","CASCATA","HERVAL","AVERIGUAÇÃO/MANEJO DE INSETOS","ABT-1365","1º BBM / 2ª CIA / 3º PEL / PARTENON","-30.08677096578487","-51.1702396268796","VISTORIA",""
"PORTO ALEGRE","910720","04/06/2026 - 15:47","CENTRO HISTÓRICO","JOÃO PESSOA","ATENDIMENTO PRÉ-HOSPITALAR","AR-1628","1º BBM / 1ª CIA / 2º PEL / TERESÓPOLIS","-30.033488992989824","-51.2223278787155","",""
"PORTO ALEGRE","910764","04/06/2026 - 18:42","BELÉM NOVO","ALBERTO MORAES","SALVAMENTO/BUSCA/RESGATE","ABT-0599","1º BBM / 1ª CIA / 5º PEL / BELÉM NOVO","-30.20638355595297","-51.17456846542893","DE ANIMAL",""
"PORTO ALEGRE","910769","04/06/2026 - 18:52","AUXILIADORA","CARLOS GOMES","ATENDIMENTO PRÉ-HOSPITALAR","AR-1628","1º BBM / 1ª CIA / 2º PEL / TERESÓPOLIS","-30.023624319525478","-51.18334977007776","",""
"PORTO ALEGRE","910771","04/06/2026 - 18:55","SANTA TEREZA","NOSSA SENHORA DO BRASIL","SALVAMENTO/BUSCA/RESGATE","ABT-1364","1º BBM / 1ª CIA / 1º PEL / AÇORIANOS","-30.069929608101152","-51.22334718704224","DE ANIMAL",""
"PORTO ALEGRE","910778","04/06/2026 - 20:02","LOMBA DO PINHEIRO","ADÃO PRETTO","INCÊNDIO","ABT-0598","1º BBM / 1ª CIA / 4º PEL / RESTINGA","-30.119832585852556","-51.10307693481446","MEIO DE TRANSPORTE",""
"PORTO ALEGRE","910779","04/06/2026 - 20:15","HUMAITÁ","AMYNTHAS JACQUES DE MORAES","INCÊNDIO","ABT-0597","1º BBM / 2ª CIA / 1º PEL / FLORESTA","-29.987761401992998","-51.19268417358399","LIXO",""
"PORTO ALEGRE","910781","04/06/2026 - 20:19","CENTRO","RUA DEMÉTRIO RIBEIRO","PRODUTOS PERIGOSOS","ABT-1364","1º BBM / 1ª CIA / 1º PEL / AÇORIANOS","-30.036052532710787","-51.22869014739991","QUÍMICO",""
"PORTO ALEGRE","910799","04/06/2026 - 22:37","CIDADE BAIXA","LUIZ AFONSO","INCÊNDIO","ABT-1364","1º BBM / 1ª CIA / 1º PEL / AÇORIANOS","-30.041755241903314","-51.225643157958984","CONTAINER",""
"PORTO ALEGRE","910803","04/06/2026 - 23:24","PETRÓPOLIS","MARANGUAPÉ","SALVAMENTO/BUSCA/RESGATE","ABT-1365","1º BBM / 2ª CIA / 3º PEL / PARTENON","-30.043798478028354","-51.18002413892768","DE ANIMAL",""
"PORTO ALEGRE","910806","04/06/2026 - 23:48","JARDIM ITU SABARÁ","ALBERTO PASQUALINI","INCÊNDIO","ABT-0600","1º BBM / 2ª CIA / 2º PEL / PASSO D`AREIA","-30.02997792252607","-51.1465086611078","EDIFICAÇÃO RESIDENCIAL UNIFAMILIAR",""
"PORTO ALEGRE","910807","04/06/2026 - 23:49","SARANDI","MONSENHOR ANTONIO GUILHERME GRINGS","AÇÕES PREVENTIVAS","ABT-0600","1º BBM / 2ª CIA / 2º PEL / PASSO D`AREIA","-30.000523950515763","-51.138396256513","APOIO À PESSOA OU INSTITUIÇÃO",""
"PORTO ALEGRE","910810","05/06/2026 - 02:03","SANTO ANTÔNIO","JOAQUIM CRUZ","ATENDIMENTO PRÉ-HOSPITALAR","AR-1628","1º BBM / 1ª CIA / 2º PEL / TERESÓPOLIS","-30.064561788231046","-51.20044530253435","",""
"PORTO ALEGRE","910815","05/06/2026 - 04:55","SÃO JOSÉ","MARTINS DE LIMA","INCÊNDIO","ABT-1365","1º BBM / 2ª CIA / 3º PEL / PARTENON","-30.068091182729937","-51.16850131225763","LIXO | TRANSFORMADOR/REDE ELÉTRICA",""
"PORTO ALEGRE","910817","05/06/2026 - 05:06","IPANEMA","JOSÉ KANAN ARANHA","INCÊNDIO","ABT-0596","1º BBM / 1ª CIA / 3º PEL / ASSUNÇÃO","-30.12714473335314","-51.23819802443044","EDIFICAÇÃO RESIDENCIAL UNIFAMILIAR",""
"PORTO ALEGRE","910818","05/06/2026 - 05:06","SARANDI","ENGENHEIRO JOÃO LUDERITZ","INCÊNDIO","ABT-0600","1º BBM / 2ª CIA / 2º PEL / PASSO D`AREIA","-30.007896389283474","-51.13531789849825","EDIFICAÇÃO MULTIFAMILIAR",""
"PORTO ALEGRE","910832","05/06/2026 - 07:33","CIDADE BAIXA","JOÃO ALFREDO","INCÊNDIO","ABT-1364","1º BBM / 1ª CIA / 1º PEL / AÇORIANOS","-30.04019492412214","-51.2258791923523","LIXO",""
"PORTO ALEGRE","910844","05/06/2026 - 09:06","CENTRO","RIACHUELO","SALVAMENTO/BUSCA/RESGATE","ABT-1364","1º BBM / 1ª CIA / 1º PEL / AÇORIANOS","-30.03148269825672","-51.23068571090698","ELEVADORES",""
"PORTO ALEGRE","910872","05/06/2026 - 10:38","CAVALHADA","AVENIDA CAVALHADA","ATENDIMENTO PRÉ-HOSPITALAR","AR-1628","1º BBM / 1ª CIA / 2º PEL / TERESÓPOLIS","-30.100769206076926","-51.23126470328375","",""
"PORTO ALEGRE","910894","05/06/2026 - 12:21","FLORESTA","AV CRISTOVÃO COLOMBO","SALVAMENTO/BUSCA/RESGATE","ABT-0597","1º BBM / 2ª CIA / 1º PEL / FLORESTA","-30.01782302447977","-51.196628040504834","DE ANIMAL",""
"PORTO ALEGRE","910916","05/06/2026 - 13:58","CENTRO","ALBERTO BINS","AVERIGUAÇÃO/MANEJO DE INSETOS","ABT-1364","1º BBM / 1ª CIA / 1º PEL / AÇORIANOS","-30.027785808083767","-51.21875524520875","VISTORIA",""
"PORTO ALEGRE","910919","05/06/2026 - 14:02","LOMBA DO PINHEIRO","PEDRO ÁLVARES CABRAL","SALVAMENTO/BUSCA/RESGATE","ABT-0598","1º BBM / 1ª CIA / 4º PEL / RESTINGA","-30.122004129885017","-51.09949350357056","DE ANIMAL",""
"PORTO ALEGRE","911046","05/06/2026 - 20:03","BELA VISTA","DR CARLOS GOMES","AVERIGUAÇÃO/CORTE DE ÁRVORE","ABT-0600","1º BBM / 2ª CIA / 2º PEL / PASSO D`AREIA","-30.027599971433496","-51.181418955207576","CORTE TOTAL",""
"PORTO ALEGRE","911056","05/06/2026 - 20:55","PASSO DAREIA","JOÃO WALLIG","SALVAMENTO/BUSCA/RESGATE","ABT-0600","1º BBM / 2ª CIA / 2º PEL / PASSO D`AREIA","-30.025352112342492","-51.16328716278077","DE ANIMAL",""
"PORTO ALEGRE","911072","05/06/2026 - 22:40","SÃO JOÃO","MARILAND","INCÊNDIO","ABT-0597","1º BBM / 2ª CIA / 1º PEL / FLORESTA","-30.01514753306912","-51.194515132672294","CONTAINER | LIXO",""
"PORTO ALEGRE","911093","06/06/2026 - 01:39","RUBEM BERTA","BERNARDINO SILVEIRA AMORIM","INCÊNDIO","AT-1590","1º BBM / 1ª CIA / 1º PEL / AÇORIANOS","-30.00576880840535","-51.092519760131836","EDIFICAÇÃO RESIDENCIAL UNIFAMILIAR",""
"PORTO ALEGRE","911093","06/06/2026 - 01:39","RUBEM BERTA","BERNARDINO SILVEIRA AMORIM","INCÊNDIO","ABT-0597","1º BBM / 2ª CIA / 1º PEL / FLORESTA","-30.00575022659478","-51.09238402332499","EDIFICAÇÃO RESIDENCIAL UNIFAMILIAR",""
"PORTO ALEGRE","911093","06/06/2026 - 01:39","RUBEM BERTA","BERNARDINO SILVEIRA AMORIM","INCÊNDIO","ABT-0600","1º BBM / 2ª CIA / 2º PEL / PASSO D`AREIA","-30.005787389019467","-51.0921978421735","EDIFICAÇÃO RESIDENCIAL UNIFAMILIAR",""
"PORTO ALEGRE","911097","06/06/2026 - 02:05","SANTA CECÍLIA","SILVA SÓ","INCÊNDIO","ABT-1364","1º BBM / 1ª CIA / 1º PEL / AÇORIANOS","-30.038040159170045","-51.20420694351197","CONTAINER",""
"PORTO ALEGRE","911107","06/06/2026 - 03:42","FARRAPOS","ALWIN FREDERICO LOSEKANN","INCÊNDIO","ABT-0597","1º BBM / 2ª CIA / 1º PEL / FLORESTA","-29.977179675474037","-51.193077601008426","EDIFICAÇÃO RESIDENCIAL UNIFAMILIAR",""
"PORTO ALEGRE","911117","06/06/2026 - 07:16","PRAIA DE BELAS","ISMAEL CHAVES BARCELOS","INCÊNDIO","ABT-1364","1º BBM / 1ª CIA / 1º PEL / AÇORIANOS","-30.04407709787124","-51.22836828231812","CONTAINER",""
"PORTO ALEGRE","911125","06/06/2026 - 08:51","CRISTAL","DONA CRISTINA","AÇÕES PREVENTIVAS","ABT-0596","1º BBM / 1ª CIA / 3º PEL / ASSUNÇÃO","-30.08741620288468","-51.22719860124308","VISTORIA DE HIDRANTES",""
"PORTO ALEGRE","911127","06/06/2026 - 09:01","NONOAI","AVENIDA NONOAI","AÇÕES PREVENTIVAS","ABT-0596","1º BBM / 1ª CIA / 3º PEL / ASSUNÇÃO","-30.094717397512962","-51.22570896525217","VISTORIA DE HIDRANTES",""
"PORTO ALEGRE","911129","06/06/2026 - 09:04","SÃO JOÃO","RUA PORTUGAL","INCÊNDIO","ABT-0597","1º BBM / 2ª CIA / 1º PEL / FLORESTA","-30.009299289266874","-51.18343591690064","CONTAINER",""
"PORTO ALEGRE","911139","06/06/2026 - 10:08","SÃO JOÃO","RUA PORTUGAL","AÇÕES PREVENTIVAS","ABT-0597","1º BBM / 2ª CIA / 1º PEL / FLORESTA","-30.00939219496134","-51.183371543884284","VISTORIA DE HIDRANTES",""
"PORTO ALEGRE","911140","06/06/2026 - 10:11","FLORESTA","AZEVEDO","AÇÕES PREVENTIVAS","ABT-0597","1º BBM / 2ª CIA / 1º PEL / FLORESTA","-30.01951839400138","-51.212081909179695","VISTORIA DE HIDRANTES",""
"PORTO ALEGRE","911144","06/06/2026 - 10:27","MEDIANEIRA","TRAVESSA VIAMÃO","SALVAMENTO/BUSCA/RESGATE","ABT-0594","1º BBM / 1ª CIA / 2º PEL / TERESÓPOLIS","-30.070282433306602","-51.21118068695069","DE ANIMAL",""
"PORTO ALEGRE","911152","06/06/2026 - 11:03","NONOAI","CUNHA NETO","ATENDIMENTO PRÉ-HOSPITALAR","AR-1628","1º BBM / 1ª CIA / 2º PEL / TERESÓPOLIS","-30.08304519241018","-51.21730330447016","",""
"PORTO ALEGRE","911155","06/06/2026 - 11:16","CENTRO","BORGES DE MEDEIROS","OCORRÊNCIA NÃO ATENDIDA","ABT-1364","1º BBM / 1ª CIA / 1º PEL / AÇORIANOS","-30.02930916646516","-51.22798204421998","",""
"PORTO ALEGRE","911157","06/06/2026 - 11:19","AGRONOMIA","BENTO GONÇALVES","AÇÕES PREVENTIVAS","ABT-1365","1º BBM / 2ª CIA / 3º PEL / PARTENON","-30.076633071886345","-51.12479329868854","VISTORIA DE HIDRANTES",""
"PORTO ALEGRE","911159","06/06/2026 - 11:24","AGRONOMIA","BENTO GONÇALVES","AÇÕES PREVENTIVAS","ABT-1365","1º BBM / 2ª CIA / 3º PEL / PARTENON","-30.077134420729795","-51.1214017057441","VISTORIA DE HIDRANTES",""
"PORTO ALEGRE","911160","06/06/2026 - 11:27","TERESÓPOLIS","CARLOS FERREIRA","AÇÕES PREVENTIVAS","ABT-0594","1º BBM / 1ª CIA / 2º PEL / TERESÓPOLIS","-30.080142460436104","-51.20214700698853","VISTORIA DE HIDRANTES",""
"PORTO ALEGRE","911162","06/06/2026 - 11:35","TERESÓPOLIS","CARLOS FERREIRA","AÇÕES PREVENTIVAS","ABT-0594","1º BBM / 1ª CIA / 2º PEL / TERESÓPOLIS","-30.082184904392946","-51.20424985885621","VISTORIA DE HIDRANTES",""
"PORTO ALEGRE","911176","06/06/2026 - 12:24","FLORESTA","CHICAGO","INCÊNDIO","ABT-0597","1º BBM / 2ª CIA / 1º PEL / FLORESTA","-30.016638571040467","-51.200065612792976","EDIFICAÇÃO MULTIFAMILIAR",""
"PORTO ALEGRE","911181","06/06/2026 - 12:52","MENINO DEUS","JOSÉ DE ALENCAR","INCÊNDIO","ABT-1364","1º BBM / 1ª CIA / 1º PEL / AÇORIANOS","-30.059975705091166","-51.22665166854859","EDIFICAÇÃO MULTIFAMILIAR",""
"PORTO ALEGRE","911182","06/06/2026 - 12:56","SÃO JOÃO","AVENIDA CEARA","INCÊNDIO","ABT-0597","1º BBM / 2ª CIA / 1º PEL / FLORESTA","-29.99813139105592","-51.1902379989624","LIXO",""
"PORTO ALEGRE","911183","06/06/2026 - 12:57","RESTINGA","RUA CEDRO","ATENDIMENTO PRÉ-HOSPITALAR","AR-1628","1º BBM / 1ª CIA / 2º PEL / TERESÓPOLIS","-30.147786792022472","-51.15683487053763","",""
"PORTO ALEGRE","911183","06/06/2026 - 12:57","RESTINGA","RUA CEDRO","AÇÕES PREVENTIVAS","ABT-0598","1º BBM / 1ª CIA / 4º PEL / RESTINGA","-30.14724250525512","-51.15554094314576","APOIO À PESSOA OU INSTITUIÇÃO",""
"PORTO ALEGRE","911188","06/06/2026 - 13:43","SÃO JOSÉ","RUA VINTE E SEIS DE DEZEMBRO","SALVAMENTO/BUSCA/RESGATE","ABT-1365","1º BBM / 2ª CIA / 3º PEL / PARTENON","-30.068388304295574","-51.16584013235941","DE ANIMAL",""
"PORTO ALEGRE","911195","06/06/2026 - 14:01","JARDIM CARVALHO","RUA 5 ACESSO 28","AVERIGUAÇÃO/MANEJO DE INSETOS","ABT-1365","1º BBM / 2ª CIA / 3º PEL / PARTENON","-30.051506671262274","-51.15249395370484","VISTORIA",""
"PORTO ALEGRE","911204","06/06/2026 - 14:39","RESTINGA","AV. IGNÊS E FAGUNDES","AÇÕES PREVENTIVAS","ABT-0598","1º BBM / 1ª CIA / 4º PEL / RESTINGA","-30.14640751519468","-51.14629268646241","VISTORIA DE HIDRANTES",""
"PORTO ALEGRE","911206","06/06/2026 - 14:42","RESTINGA","ESTRADA JOAO ANTONIO DA SILVEIRA","AÇÕES PREVENTIVAS","ABT-0598","1º BBM / 1ª CIA / 4º PEL / RESTINGA","-30.16598153367773","-51.15483283996583","VISTORIA DE HIDRANTES",""
"PORTO ALEGRE","911214","06/06/2026 - 15:24","RIO BRANCO","MIGUEL TOSTES","SALVAMENTO/BUSCA/RESGATE","ABT-0597","1º BBM / 2ª CIA / 1º PEL / FLORESTA","-30.035550975809496","-51.20573043823243","DE ANIMAL",""
"PORTO ALEGRE","911217","06/06/2026 - 15:31","CENTRO HISTÓRICO","RUA DOS ANDRADAS","INCÊNDIO","ABT-1364","1º BBM / 1ª CIA / 1º PEL / AÇORIANOS","-30.0332289200378","-51.23941898345947","EDIFICAÇÃO MULTIFAMILIAR",""
"PORTO ALEGRE","911221","06/06/2026 - 16:01","PARTENON","AV. BENTO GONÇALVES","ATENDIMENTO PRÉ-HOSPITALAR","AR-1628","1º BBM / 1ª CIA / 2º PEL / TERESÓPOLIS","-30.064581366734238","-51.15655682940108","",""
"PORTO ALEGRE","911228","06/06/2026 - 16:16","PARTENON","ALBION","ATENDIMENTO PRÉ-HOSPITALAR","AR-1628","1º BBM / 1ª CIA / 2º PEL / TERESÓPOLIS","-30.057504097186648","-51.16520585607211","",""
"PORTO ALEGRE","911233","06/06/2026 - 16:21","SARANDI","ASSIS BRASIL","INCÊNDIO","ABT-0600","1º BBM / 2ª CIA / 2º PEL / PASSO D`AREIA","-29.97339401824186","-51.11425638198853","MEIO DE TRANSPORTE",""
"PORTO ALEGRE","911238","06/06/2026 - 16:28","VILA IPIRANGA","VALENÇA","AVERIGUAÇÃO/MANEJO DE INSETOS","ABT-0600","1º BBM / 2ª CIA / 2º PEL / PASSO D`AREIA","-30.02098614256098","-51.14803075790406","VISTORIA",""
"PORTO ALEGRE","911250","06/06/2026 - 17:18","RUBEM BERTA","SARGENTO SILVIO DELMAR HOLLENBACH","INCÊNDIO","ABT-0600","1º BBM / 2ª CIA / 2º PEL / PASSO D`AREIA","-30.014204590943447","-51.09711170196534","LIXO",""
"PORTO ALEGRE","911258","06/06/2026 - 17:49","AGRONOMIA","JOÃO DE OLIVEIRA REMIÃO","INCÊNDIO","ABT-1365","1º BBM / 2ª CIA / 3º PEL / PARTENON","-30.09213657330186","-51.131250874518905","LIXO",""
"PORTO ALEGRE","911260","06/06/2026 - 17:52","FARRAPOS","OLGA BENARIO","INCÊNDIO","ABT-0597","1º BBM / 2ª CIA / 1º PEL / FLORESTA","-29.980268968461417","-51.19929045438767","EDIFICAÇÃO RESIDENCIAL UNIFAMILIAR",""
"PORTO ALEGRE","911262","06/06/2026 - 18:00","SÃO JOÃO","CORONEL FEIJÓ","ATENDIMENTO PRÉ-HOSPITALAR","AR-1628","1º BBM / 1ª CIA / 2º PEL / TERESÓPOLIS","-30.010940611148484","-51.181862801149784","",""
"PORTO ALEGRE","911268","06/06/2026 - 18:26","PONTA GROSSA","ESTRADA RETIRO DA PONTA GROSSA","AÇÕES PREVENTIVAS","ABT-0599","1º BBM / 1ª CIA / 5º PEL / BELÉM NOVO","-30.18480974160781","-51.201846599578865","VISTORIA DE HIDRANTES",""
"PORTO ALEGRE","911271","06/06/2026 - 18:32","PONTA GROSSA","ESTRADA DA PONTA GROSSA","AÇÕES PREVENTIVAS","ABT-0599","1º BBM / 1ª CIA / 5º PEL / BELÉM NOVO","-30.192877872177856","-51.194400787353516","VISTORIA DE HIDRANTES",""
"PORTO ALEGRE","911279","06/06/2026 - 18:45","AGRONOMIA","ANTONIO JOSE SANTANA","INCÊNDIO","ABT-1365","1º BBM / 2ª CIA / 3º PEL / PARTENON","-30.06916824416125","-51.14968316077743","LIXO",""
"PORTO ALEGRE","911285","06/06/2026 - 19:09","CAVALHADA","RUA DEPUTADO CUNHA BUENO","ATENDIMENTO PRÉ-HOSPITALAR","AR-1628","1º BBM / 1ª CIA / 2º PEL / TERESÓPOLIS","-30.131265136243307","-51.21615891014904","",""
"PORTO ALEGRE","911304","06/06/2026 - 20:39","RUBEM BERTA","ACESSO 1","INCÊNDIO","ABT-1365","1º BBM / 2ª CIA / 3º PEL / PARTENON","-30.02810162820843","-51.1111720622444","LIXO",""
"PORTO ALEGRE","911350","07/06/2026 - 03:48","CENTRO HISTÓRICO","AV. VOLUNTÁRIOS DA PÁTRIA","INCÊNDIO","ABT-0597","1º BBM / 2ª CIA / 1º PEL / FLORESTA","-30.02681976380932","-51.22356176376343","CONTAINER",""
"PORTO ALEGRE","911382","07/06/2026 - 10:16","NONOAI","SANTA FLORA","AÇÕES PREVENTIVAS","ABT-0596","1º BBM / 1ª CIA / 3º PEL / ASSUNÇÃO","-30.093120586380337","-51.23006352764474","VISTORIA DE HIDRANTES",""
"PORTO ALEGRE","911383","07/06/2026 - 10:18","CRISTAL","INHANDUÍ","AÇÕES PREVENTIVAS","ABT-0596","1º BBM / 1ª CIA / 3º PEL / ASSUNÇÃO","-30.087977788700872","-51.2382602361172","VISTORIA DE HIDRANTES",""
"PORTO ALEGRE","911388","07/06/2026 - 11:19","VILA NOVA","RUA JOÃO LOCATELLI DA SILVA","SALVAMENTO/BUSCA/RESGATE","ABT-0594","1º BBM / 1ª CIA / 2º PEL / TERESÓPOLIS","-30.10424061143629","-51.211974572183045","DE ANIMAL",""
"PORTO ALEGRE","911403","07/06/2026 - 12:29","ANCHIETA","AVENIDA SEVERO DULLIUS","ATENDIMENTO PRÉ-HOSPITALAR","AR-1628","1º BBM / 1ª CIA / 2º PEL / TERESÓPOLIS","-29.989229620393292","-51.16897120863353","",""
"PORTO ALEGRE","911424","07/06/2026 - 14:33","ABERTA DOS MORROS","HESIODO ANDRADE","OCORRÊNCIA NÃO ATENDIDA","ABT-0598","1º BBM / 1ª CIA / 4º PEL / RESTINGA","-30.160731254114612","-51.17053985595704","",""
"PORTO ALEGRE","911434","07/06/2026 - 15:29","CAVALHADA","AVENIDA CAVALHADA","ATENDIMENTO PRÉ-HOSPITALAR","AR-1628","1º BBM / 1ª CIA / 2º PEL / TERESÓPOLIS","-30.106486749927907","-51.22905372813643","",""
"PORTO ALEGRE","911453","07/06/2026 - 16:47","PARTENON","AVENIDA BENTO GONÇALVES 3850","VISTORIA DE SEG. CONTRA. INC","ABT-1365","1º BBM / 2ª CIA / 3º PEL / PARTENON","-30.06049570987844","-51.19124868196274","",""
"PORTO ALEGRE","911454","07/06/2026 - 16:48","JARDIM CARVALHO","AVENIDA IPIRANGA","VISTORIA DE SEG. CONTRA. INC","ABT-1365","1º BBM / 2ª CIA / 3º PEL / PARTENON","-30.057561361370894","-51.175806445340136","",""
"PORTO ALEGRE","911458","07/06/2026 - 17:21","PRAIA DE BELAS","PRAIA DE BELAS","AÇÕES PREVENTIVAS","ABT-291","1º BBM / 1ª CIA / 1º PEL / AÇORIANOS","-30.054534062593522","-51.22871160507203","VISTORIA DE HIDRANTES",""
"PORTO ALEGRE","911459","07/06/2026 - 17:21","MENINO DEUS","GETÚLIO VARGAS","AÇÕES PREVENTIVAS","ABT-291","1º BBM / 1ª CIA / 1º PEL / AÇORIANOS","-30.049927933546773","-51.22249960899353","VISTORIA DE HIDRANTES",""
"PORTO ALEGRE","911462","07/06/2026 - 17:32","PETRÓPOLIS","PROTASIO ALVES","ATENDIMENTO PRÉ-HOSPITALAR","AR-1628","1º BBM / 1ª CIA / 2º PEL / TERESÓPOLIS","-30.0381887651539","-51.11408368410536","",""
"PORTO ALEGRE","911463","07/06/2026 - 17:35","CRISTAL","CAMPOS VELHO","AÇÕES PREVENTIVAS","ABT-0594","1º BBM / 1ª CIA / 2º PEL / TERESÓPOLIS","-30.0949585060902","-51.22643213905517","VISTORIA DE HIDRANTES",""
"PORTO ALEGRE","911465","07/06/2026 - 17:36","CAVALHADA","VICENTE MONTEGGIA","AÇÕES PREVENTIVAS","ABT-0594","1º BBM / 1ª CIA / 2º PEL / TERESÓPOLIS","-30.10487176294667","-51.22259586859568","VISTORIA DE HIDRANTES",""
"PORTO ALEGRE","911474","07/06/2026 - 18:20","FLORESTA","AV CRISTOVÃO COLOMBO","INCÊNDIO","ABT-0597","1º BBM / 2ª CIA / 1º PEL / FLORESTA","-30.021599246285604","-51.208434710295506","EDIFICAÇÃO MULTIFAMILIAR",""
"PORTO ALEGRE","911476","07/06/2026 - 18:27","HÍPICA","CORTICEIRA","INCÊNDIO","ABT-0599","1º BBM / 1ª CIA / 5º PEL / BELÉM NOVO","-30.164219103516086","-51.19028091430665","EDIFICAÇÃO RESIDENCIAL UNIFAMILIAR",""
"PORTO ALEGRE","911488","07/06/2026 - 20:01","RESTINGA","SETE","AVERIGUAÇÃO/MANEJO DE INSETOS","ABT-0598","1º BBM / 1ª CIA / 4º PEL / RESTINGA","-30.165035390876525","-51.13685131072999","EXTERMÍNIO",""
"PORTO ALEGRE","911494","07/06/2026 - 20:58","PASSO DAREIA","JOÃO DE MAGALHÃES","ATENDIMENTO PRÉ-HOSPITALAR","AR-1628","1º BBM / 1ª CIA / 2º PEL / TERESÓPOLIS","-30.011027320941917","-51.167128150938176","",""
"PORTO ALEGRE","911511","07/06/2026 - 22:44","NONOAI","RUA CANGUSSU","INCÊNDIO","ABT-0594","1º BBM / 1ª CIA / 2º PEL / TERESÓPOLIS","-30.0877364252959","-51.21845491885918","EDIFICAÇÃO RESIDENCIAL UNIFAMILIAR",""
"PORTO ALEGRE","911512","07/06/2026 - 22:47","SÃO JOÃO","HONORIO SILVEIRA DIAS","AÇÕES PREVENTIVAS","ABT-0597","1º BBM / 2ª CIA / 1º PEL / FLORESTA","-30.007831367746753","-51.185989126725566","VISTORIA DE HIDRANTES",""
"PORTO ALEGRE","911513","07/06/2026 - 22:50","SÃO JOÃO","DONA SEBASTIANA","AÇÕES PREVENTIVAS","ABT-0597","1º BBM / 2ª CIA / 1º PEL / FLORESTA","-30.007069526497613","-51.185839194522714","VISTORIA DE HIDRANTES",""
"PORTO ALEGRE","911520","07/06/2026 - 23:38","ABERTA DOS MORROS","JARDIM DAS ESTRELAS","SALVAMENTO/BUSCA/RESGATE","ABT-0599","1º BBM / 1ª CIA / 5º PEL / BELÉM NOVO","-30.14624051633453","-51.19729757308961","DESAPARECIMENTO",""
"PORTO ALEGRE","911560","08/06/2026 - 09:12","SÃO SEBASTIÃO","WALT DISNEY","SALVAMENTO/BUSCA/RESGATE","ABT-0600","1º BBM / 2ª CIA / 2º PEL / PASSO D`AREIA","-30.004644593206777","-51.143342249936445","DE ANIMAL",""
"PORTO ALEGRE","911578","08/06/2026 - 10:33","AZENHA","PROFESSOR OSCAR PEREIRA","ATENDIMENTO PRÉ-HOSPITALAR","AR-1628","1º BBM / 1ª CIA / 2º PEL / TERESÓPOLIS","-30.06354139735179","-51.20607137781933","",""
"PORTO ALEGRE","911579","08/06/2026 - 10:36","SÃO JOÃO","ASSIS BRASIL","SALVAMENTO/BUSCA/RESGATE","ABT-0597","1º BBM / 2ª CIA / 1º PEL / FLORESTA","-30.008094604216765","-51.18327454313273","DE ANIMAL",""
"PORTO ALEGRE","911579","08/06/2026 - 10:36","SÃO JOÃO","ASSIS BRASIL","OCORRÊNCIA NÃO ATENDIDA","ABT-0600","1º BBM / 2ª CIA / 2º PEL / PASSO D`AREIA","-30.00835164621351","-51.183135555757964","",""
"PORTO ALEGRE","911584","08/06/2026 - 10:45","MENINO DEUS","MIGUEL COUTO","INCÊNDIO","ABT-291","1º BBM / 1ª CIA / 1º PEL / AÇORIANOS","-30.065045635252186","-51.22722029685974","EDIFICAÇÃO MULTIFAMILIAR",""
"PORTO ALEGRE","911587","08/06/2026 - 10:50","ABERTA DOS MORROS","DOUTOR MIGUEL VIEIRA FERREIRA","SALVAMENTO/BUSCA/RESGATE","ABT-0599","1º BBM / 1ª CIA / 5º PEL / BELÉM NOVO","-30.161093031463373","-51.1978984633235","DE ANIMAL",""
"PORTO ALEGRE","911605","08/06/2026 - 12:08","SANTA TEREZA","CORRÊA LIMA","ATENDIMENTO PRÉ-HOSPITALAR","AR-1628","1º BBM / 1ª CIA / 2º PEL / TERESÓPOLIS","-30.072120817970536","-51.229934935563136","",""
"PORTO ALEGRE","911649","08/06/2026 - 14:52","SARANDI","ASSIS BRASIL","SALVAMENTO/BUSCA/RESGATE","ABT-0600","1º BBM / 2ª CIA / 2º PEL / PASSO D`AREIA","-30.001271906975465","-51.13356863389822","DE ANIMAL",""
"PORTO ALEGRE","911650","08/06/2026 - 14:58","PETRÓPOLIS","ALEGRETE","AÇÕES PREVENTIVAS","ABT-0597","1º BBM / 2ª CIA / 1º PEL / FLORESTA","-30.040371389865502","-51.19131341828666","APOIO À PESSOA OU INSTITUIÇÃO",""
"PORTO ALEGRE","911651","08/06/2026 - 15:01","BELÉM NOVO","EUSTAQUIO INACIO  SILVEIRA","AÇÕES PREVENTIVAS","ABT-0599","1º BBM / 1ª CIA / 5º PEL / BELÉM NOVO","-30.211292989963738","-51.17807122102779","PROGRAMA BOMBEIRO NA ESCOLA",""
"PORTO ALEGRE","911664","08/06/2026 - 15:25","BELÉM VELHO","ESTRADA AFONSO LOURENÇO MARIANTE","ATENDIMENTO PRÉ-HOSPITALAR","AR-1628","1º BBM / 1ª CIA / 2º PEL / TERESÓPOLIS","-30.107953209493896","-51.15309497928045","",""
"PORTO ALEGRE","911712","08/06/2026 - 17:41","FLORESTA","RUA FELIX DA CUNHA","AVERIGUAÇÃO/CORTE DE ÁRVORE","ABT-0597","1º BBM / 2ª CIA / 1º PEL / FLORESTA","-30.018942436099675","-51.202115162431305","CORTE PARCIAL",""
"PORTO ALEGRE","911717","08/06/2026 - 17:58","PARTENON","EUCLIDES DA CUNHA","ATENDIMENTO PRÉ-HOSPITALAR","AR-1628","1º BBM / 1ª CIA / 2º PEL / TERESÓPOLIS","-30.052788216312724","-51.198113305082565","",""
"PORTO ALEGRE","911736","08/06/2026 - 19:23","CENTRO","DOUTOR FLORES","ATENDIMENTO PRÉ-HOSPITALAR","AR-1628","1º BBM / 1ª CIA / 2º PEL / TERESÓPOLIS","-30.02898870582327","-51.22460780704071","",""
"PORTO ALEGRE","911743","08/06/2026 - 19:48","CRISTAL","ICARAÍ","INCÊNDIO","ABT-0596","1º BBM / 1ª CIA / 3º PEL / ASSUNÇÃO","-30.094030263110614","-51.2429601570114","TRANSFORMADOR/REDE ELÉTRICA",""
"PORTO ALEGRE","911760","08/06/2026 - 20:44","CASCATA","ESTRADA DOS BATILLANAS","INCÊNDIO","ABT-1365","1º BBM / 2ª CIA / 3º PEL / PARTENON","-30.085582694985952","-51.18380085944687","MEIO DE TRANSPORTE",""
"PORTO ALEGRE","911764","08/06/2026 - 21:08","CRISTAL","CAI","ATENDIMENTO PRÉ-HOSPITALAR","AR-1628","1º BBM / 1ª CIA / 2º PEL / TERESÓPOLIS","-30.08265837401598","-51.23378611350692","",""
"PORTO ALEGRE","911767","08/06/2026 - 21:17","CENTRO","CORONEL GENUINO","INCÊNDIO","ABT-291","1º BBM / 1ª CIA / 1º PEL / AÇORIANOS","-30.03641476667186","-51.227531433105476","EDIFICAÇÃO MULTIFAMILIAR",""
"PORTO ALEGRE","911775","08/06/2026 - 22:12","CENTRO","CEL GENUINO","INCÊNDIO","ABT-291","1º BBM / 1ª CIA / 1º PEL / AÇORIANOS","-30.036312598252806","-51.22750997543336","EDIFICAÇÃO MULTIFAMILIAR",""
"PORTO ALEGRE","911776","08/06/2026 - 22:12","CASCATA","CLAUDIONOR MORAIS","INCÊNDIO","ABT-1365","1º BBM / 2ª CIA / 3º PEL / PARTENON","-30.087940655907698","-51.18287807416761","EDIFICAÇÃO RESIDENCIAL UNIFAMILIAR",""
"PORTO ALEGRE","911788","09/06/2026 - 03:08","NONOAI","COSTA LIMA","ATENDIMENTO PRÉ-HOSPITALAR","ABT-0594","1º BBM / 1ª CIA / 2º PEL / TERESÓPOLIS","-30.088757574136984","-51.20836884024196","",""
"PORTO ALEGRE","911789","09/06/2026 - 03:53","NONOAI","COSTA LIMA","ATENDIMENTO PRÉ-HOSPITALAR","AR-1628","1º BBM / 1ª CIA / 2º PEL / TERESÓPOLIS","-30.086747757507528","-51.210456383112025","OCORRÊNCIA DE VULTO",""
"PORTO ALEGRE","911808","09/06/2026 - 08:44","PETRÓPOLIS","PROFESSOR CRISTIANO FISCHER","ATENDIMENTO PRÉ-HOSPITALAR","AR-1628","1º BBM / 1ª CIA / 2º PEL / TERESÓPOLIS","-30.04136565000097","-51.17191804140384","",""
"PORTO ALEGRE","911809","09/06/2026 - 08:57","CRISTAL","DIÁRIO DE NOTÍCIAS","ATENDIMENTO PRÉ-HOSPITALAR","AR-1628","1º BBM / 1ª CIA / 2º PEL / TERESÓPOLIS","-30.079995864411718","-51.24704162215845","",""
"PORTO ALEGRE","911832","09/06/2026 - 10:17","BELÉM VELHO","ESTRADA AFONSO LOURENÇO MARIANTE","ATENDIMENTO PRÉ-HOSPITALAR","AR-1628","1º BBM / 1ª CIA / 2º PEL / TERESÓPOLIS","-30.107417875690963","-51.152614181271524","",""
"PORTO ALEGRE","911838","09/06/2026 - 10:27","JARDIM CARVALHO","AVENIDA IPIRANGA","SALVAMENTO/BUSCA/RESGATE","ABT-1365","1º BBM / 2ª CIA / 3º PEL / PARTENON","-30.06404281252524","-51.15075588226319","OBJETO EM LOCAL DE RISCO",""
"PORTO ALEGRE","911864","09/06/2026 - 12:13","TIMBAUVA 3","IRMÃO AVELINO MADALOZZO","AVERIGUAÇÃO/CORTE DE ÁRVORE","ABT-0600","1º BBM / 2ª CIA / 2º PEL / PASSO D`AREIA","-30.147094036290298","-51.15779442834037","VISTORIA",""
"PORTO ALEGRE","911868","09/06/2026 - 12:36","PARTENON","AV. IPIRANGA","ATENDIMENTO PRÉ-HOSPITALAR","AR-1628","1º BBM / 1ª CIA / 2º PEL / TERESÓPOLIS","-30.063444892593758","-51.14980526715114","",""
"PORTO ALEGRE","911890","09/06/2026 - 14:00","CIDADE BAIXA","ALBERTO TORRES","SALVAMENTO/BUSCA/RESGATE","ATP-0640","1º BBM / ESTADO MAIOR","-30.04017634876246","-51.22096538543702","SUICÍDIO/TENTATIVA",""
"PORTO ALEGRE","911890","09/06/2026 - 14:00","CIDADE BAIXA","ALBERTO TORRES","SALVAMENTO/BUSCA/RESGATE","ABTS-866","BBS / 1ª CIA / 1º PEL / TERRESTRE","-30.040232074831074","-51.221029758453376","SUICÍDIO/TENTATIVA",""
"PORTO ALEGRE","911900","09/06/2026 - 14:32","CENTRO HISTÓRICO","RUA DUQUE DE CAXIAS","OCORRÊNCIA NÃO ATENDIDA","ABT-291","1º BBM / 1ª CIA / 1º PEL / AÇORIANOS","-30.033674758966274","-51.22798204421998","",""
"PORTO ALEGRE","911927","09/06/2026 - 15:48","PETRÓPOLIS","ITAJAÍ","ATENDIMENTO PRÉ-HOSPITALAR","AR-1628","1º BBM / 1ª CIA / 2º PEL / TERESÓPOLIS","-30.036897659326566","-51.18403140245615","",""
"PORTO ALEGRE","911927","09/06/2026 - 15:48","PETRÓPOLIS","ITAJAÍ","ATENDIMENTO PRÉ-HOSPITALAR","ABT-0597","1º BBM / 2ª CIA / 1º PEL / FLORESTA","-30.0375200364714","-51.18397235870362","OCORRÊNCIA DE VULTO",""
"PORTO ALEGRE","911952","09/06/2026 - 16:47","SÃO JOSÉ","MARTINS DE LIMA","AVERIGUAÇÃO/MANEJO DE INSETOS","ABT-1365","1º BBM / 2ª CIA / 3º PEL / PARTENON","-30.062779984268545","-51.16955313538597","VISTORIA",""
"PORTO ALEGRE","911996","09/06/2026 - 18:36","CENTRO","PINTO BANDEIRA","PRODUTOS PERIGOSOS","ABT-1364","1º BBM / 1ª CIA / 1º PEL / AÇORIANOS","-30.029002638916197","-51.22231721878052","BIOLÓGICO",""
"PORTO ALEGRE","912009","09/06/2026 - 19:14","SANTA TEREZA","DONA OTÍLIA","INCÊNDIO","ABT-0594","1º BBM / 1ª CIA / 2º PEL / TERESÓPOLIS","-30.080866604482676","-51.227165939350556","LIXO",""
"PORTO ALEGRE","912009","09/06/2026 - 19:14","SANTA TEREZA","DONA OTÍLIA","INCÊNDIO","ATP-0640","1º BBM / ESTADO MAIOR","-30.07917692679441","-51.22922658920289","LOCAIS DE REUNIÃO DE PÚBLICO (F)",""
"PORTO ALEGRE","912013","09/06/2026 - 19:38","JARDIM CARVALHO","RUA UM","INCÊNDIO","ABT-1365","1º BBM / 2ª CIA / 3º PEL / PARTENON","-30.0536982889592","-51.14888908100084","LIXO | REJEITOS INDUSTRIAIS",""
"PORTO ALEGRE","912014","09/06/2026 - 19:51","MENINO DEUS","BARÃO DE TEFFÉ","INCÊNDIO","ABT-1364","1º BBM / 1ª CIA / 1º PEL / AÇORIANOS","-30.059864275138523","-51.220085620880134","TRANSFORMADOR/REDE ELÉTRICA",""
"PORTO ALEGRE","912017","09/06/2026 - 20:07","SÃO JOSÉ","MARTINS DE LIMA","AVERIGUAÇÃO/MANEJO DE INSETOS","ABT-1365","1º BBM / 2ª CIA / 3º PEL / PARTENON","-30.06270569975172","-51.169703395832876","REMOÇÃO",""
"PORTO ALEGRE","912019","09/06/2026 - 20:14","MENINO DEUS","JOSÉ DE ALENCAR","INCÊNDIO","ABT-1364","1º BBM / 1ª CIA / 1º PEL / AÇORIANOS","-30.060328565780413","-51.22210264205933","CONTAINER",""
"PORTO ALEGRE","912035","09/06/2026 - 21:43","LOMBA DO PINHEIRO","RUA UIRAPURU","SALVAMENTO/BUSCA/RESGATE","ABT-1365","1º BBM / 2ª CIA / 3º PEL / PARTENON","-30.087179430574462","-51.12709847451141","DE ANIMAL",""
"PORTO ALEGRE","912047","09/06/2026 - 23:05","FLORESTA","PERNAMBUCO","ATENDIMENTO PRÉ-HOSPITALAR","AR-1628","1º BBM / 1ª CIA / 2º PEL / TERESÓPOLIS","-30.008115364604684","-51.20052110459402","",""
"PORTO ALEGRE","912047","09/06/2026 - 23:05","FLORESTA","PERNAMBUCO","ATENDIMENTO PRÉ-HOSPITALAR","ATP-0640","1º BBM / ESTADO MAIOR","-30.016304134567125","-51.202061176300056","",""
"PORTO ALEGRE","912051","10/06/2026 - 00:32","BOM JESUS","RUA OITO","INCÊNDIO","ABT-1365","1º BBM / 2ª CIA / 3º PEL / PARTENON","-30.050540858236715","-51.16214454984644","EDIFICAÇÃO COMERCIAL",""
"PORTO ALEGRE","912052","10/06/2026 - 00:35","TRISTEZA","DOUTOR PEREIRA NETO","INCÊNDIO","ABT-0596","1º BBM / 1ª CIA / 3º PEL / ASSUNÇÃO","-30.112036906245578","-51.25089883804322","LIXO",""
"PORTO ALEGRE","912083","10/06/2026 - 08:53","FARRAPOS","MARCOS SPRITZER","INCÊNDIO","ABT-291","1º BBM / 2ª CIA / 1º PEL / FLORESTA","-29.983988538681867","-51.194851398468025","TRANSFORMADOR/REDE ELÉTRICA",""
"PORTO ALEGRE","912088","10/06/2026 - 09:09","TIMBAUVA 3","IRMÃO AVELINO MADALOZZO","AVERIGUAÇÃO/CORTE DE ÁRVORE","ABT-0600","1º BBM / 2ª CIA / 2º PEL / PASSO D`AREIA","-30.14783627166512","-51.15534782409669","CORTE PARCIAL",""
"PORTO ALEGRE","912095","10/06/2026 - 09:24","ILHA DAS FLORES","BR 290","ATENDIMENTO PRÉ-HOSPITALAR","AR-1628","1º BBM / 1ª CIA / 2º PEL / TERESÓPOLIS","-29.987724231625116","-51.258773803710945","",""
"PORTO ALEGRE","912110","10/06/2026 - 10:11","SANTA TEREZA","MARIA AGUEDA","SALVAMENTO/BUSCA/RESGATE","ABT-1364","1º BBM / 1ª CIA / 1º PEL / AÇORIANOS","-30.081015146195945","-51.224302053451545","DE ANIMAL",""
"PORTO ALEGRE","912111","10/06/2026 - 10:15","HUMAITÁ","AVENIDA ERNESTO NEUGEBAUER","ATENDIMENTO PRÉ-HOSPITALAR","AR-1628","1º BBM / 1ª CIA / 2º PEL / TERESÓPOLIS","-29.984778435722372","-51.185152530670166","",""
"PORTO ALEGRE","912136","10/06/2026 - 12:05","RESTINGA","ACESSO C","PRODUTOS PERIGOSOS","ABT-0598","1º BBM / 1ª CIA / 4º PEL / RESTINGA","-30.15267904549626","-51.14682912826539","EXPLOSIVO",""
"PORTO ALEGRE","912155","10/06/2026 - 13:35","CENTRO","QUINZE DE NOVEMBRO","ATENDIMENTO PRÉ-HOSPITALAR","AR-1628","1º BBM / 1ª CIA / 2º PEL / TERESÓPOLIS","-30.027702208470576","-51.228346824646","",""
"PORTO ALEGRE","912187","10/06/2026 - 15:19","SANTANA","RUA SÃO LUIS","AVERIGUAÇÃO/MANEJO DE INSETOS","ABT-1364","1º BBM / 1ª CIA / 1º PEL / AÇORIANOS","-30.047420474861575","-51.20449662208558","VISTORIA",""
"PORTO ALEGRE","912192","10/06/2026 - 15:27","LAMI","R. MAURO VIEIRA","ATENDIMENTO PRÉ-HOSPITALAR","AR-1628","1º BBM / 1ª CIA / 2º PEL / TERESÓPOLIS","-30.225542405280713","-51.10482573509217","",""
"PORTO ALEGRE","912202","10/06/2026 - 15:49","FLORESTA","AV CRISTOVÃO COLOMBO","AÇÕES PREVENTIVAS","ABT-291","1º BBM / 2ª CIA / 1º PEL / FLORESTA","-30.025314945320606","-51.21223211288453","APOIO À PESSOA OU INSTITUIÇÃO",""
"PORTO ALEGRE","912217","10/06/2026 - 16:24","CAVALHADA","STEPHAN ZWEIG","ATENDIMENTO PRÉ-HOSPITALAR","AR-1628","1º BBM / 1ª CIA / 2º PEL / TERESÓPOLIS","-30.099237664950167","-51.23334646224976","",""
"PORTO ALEGRE","912227","10/06/2026 - 17:12","BELÉM VELHO","SANTUÁRIO","AÇÕES PREVENTIVAS","ABT-0594","1º BBM / 1ª CIA / 2º PEL / TERESÓPOLIS","-30.101344688123852","-51.188886165618904","APOIO À PESSOA OU INSTITUIÇÃO",""
"PORTO ALEGRE","912233","10/06/2026 - 17:32","FARROUPILHA","JOÃO PESSOA","ATENDIMENTO PRÉ-HOSPITALAR","AR-1628","1º BBM / 1ª CIA / 2º PEL / TERESÓPOLIS","-30.041532340867644","-51.21625542640687","",""
"PORTO ALEGRE","912239","10/06/2026 - 17:51","CHAPÉU DO SOL","ESTRADA CHAPEU DO SOL","INCÊNDIO","ABT-0599","1º BBM / 1ª CIA / 5º PEL / BELÉM NOVO","-30.18440168066448","-51.160154342651374","TRANSFORMADOR/REDE ELÉTRICA",""
"PORTO ALEGRE","912241","10/06/2026 - 17:55","CENTRO","ALBERTO BINS","INCÊNDIO","ABT-1364","1º BBM / 1ª CIA / 1º PEL / AÇORIANOS","-30.02815736106716","-51.22122287750245","CONTAINER",""
"PORTO ALEGRE","912256","10/06/2026 - 18:39","ARQUIPÉLAGO","BR 290","INCÊNDIO","ABT-1364","1º BBM / 1ª CIA / 1º PEL / AÇORIANOS","-29.993429720216305","-51.223046779632575","MEIO DE TRANSPORTE",""
"PORTO ALEGRE","912268","10/06/2026 - 19:18","RESTINGA","JOÃO ANTONIO DA SILVEIRA","AVERIGUAÇÃO/MANEJO DE INSETOS","ABT-0598","1º BBM / 1ª CIA / 4º PEL / RESTINGA","-30.166092843998516","-51.154918670654304","VISTORIA",""
"PORTO ALEGRE","912269","10/06/2026 - 19:21","PARTENON","AV. IPIRANGA","ATENDIMENTO PRÉ-HOSPITALAR","AR-1628","1º BBM / 1ª CIA / 2º PEL / TERESÓPOLIS","-30.057839942497246","-51.15358829498291","",""
"PORTO ALEGRE","912273","10/06/2026 - 19:40","VILA NOVA","AVENIDA ROMEU SAMARANI FERREIRA","ATENDIMENTO PRÉ-HOSPITALAR","AR-1628","1º BBM / 1ª CIA / 2º PEL / TERESÓPOLIS","-30.12697808497234","-51.205108165740974","",""
"PORTO ALEGRE","912287","10/06/2026 - 20:33","PASSO DAS PEDRAS","MANOEL ELIAS","SALVAMENTO/BUSCA/RESGATE","ABT-0600","1º BBM / 2ª CIA / 2º PEL / PASSO D`AREIA","-30.0365355110313","-51.12187385559083","DE ANIMAL",""
"PORTO ALEGRE","912293","10/06/2026 - 20:59","JARDIM CARVALHO","SARGENTO MANOEL ARRUDA","INCÊNDIO","ABT-1365","1º BBM / 2ª CIA / 3º PEL / PARTENON","-30.04456003707592","-51.14586354112605","EDIFICAÇÃO RESIDENCIAL UNIFAMILIAR",""
"PORTO ALEGRE","912298","10/06/2026 - 22:20","PARTENON","DOUTOR BRENO DIAS DE CASTRO","AÇÕES PREVENTIVAS","ABT-1365","1º BBM / 2ª CIA / 3º PEL / PARTENON","-30.06582560145998","-51.1552696141209","ACIDENTES DOMÉSTICOS",""
"PORTO ALEGRE","912302","10/06/2026 - 22:44","JARDIM CARVALHO","RUA UM","INCÊNDIO","ABT-1365","1º BBM / 2ª CIA / 3º PEL / PARTENON","-30.0536982889592","-51.14895347833525","LIXO",""
"PORTO ALEGRE","912306","10/06/2026 - 23:56","INDEPENDÊNCIA","RUA TOMAZ FLORES","PRODUTOS PERIGOSOS","ABT-1364","1º BBM / 1ª CIA / 1º PEL / AÇORIANOS","-30.029141969737793","-51.21566534042359","QUÍMICO",""
"PORTO ALEGRE","912317","11/06/2026 - 04:44","NAVEGANTES","DR. JÚLIO OLSZEWSKI","INCÊNDIO","ABT-0597","1º BBM / 2ª CIA / 1º PEL / FLORESTA","-30.01943478741676","-51.21525764465333","LIXO",""
"PORTO ALEGRE","912322","11/06/2026 - 07:51","LAGEADO","JOÃO PAULO COELHO","INCÊNDIO","ABT-0598","1º BBM / 1ª CIA / 4º PEL / RESTINGA","-30.18276941998722","-51.13225936889649","EDIFICAÇÃO RESIDENCIAL UNIFAMILIAR",""
"PORTO ALEGRE","912335","11/06/2026 - 09:17","RUBEM BERTA","MARUJAÍBA","AÇÕES PREVENTIVAS","ABT-0600","1º BBM / 2ª CIA / 2º PEL / PASSO D`AREIA","-30.013702928270593","-51.096704055766864","APOIO À PESSOA OU INSTITUIÇÃO",""
"PORTO ALEGRE","912344","11/06/2026 - 09:41","VILA ASSUNÇÃO","RUA MANAJÓ","AVERIGUAÇÃO/CORTE DE ÁRVORE","ABT-0596","1º BBM / 1ª CIA / 3º PEL / ASSUNÇÃO","-30.09909843752936","-51.25177857946661","VISTORIA",""
"PORTO ALEGRE","912349","11/06/2026 - 09:57","PROTÁSIO ALVES","HÉLIO PIMPÃO","INCÊNDIO","ABT-1365","1º BBM / 2ª CIA / 3º PEL / PARTENON","-30.039990594974025","-51.123335353419","ESCOLAS",""
"PORTO ALEGRE","912380","11/06/2026 - 11:30","JARDIM ITU SABARÁ","PAUL HARRIS","INCÊNDIO","ABT-0597","1º BBM / 2ª CIA / 1º PEL / FLORESTA","-30.02704269793901","-51.14378213882447","EDIFICAÇÃO RESIDENCIAL UNIFAMILIAR",""
"PORTO ALEGRE","912380","11/06/2026 - 11:30","JARDIM ITU SABARÁ","PAUL HARRIS","INCÊNDIO","ABT-0600","1º BBM / 2ª CIA / 2º PEL / PASSO D`AREIA","-30.022342424070622","-51.142687797546394","EDIFICAÇÃO RESIDENCIAL UNIFAMILIAR",""
"PORTO ALEGRE","912404","11/06/2026 - 13:40","JARDIM ITU SABARÁ","BALTAZAR DE OLIVEIRA GARCIA","ATENDIMENTO PRÉ-HOSPITALAR","AR-1628","1º BBM / 1ª CIA / 2º PEL / TERESÓPOLIS","-30.009673429132366","-51.141266133024466","",""
"PORTO ALEGRE","912410","11/06/2026 - 14:01","MONT SERRAT","ANITA GARIBALDI","AÇÕES PREVENTIVAS","ABT-0600","1º BBM / 2ª CIA / 2º PEL / PASSO D`AREIA","-30.02516631526188","-51.18229856774435","APOIO À PESSOA OU INSTITUIÇÃO",""
"PORTO ALEGRE","912412","11/06/2026 - 14:06","AGRONOMIA","JOÃO DE OLIVEIRA REMIÃO","AÇÕES PREVENTIVAS","ABT-0598","1º BBM / 1ª CIA / 4º PEL / RESTINGA","-30.12473241239369","-51.10451459884644","PROGRAMA BOMBEIRO NA ESCOLA",""
"PORTO ALEGRE","912456","11/06/2026 - 15:39","COSTA E SILVA","DA COSTA","AVERIGUAÇÃO/MANEJO DE INSETOS","ABT-0600","1º BBM / 2ª CIA / 2º PEL / PASSO D`AREIA","-30.012105003471085","-51.114363660434776","EXTERMÍNIO",""
"PORTO ALEGRE","912457","11/06/2026 - 15:42","RESTINGA","CECÍLIO MONZA","OCORRÊNCIA NÃO ATENDIDA","AR-1628","1º BBM / 1ª CIA / 2º PEL / TERESÓPOLIS","-30.20932573143307","-51.180390372254905","",""
"PORTO ALEGRE","912460","11/06/2026 - 15:47","SARANDI","BENTO ROSA","INCÊNDIO","ABT-0600","1º BBM / 2ª CIA / 2º PEL / PASSO D`AREIA","-29.99688630921212","-51.133890171806264","MEIO DE TRANSPORTE",""
"PORTO ALEGRE","912484","11/06/2026 - 17:26","LOMBA DO PINHEIRO","SANTO DIAS DA SILVA","ATENDIMENTO PRÉ-HOSPITALAR","AR-1628","1º BBM / 1ª CIA / 2º PEL / TERESÓPOLIS","-30.096648937307087","-51.13236412120548","",""
"PORTO ALEGRE","912490","11/06/2026 - 17:56","PROTÁSIO ALVES","JOÃO DALLEGRAVE","SALVAMENTO/BUSCA/RESGATE","ABT-0600","1º BBM / 2ª CIA / 2º PEL / PASSO D`AREIA","-30.033507408594627","-51.145580227575444","DE ANIMAL",""
"PORTO ALEGRE","912502","11/06/2026 - 19:09","RESTINGA","AV ECONOMISTA NILO WULFF","OCORRÊNCIA NÃO ATENDIDA","ABT-0598","1º BBM / 1ª CIA / 4º PEL / RESTINGA","-30.153013021134353","-51.141936779022224","",""
"PORTO ALEGRE","912510","11/06/2026 - 19:22","FARROUPILHA","TEODORO HERZL","ATENDIMENTO PRÉ-HOSPITALAR","AR-1628","1º BBM / 1ª CIA / 2º PEL / TERESÓPOLIS","-30.037015223971128","-51.20946176494556","",""
"PORTO ALEGRE","912516","11/06/2026 - 20:03","SANTA TEREZA","MOAB CALDAS","INCÊNDIO","ABT-1364","1º BBM / 1ª CIA / 1º PEL / AÇORIANOS","-30.06849972465271","-51.21603012084961","MEIO DE TRANSPORTE",""
"PORTO ALEGRE","912559","12/06/2026 - 01:55","FLORESTA","AV. CRISTÓVÃO COLOMBO","OCORRÊNCIA NÃO ATENDIDA","COBOM-DCCI","1º BBM / COBOM-DCCI","-30.021376299915275","-51.20834827423096","",""
"PORTO ALEGRE","912560","12/06/2026 - 02:22","CRISTAL","WENCESLAU ESCOBAR","INCÊNDIO","ABT-0596","1º BBM / 1ª CIA / 3º PEL / ASSUNÇÃO","-30.099191269736753","-51.24847413761768","EDIFICAÇÃO COMERCIAL | TRANSFORMADOR/REDE ELÉTRICA",""
"PORTO ALEGRE","912600","12/06/2026 - 09:24","JARDIM CARVALHO","ARISTIDES ROSA","ATENDIMENTO PRÉ-HOSPITALAR","AR-1628","1º BBM / 1ª CIA / 2º PEL / TERESÓPOLIS","-30.060012848380822","-51.1418510699239","",""
"PORTO ALEGRE","912636","12/06/2026 - 10:56","PARTENON","SILVADO","AÇÕES PREVENTIVAS","ABT-1365","1º BBM / 2ª CIA / 3º PEL / PARTENON","-30.065491330980677","-51.18264201545628","APOIO À PESSOA OU INSTITUIÇÃO",""
"PORTO ALEGRE","912642","12/06/2026 - 11:32","GLÓRIA","PROFESSOR OSCAR PEREIRA","OCORRÊNCIA NÃO ATENDIDA","AR-1628","1º BBM / 1ª CIA / 2º PEL / TERESÓPOLIS","-30.07887983762407","-51.198628135199236","",""
"PORTO ALEGRE","912653","12/06/2026 - 12:15","BOM JESUS","PROTASIO ALVES","ATENDIMENTO PRÉ-HOSPITALAR","AR-1628","1º BBM / 1ª CIA / 2º PEL / TERESÓPOLIS","-30.040677882251703","-51.16951359214199","",""
"PORTO ALEGRE","912679","12/06/2026 - 14:04","FARRAPOS","VOLUNTARIOS DA PATRIA","OCORRÊNCIA NÃO ATENDIDA","AR-1628","1º BBM / 1ª CIA / 2º PEL / TERESÓPOLIS","-30.031426967267713","-51.228056987473664","",""
"PORTO ALEGRE","912688","12/06/2026 - 14:34","CENTRO","CORONEL GENUINO","ATENDIMENTO PRÉ-HOSPITALAR","AR-1628","1º BBM / 1ª CIA / 2º PEL / TERESÓPOLIS","-30.037185670437726","-51.22847617052348","",""
"PORTO ALEGRE","912692","12/06/2026 - 14:54","RUBEM BERTA","ÉLVIO ANTÔNIO FILIPETTO","AVERIGUAÇÃO/CORTE DE ÁRVORE","ABT-0600","1º BBM / 2ª CIA / 2º PEL / PASSO D`AREIA","-30.001829386728716","-51.105759143829346","VISTORIA",""
"PORTO ALEGRE","912703","12/06/2026 - 15:35","SANTO ANTÔNIO","CALDRE E FIÃO","OCORRÊNCIA NÃO ATENDIDA","AR-1628","1º BBM / 1ª CIA / 2º PEL / TERESÓPOLIS","-30.064971352435663","-51.199270641355255","",""
"PORTO ALEGRE","912717","12/06/2026 - 16:35","HUMAITÁ","RUA DONA TEODORA","AÇÕES PREVENTIVAS","ABT-0597","1º BBM / 2ª CIA / 1º PEL / FLORESTA","-29.9885295864802","-51.202474646796055","APOIO À PESSOA OU INSTITUIÇÃO | INSPEÇÃO/REMOÇÃO DE FONTE DE PERIGO",""
"PORTO ALEGRE","912724","12/06/2026 - 17:24","CENTRO HISTÓRICO","JOÃO PESSOA","OCORRÊNCIA NÃO ATENDIDA","AR-1628","1º BBM / 1ª CIA / 2º PEL / TERESÓPOLIS","-30.03512372163205","-51.22128678847623","",""
"PORTO ALEGRE","912727","12/06/2026 - 17:40","CENTRO","RIACHUELO","AÇÕES PREVENTIVAS","ABT-1364","1º BBM / 1ª CIA / 1º PEL / AÇORIANOS","-30.03152914072361","-51.227531433105476","INSPEÇÃO/REMOÇÃO DE FONTE DE PERIGO",""
"PORTO ALEGRE","912729","12/06/2026 - 17:43","JARDIM ITU SABARÁ","WALDOMIRO SILVEIRA DIAS","SALVAMENTO/BUSCA/RESGATE","ABT-0600","1º BBM / 2ª CIA / 2º PEL / PASSO D`AREIA","-30.020967563601054","-51.13245248794556","DE ANIMAL",""
"PORTO ALEGRE","912737","12/06/2026 - 18:06","APARÍCIO BORGES","DR JOSÉ MANOEL LOPES FERNANDES","AVERIGUAÇÃO/CORTE DE ÁRVORE","ABT-1365","1º BBM / 2ª CIA / 3º PEL / PARTENON","-30.069223953916445","-51.18251302624325","VISTORIA",""
"PORTO ALEGRE","912739","12/06/2026 - 18:25","MENINO DEUS","VICENTE LOPES DOS SANTOS","INCÊNDIO","ABT-1364","1º BBM / 1ª CIA / 1º PEL / AÇORIANOS","-30.05222173829935","-51.22560560703278","CONTAINER",""
"PORTO ALEGRE","912742","12/06/2026 - 18:28","CASCATA","PROFESSOR OSCAR PEREIRA","ATENDIMENTO PRÉ-HOSPITALAR","AR-1628","1º BBM / 1ª CIA / 2º PEL / TERESÓPOLIS","-30.090892669456867","-51.18182668876384","",""
"PORTO ALEGRE","912779","12/06/2026 - 20:39","CRUZEIRO","AVENIDA NITEROI","ATENDIMENTO PRÉ-HOSPITALAR","AR-1628","1º BBM / 1ª CIA / 2º PEL / TERESÓPOLIS","-30.068889694914834","-51.21074517839629","",""
"PORTO ALEGRE","912786","12/06/2026 - 21:34","BOM FIM","OSVALDO ARANHA","ATENDIMENTO PRÉ-HOSPITALAR","AR-1628","1º BBM / 1ª CIA / 2º PEL / TERESÓPOLIS","-30.036907031214458","-51.20950386771147","",""
"PORTO ALEGRE","912807","13/06/2026 - 04:16","JARDIM SÃO PEDRO","PEREIRA PINTO","SALVAMENTO/BUSCA/RESGATE","ABT-0600","1º BBM / 2ª CIA / 2º PEL / PASSO D`AREIA","-30.00311157415979","-51.16457462310791","DE ANIMAL",""
"PORTO ALEGRE","912814","13/06/2026 - 05:30","RIO BRANCO","RAMIRO BARCELOS","SALVAMENTO/BUSCA/RESGATE","ABT-0597","1º BBM / 2ª CIA / 1º PEL / FLORESTA","-30.035352829173654","-51.20826617057374","ELEVADORES",""
"PORTO ALEGRE","912817","13/06/2026 - 05:54","CENTRO HISTÓRICO","RUA DOS ANDRADAS","INCÊNDIO","ABT-1364","1º BBM / 1ª CIA / 1º PEL / AÇORIANOS","-30.032708772086313","-51.23871088027954","CONTAINER",""
"PORTO ALEGRE","912821","13/06/2026 - 06:49","INDEPENDÊNCIA","INDEPENDENCIA","INCÊNDIO","AT-1590","1º BBM / 1ª CIA / 1º PEL / AÇORIANOS","-30.02931148863995","-51.21397554874421","EDIFICAÇÃO MULTIFAMILIAR",""
"PORTO ALEGRE","912821","13/06/2026 - 06:49","INDEPENDÊNCIA","INDEPENDENCIA","INCÊNDIO","ABT-1364","1º BBM / 1ª CIA / 1º PEL / AÇORIANOS","-30.029160547165862","-51.21401309967042","EDIFICAÇÃO RESIDENCIAL UNIFAMILIAR",""
"PORTO ALEGRE","912821","13/06/2026 - 06:49","INDEPENDÊNCIA","INDEPENDENCIA","INCÊNDIO","AEM-0482","1º BBM / 1ª CIA / 1º PEL / AÇORIANOS","-30.02904908254516","-51.214357147260635","EDIFICAÇÃO MULTIFAMILIAR",""
"PORTO ALEGRE","912821","13/06/2026 - 06:49","INDEPENDÊNCIA","INDEPENDENCIA","INCÊNDIO","ABT-0597","1º BBM / 2ª CIA / 1º PEL / FLORESTA","-30.029216279429228","-51.21406180344517","EDIFICAÇÃO MULTIFAMILIAR",""
"PORTO ALEGRE","912858","13/06/2026 - 10:33","BELEM NOVO","AVENIDA HEITOR VIEIRA","SALVAMENTO/BUSCA/RESGATE","ABT-0599","1º BBM / 1ª CIA / 5º PEL / BELÉM NOVO","-30.213017492222793","-51.179358959198005","DE ANIMAL",""
"PORTO ALEGRE","912866","13/06/2026 - 10:57","ARQUIPÉLAGO","RUA DO PESCADOR","SALVAMENTO/BUSCA/RESGATE","EABS-01","BBS / 2ª CIA / 1º PEL / AQUÁTICA","-29.987965838767558","-51.23967647552491","NAUFRÁGIO",""
"PORTO ALEGRE","912869","13/06/2026 - 11:02","RESTINGA","RUA CLARA NUNES","AÇÕES PREVENTIVAS","ABT-0598","1º BBM / 1ª CIA / 4º PEL / RESTINGA","-30.155981643768904","-51.14927530288697","VISTORIA DE HIDRANTES",""
"PORTO ALEGRE","912871","13/06/2026 - 11:04","RESTINGA","RUA CLARA NUNES","AÇÕES PREVENTIVAS","ABT-0598","1º BBM / 1ª CIA / 4º PEL / RESTINGA","-30.156797999327825","-51.1475157737732","VISTORIA DE HIDRANTES",""
"PORTO ALEGRE","912880","13/06/2026 - 11:21","TRISTEZA","OTTO NIEMEYER","ATENDIMENTO PRÉ-HOSPITALAR","AR-1628","1º BBM / 1ª CIA / 2º PEL / TERESÓPOLIS","-30.110848939145196","-51.25559806823731","",""
"PORTO ALEGRE","912884","13/06/2026 - 11:48","CRISTAL","INHANDUÍ","AÇÕES PREVENTIVAS","ABT-0596","1º BBM / 1ª CIA / 3º PEL / ASSUNÇÃO","-30.088070623602846","-51.23847484588624","VISTORIA DE HIDRANTES",""
"PORTO ALEGRE","912885","13/06/2026 - 11:48","CRISTAL","UPAMAROTI","AÇÕES PREVENTIVAS","ABT-0596","1º BBM / 1ª CIA / 3º PEL / ASSUNÇÃO","-30.082556258672888","-51.23609301784272","VISTORIA DE HIDRANTES",""
"PORTO ALEGRE","912892","13/06/2026 - 12:23","NONOAI","DOUTOR NEY CABRAL","AÇÕES PREVENTIVAS","ABT-0594","1º BBM / 1ª CIA / 2º PEL / TERESÓPOLIS","-30.088256284205382","-51.21324062347412","VISTORIA DE HIDRANTES",""
"PORTO ALEGRE","912893","13/06/2026 - 12:24","TERESÓPOLIS","AV TERESOPOLIS","AÇÕES PREVENTIVAS","ABT-0594","1º BBM / 1ª CIA / 2º PEL / TERESÓPOLIS","-30.081386499503246","-51.21145963668824","VISTORIA DE HIDRANTES",""
"PORTO ALEGRE","912894","13/06/2026 - 12:27","SÃO JOÃO","AVENIDA CEARA","INCÊNDIO","ABT-0597","1º BBM / 2ª CIA / 1º PEL / FLORESTA","-29.99978528555079","-51.191117763519294","EDIFICAÇÃO COMERCIAL",""
"PORTO ALEGRE","912902","13/06/2026 - 12:52","MENINO DEUS","CORONEL ANDRÉ BELO","ATENDIMENTO PRÉ-HOSPITALAR","AR-1628","1º BBM / 1ª CIA / 2º PEL / TERESÓPOLIS","-30.046417473613403","-51.222274303436286","",""
"PORTO ALEGRE","912906","13/06/2026 - 13:20","FLORESTA","AV FARRAPOS","AÇÕES PREVENTIVAS","ABT-0597","1º BBM / 2ª CIA / 1º PEL / FLORESTA","-30.00032418903922","-51.19858503341675","VISTORIA DE HIDRANTES",""
"PORTO ALEGRE","912907","13/06/2026 - 13:21","SÃO GERALDO","SÃO PAULO","AÇÕES PREVENTIVAS","ABT-0597","1º BBM / 2ª CIA / 1º PEL / FLORESTA","-30.003185903357874","-51.20249032974244","VISTORIA DE HIDRANTES",""
"PORTO ALEGRE","912910","13/06/2026 - 13:48","SÃO GERALDO","SÃO PEDRO","AVERIGUAÇÃO/CORTE DE ÁRVORE","ABT-0597","1º BBM / 2ª CIA / 1º PEL / FLORESTA","-30.011417517476637","-51.199636459350586","CORTE TOTAL",""
"PORTO ALEGRE","912914","13/06/2026 - 13:58","PRAIA DE BELAS","EDVALDO PEREIRA PAIVA","SALVAMENTO/BUSCA/RESGATE","ABT-1364","1º BBM / 1ª CIA / 1º PEL / AÇORIANOS","-30.053642570466096","-51.2322735786438","CAPOTAMENTO",""
"PORTO ALEGRE","912915","13/06/2026 - 14:00","RIO BRANCO","PROFESSOR ÁLVARO ALVIM","ATENDIMENTO PRÉ-HOSPITALAR","AR-1628","1º BBM / 1ª CIA / 2º PEL / TERESÓPOLIS","-30.037297125907653","-51.198563575744636","",""
"PORTO ALEGRE","912918","13/06/2026 - 14:11","RUBEM BERTA","ÉLVIO ANTÔNIO FILIPETTO","AVERIGUAÇÃO/CORTE DE ÁRVORE","ABT-0600","1º BBM / 2ª CIA / 2º PEL / PASSO D`AREIA","-30.01492926135338","-51.09528763129115","VISTORIA",""
"PORTO ALEGRE","912925","13/06/2026 - 14:41","NONOAI","CORONEL RUY DA CUNHA PAIM","SALVAMENTO/BUSCA/RESGATE","ABT-0594","1º BBM / 1ª CIA / 2º PEL / TERESÓPOLIS","-30.089852976625178","-51.211674213409424","DE ANIMAL",""
"PORTO ALEGRE","912927","13/06/2026 - 14:51","MÁRIO QUINTANA","CESAR CASSIANO PEREIRA","OCORRÊNCIA NÃO ATENDIDA","ABT-1365","1º BBM / 2ª CIA / 3º PEL / PARTENON","-30.03068388441995","-51.114943027496345","",""
"PORTO ALEGRE","912934","13/06/2026 - 15:17","PRAIA DE BELAS","DOUTOR VICENTE DE PAULA DUTRA","PRODUTOS PERIGOSOS","ABT-1364","1º BBM / 1ª CIA / 1º PEL / AÇORIANOS","-30.044197832893133","-51.230084896087654","EXPLOSIVO",""
"PORTO ALEGRE","912938","13/06/2026 - 15:46","PRAIA DE BELAS","IPIRANGA","AÇÕES PREVENTIVAS","ABT-1364","1º BBM / 1ª CIA / 1º PEL / AÇORIANOS","-30.048256301476613","-51.22422695159912","VISTORIA DE HIDRANTES",""
"PORTO ALEGRE","912939","13/06/2026 - 15:47","AZENHA","ZERO HORA","AÇÕES PREVENTIVAS","ABT-1364","1º BBM / 1ª CIA / 1º PEL / AÇORIANOS","-30.05005794819192","-51.21699571609498","VISTORIA DE HIDRANTES",""
"PORTO ALEGRE","912944","13/06/2026 - 16:11","GLÓRIA","PADRE ANCHIETA","INCÊNDIO","ABT-0594","1º BBM / 1ª CIA / 2º PEL / TERESÓPOLIS","-30.07178656875381","-51.206567287445075","MEIO DE TRANSPORTE",""
"PORTO ALEGRE","912948","13/06/2026 - 16:21","VILA ASSUNÇÃO","GUAIBA","ATENDIMENTO PRÉ-HOSPITALAR","ABT-0596","1º BBM / 1ª CIA / 3º PEL / ASSUNÇÃO","-30.102310140595538","-51.26557621294646","",""
"PORTO ALEGRE","912963","13/06/2026 - 17:05","GUARUJÁ","RUA TRÊS","AÇÕES PREVENTIVAS","ABT-0598","1º BBM / 1ª CIA / 4º PEL / RESTINGA","-30.15919136644742","-51.21336936950684","ACIDENTES DOMÉSTICOS",""
"PORTO ALEGRE","912965","13/06/2026 - 17:12","CENTRO","GENERAL BENTO MARTINS","INCÊNDIO","ABT-1364","1º BBM / 1ª CIA / 1º PEL / AÇORIANOS","-30.035876059275722","-51.233786344528205","CONTAINER",""
"PORTO ALEGRE","912966","13/06/2026 - 17:18","PETRÓPOLIS","PROTASIO ALVES","AÇÕES PREVENTIVAS","ABT-1365","1º BBM / 2ª CIA / 3º PEL / PARTENON","-30.04357558158983","-51.14335298538209","VISTORIA DE HIDRANTES",""
"PORTO ALEGRE","912967","13/06/2026 - 17:19","BOM JESUS","PROTASIO ALVES","AÇÕES PREVENTIVAS","ABT-1365","1º BBM / 2ª CIA / 3º PEL / PARTENON","-30.039934868769574","-51.12706661224365","VISTORIA DE HIDRANTES",""
"PORTO ALEGRE","912969","13/06/2026 - 17:22","MENINO DEUS","GETÚLIO VARGAS","INCÊNDIO","ABT-1364","1º BBM / 1ª CIA / 1º PEL / AÇORIANOS","-30.046956123694457","-51.221330165863044","CONTAINER",""
"PORTO ALEGRE","912973","13/06/2026 - 17:47","RUBEM BERTA","JOÃO FERREIRA JARDIM","ATENDIMENTO PRÉ-HOSPITALAR","AR-1628","1º BBM / 1ª CIA / 2º PEL / TERESÓPOLIS","-30.012662419969633","-51.099300384521484","",""
"PORTO ALEGRE","912993","13/06/2026 - 18:55","BELÉM VELHO","ESTRADA AFONSO LOURENÇO MARIANTE","SALVAMENTO/BUSCA/RESGATE","ABT-1365","1º BBM / 2ª CIA / 3º PEL / PARTENON","-30.106728067555032","-51.15208625793458","DE ANIMAL",""
"PORTO ALEGRE","913000","13/06/2026 - 19:37","CORONEL APARÍCIO BORGES","NILO TORRES","SALVAMENTO/BUSCA/RESGATE","ABT-1364","1º BBM / 1ª CIA / 1º PEL / AÇORIANOS","-30.070718820636365","-51.1944329738617","DE ANIMAL",""
"PORTO ALEGRE","913002","13/06/2026 - 19:39","CRISTAL","R. CURUPAITI","ATENDIMENTO PRÉ-HOSPITALAR","AR-1628","1º BBM / 1ª CIA / 2º PEL / TERESÓPOLIS","-30.08381882919317","-51.23866796493531","",""
"PORTO ALEGRE","913005","13/06/2026 - 19:47","VILA JARDIM","SÃO LEOPOLDO","INCÊNDIO","ABT-0600","1º BBM / 2ª CIA / 2º PEL / PASSO D`AREIA","-30.033043153225663","-51.156141757965095","TRANSFORMADOR/REDE ELÉTRICA",""
"PORTO ALEGRE","913007","13/06/2026 - 20:02","VILA JARDIM","ALDROVANDO LEÃO","INCÊNDIO","ABT-0600","1º BBM / 2ª CIA / 2º PEL / PASSO D`AREIA","-30.035588128259608","-51.15247249603272","TRANSFORMADOR/REDE ELÉTRICA",""
"PORTO ALEGRE","913019","13/06/2026 - 21:37","MÁRIO QUINTANA","JUSTINO MARTINS","AVERIGUAÇÃO/MANEJO DE INSETOS","ABT-0600","1º BBM / 2ª CIA / 2º PEL / PASSO D`AREIA","-30.037037060564277","-51.10380651219044","EXTERMÍNIO",""
"PORTO ALEGRE","913028","13/06/2026 - 22:09","RESTINGA","JOAO ANTONIO DA SILVEIRA","SALVAMENTO/BUSCA/RESGATE","ABT-0598","1º BBM / 1ª CIA / 4º PEL / RESTINGA","-30.147595054492076","-51.13127231597901","COLISÃO/CHOQUE",""
"PORTO ALEGRE","913033","13/06/2026 - 22:48","AZENHA","DOUTOR CARLOS BARBOSA","ATENDIMENTO PRÉ-HOSPITALAR","AR-1628","1º BBM / 1ª CIA / 2º PEL / TERESÓPOLIS","-30.056971115019692","-51.21427605625661","",""
"PORTO ALEGRE","913038","13/06/2026 - 23:35","RESTINGA","IGNES FAGUNDES","SALVAMENTO/BUSCA/RESGATE","ABT-0598","1º BBM / 1ª CIA / 4º PEL / RESTINGA","-30.146351848939375","-51.14629268646241","DE ANIMAL",""
"PORTO ALEGRE","913040","13/06/2026 - 23:46","CIDADE BAIXA","JOAQUIM NABUCO","INCÊNDIO","ABT-1364","1º BBM / 1ª CIA / 1º PEL / AÇORIANOS","-30.041903842315172","-51.220536231994636","CONTAINER",""
"PORTO ALEGRE","913042","14/06/2026 - 00:11","GUARUJÁ","DOS GUENOAS","INCÊNDIO","ABT-0596","1º BBM / 1ª CIA / 3º PEL / ASSUNÇÃO","-30.156334161771092","-51.223583221435554","EDIFICAÇÃO RESIDENCIAL UNIFAMILIAR",""
"PORTO ALEGRE","913052","14/06/2026 - 03:36","CENTRO","RIACHUELO","INCÊNDIO","ABT-1364","1º BBM / 1ª CIA / 1º PEL / AÇORIANOS","-30.03153842921438","-51.22636198997498","EDIFICAÇÃO COMERCIAL",""
"PORTO ALEGRE","913054","14/06/2026 - 03:47","CAMAQUÃ","SINODO","INCÊNDIO","AT-1590","1º BBM / 1ª CIA / 1º PEL / AÇORIANOS","-30.112203962973428","-51.23233795166016","EDIFICAÇÃO RESIDENCIAL UNIFAMILIAR",""
"PORTO ALEGRE","913054","14/06/2026 - 03:47","CAMAQUÃ","SINODO","INCÊNDIO","ABT-0596","1º BBM / 1ª CIA / 3º PEL / ASSUNÇÃO","-30.111851287327774","-51.232767105102546","EDIFICAÇÃO RESIDENCIAL UNIFAMILIAR",""
"PORTO ALEGRE","913061","14/06/2026 - 06:50","TRISTEZA","OTTO NIEMEYER","INCÊNDIO","ABT-0596","1º BBM / 1ª CIA / 3º PEL / ASSUNÇÃO","-30.107711894858795","-51.24765872955323","TRANSFORMADOR/REDE ELÉTRICA",""
"PORTO ALEGRE","913071","14/06/2026 - 09:05","JARDIM LINDÓIA","BOGOTÁ","ATENDIMENTO PRÉ-HOSPITALAR","ABT-0600","1º BBM / 2ª CIA / 2º PEL / PASSO D`AREIA","-30.00907631524518","-51.1488676071167","DESENCARCERAMENTO",""
"PORTO ALEGRE","913073","14/06/2026 - 09:15","CAMAQUÃ","PADRE JOÃO BATISTA RÉUS","AÇÕES PREVENTIVAS","ABT-0596","1º BBM / 1ª CIA / 3º PEL / ASSUNÇÃO","-30.114951075746912","-51.24819514161314","VISTORIA DE HIDRANTES",""
"PORTO ALEGRE","913075","14/06/2026 - 09:24","CAMAQUÃ","PADRE JOÃO BATISTA RÉUS","AÇÕES PREVENTIVAS","ABT-0596","1º BBM / 1ª CIA / 3º PEL / ASSUNÇÃO","-30.110050698393756","-51.234568696925955","VISTORIA DE HIDRANTES",""
"PORTO ALEGRE","913080","14/06/2026 - 10:19","MEDIANEIRA","GENERAL GOMES CARNEIRO","ATENDIMENTO PRÉ-HOSPITALAR","AR-1628","1º BBM / 1ª CIA / 2º PEL / TERESÓPOLIS","-30.067335997758217","-51.210472670304185","",""
"PORTO ALEGRE","913080","14/06/2026 - 10:19","MEDIANEIRA","GENERAL GOMES CARNEIRO","AÇÕES PREVENTIVAS","ABT-1364","1º BBM / 1ª CIA / 1º PEL / AÇORIANOS","-30.06745979644115","-51.21073003614392","RESGATE",""
"PORTO ALEGRE","913083","14/06/2026 - 10:36","PETRÓPOLIS","CORONEL LUCAS DE OLIVEIRA","SALVAMENTO/BUSCA/RESGATE","ABT-0597","1º BBM / 2ª CIA / 1º PEL / FLORESTA","-30.046101711859222","-51.19579553604126","DE ANIMAL",""
"PORTO ALEGRE","913086","14/06/2026 - 10:45","TERESÓPOLIS","ARNALDO BOHRER","AÇÕES PREVENTIVAS","ABT-0594","1º BBM / 1ª CIA / 2º PEL / TERESÓPOLIS","-30.08027243539892","-51.20751142501831","VISTORIA DE HIDRANTES",""
"PORTO ALEGRE","913089","14/06/2026 - 10:50","TERESÓPOLIS","AV TERESOPOLIS","AÇÕES PREVENTIVAS","ABT-0594","1º BBM / 1ª CIA / 2º PEL / TERESÓPOLIS","-30.079139790696914","-51.20927095413209","VISTORIA DE HIDRANTES",""
"PORTO ALEGRE","913090","14/06/2026 - 10:59","RESTINGA","ACESSO 3","AÇÕES PREVENTIVAS","ABT-0598","1º BBM / 1ª CIA / 4º PEL / RESTINGA","-30.152122416919703","-51.14298820495606","VISTORIA DE HIDRANTES",""
"PORTO ALEGRE","913092","14/06/2026 - 11:01","RESTINGA","COQUEIRO","AÇÕES PREVENTIVAS","ABT-0598","1º BBM / 1ª CIA / 4º PEL / RESTINGA","-30.14527562849646","-51.14601373672486","VISTORIA DE HIDRANTES",""
"PORTO ALEGRE","913103","14/06/2026 - 12:02","INDEPENDÊNCIA","VINTE E QUATRO DE OUTUBRO","AÇÕES PREVENTIVAS","ABT-0597","1º BBM / 2ª CIA / 1º PEL / FLORESTA","-30.028417447326888","-51.20764017105103","VISTORIA DE HIDRANTES",""
"PORTO ALEGRE","913104","14/06/2026 - 12:05","FLORESTA","RUA 3 DE MAIO","AÇÕES PREVENTIVAS","ABT-0597","1º BBM / 2ª CIA / 1º PEL / FLORESTA","-30.015690998103523","-51.200580596923835","VISTORIA DE HIDRANTES",""
"PORTO ALEGRE","913108","14/06/2026 - 12:33","FLORESTA","AV CRISTOVÃO COLOMBO","ATENDIMENTO PRÉ-HOSPITALAR","AR-1628","1º BBM / 1ª CIA / 2º PEL / TERESÓPOLIS","-30.026817623000625","-51.21469278364554","",""
"PORTO ALEGRE","913117","14/06/2026 - 13:14","VILA IPIRANGA","JOÃO CÂNDIDO","SALVAMENTO/BUSCA/RESGATE","ABT-0600","1º BBM / 2ª CIA / 2º PEL / PASSO D`AREIA","-30.020726036805225","-51.1604654788971","SUICÍDIO/TENTATIVA",""
"PORTO ALEGRE","913119","14/06/2026 - 13:18","HÍPICA","PEDRO FARIA","INCÊNDIO","ABT-0598","1º BBM / 1ª CIA / 4º PEL / RESTINGA","-30.154219034856524","-51.16867303848267","EDIFICAÇÃO RESIDENCIAL UNIFAMILIAR",""
"PORTO ALEGRE","913142","14/06/2026 - 15:30","BELEM NOVO","AVENIDA HEITOR VIEIRA","ATENDIMENTO PRÉ-HOSPITALAR","AR-1628","1º BBM / 1ª CIA / 2º PEL / TERESÓPOLIS","-30.226452597155202","-51.17113192040925","",""
"PORTO ALEGRE","913144","14/06/2026 - 15:34","CENTRO","BORGES DE MEDEIROS","INCÊNDIO","ABT-1364","1º BBM / 1ª CIA / 1º PEL / AÇORIANOS","-30.03188210276082","-51.228100061416626","CONTAINER",""
"PORTO ALEGRE","913154","14/06/2026 - 16:35","AZENHA","VINTE DE SETEMBRO","AÇÕES PREVENTIVAS","ABT-1364","1º BBM / 1ª CIA / 1º PEL / AÇORIANOS","-30.052156732418428","-51.21533274650574","VISTORIA DE HIDRANTES",""
"PORTO ALEGRE","913155","14/06/2026 - 16:37","AZENHA","VINTE DE SETEMBRO","AÇÕES PREVENTIVAS","ABT-1364","1º BBM / 1ª CIA / 1º PEL / AÇORIANOS","-30.054654784868767","-51.21522545814515","VISTORIA DE HIDRANTES",""
"PORTO ALEGRE","913157","14/06/2026 - 16:40","JARDIM DO SALSO","ENGENHEIRO ANTONIO CARLOS TIBIRIÇA","AÇÕES PREVENTIVAS","ABT-1365","1º BBM / 2ª CIA / 3º PEL / PARTENON","-30.04777338029269","-51.17792452946409","VISTORIA DE HIDRANTES",""
"PORTO ALEGRE","913159","14/06/2026 - 16:43","PETRÓPOLIS","PROFESSOR IVO CORSEUIL","AÇÕES PREVENTIVAS","ABT-1365","1º BBM / 2ª CIA / 3º PEL / PARTENON","-30.04734631178366","-51.179015646358444","VISTORIA DE HIDRANTES",""
"PORTO ALEGRE","913165","14/06/2026 - 17:31","TRISTEZA","RUA SANTA VITÓRIA","ATENDIMENTO PRÉ-HOSPITALAR","AR-1628","1º BBM / 1ª CIA / 2º PEL / TERESÓPOLIS","-30.114833523905354","-51.245090947252244","",""
"PORTO ALEGRE","913175","14/06/2026 - 18:45","CENTRO","QUINZE DE NOVEMBRO","ATENDIMENTO PRÉ-HOSPITALAR","AR-1628","1º BBM / 1ª CIA / 2º PEL / TERESÓPOLIS","-30.0283802921887","-51.22695936509055","",""
"PORTO ALEGRE","913177","14/06/2026 - 18:50","BELEM NOVO","INACIO ANTONIO DA SILVA","AÇÕES PREVENTIVAS","ABT-0599","1º BBM / 1ª CIA / 5º PEL / BELÉM NOVO","-30.21136716272593","-51.18317842483521","ACIDENTES DOMÉSTICOS | INSPEÇÃO/REMOÇÃO DE FONTE DE PERIGO",""
"PORTO ALEGRE","913183","14/06/2026 - 19:20","CHAPÉU DO SOL","EST. CHAPÉU DO SOL","AÇÕES PREVENTIVAS","ABT-0599","1º BBM / 1ª CIA / 5º PEL / BELÉM NOVO","-30.180265331151055","-51.169660091400154","VISTORIA DE HIDRANTES",""
"PORTO ALEGRE","913184","14/06/2026 - 19:21","CHAPÉU DO SOL","RUA DARCY PEREIRA POZZI","AÇÕES PREVENTIVAS","ABT-0599","1º BBM / 1ª CIA / 5º PEL / BELÉM NOVO","-30.173105140811458","-51.16008996963502","VISTORIA DE HIDRANTES",""
"PORTO ALEGRE","913187","14/06/2026 - 19:48","BOM FIM","VASCO DA GAMA","INCÊNDIO","ABT-0597","1º BBM / 2ª CIA / 1º PEL / FLORESTA","-30.03172419884693","-51.208562850952156","TRANSFORMADOR/REDE ELÉTRICA",""
"PORTO ALEGRE","913192","14/06/2026 - 20:14","PARTENON","BENTO GONÇALVES","SALVAMENTO/BUSCA/RESGATE","ABT-1364","1º BBM / 1ª CIA / 1º PEL / AÇORIANOS","-30.058796398398847","-51.194819211959846","DE ANIMAL",""
"PORTO ALEGRE","913194","14/06/2026 - 20:18","SÃO JOÃO","MARILAND","INCÊNDIO","ABT-0597","1º BBM / 2ª CIA / 1º PEL / FLORESTA","-30.016508512545965","-51.19444370269776","CONTAINER",""
"PORTO ALEGRE","913199","14/06/2026 - 20:43","AUXILIADORA","CARLOS GOMES","INCÊNDIO","ABT-0600","1º BBM / 2ª CIA / 2º PEL / PASSO D`AREIA","-30.022309884495435","-51.184401512146","MEIO DE TRANSPORTE",""
"PORTO ALEGRE","913202","14/06/2026 - 21:25","HUMAITÁ","PADRE LEOPOLDO BRENTANO","INCÊNDIO","ABT-0597","1º BBM / 2ª CIA / 1º PEL / FLORESTA","-29.976024166918915","-51.197319030761726","EDIFICAÇÃO RESIDENCIAL UNIFAMILIAR",""
"PORTO ALEGRE","913211","14/06/2026 - 21:56","SÃO JOÃO","VILELA TAVARES","ATENDIMENTO PRÉ-HOSPITALAR","AR-1628","1º BBM / 1ª CIA / 2º PEL / TERESÓPOLIS","-30.005211050077907","-51.19010557691684","",""
"PORTO ALEGRE","913216","14/06/2026 - 22:48","CENTRO HISTÓRICO","PRAÇA DOM FELICIANO","PRODUTOS PERIGOSOS","ABT-1364","1º BBM / 1ª CIA / 1º PEL / AÇORIANOS","-30.029838620907984","-51.223368644714355","EXPLOSIVO",""
"PORTO ALEGRE","913222","14/06/2026 - 23:18","BELÉM VELHO","COSTA GAMA","INCÊNDIO","ABT-0598","1º BBM / 1ª CIA / 4º PEL / RESTINGA","-30.124899447649476","-51.172943115234375","EDIFICAÇÃO COMERCIAL",""
"PORTO ALEGRE","913229","15/06/2026 - 04:51","TRISTEZA","NOSSA SENHORA DE LOURDES","INCÊNDIO","ABT-0596","1º BBM / 1ª CIA / 3º PEL / ASSUNÇÃO","-30.115108864773664","-51.251167002763346","EDIFICAÇÃO RESIDENCIAL UNIFAMILIAR",""
"PORTO ALEGRE","913232","15/06/2026 - 05:37","CRISTO REDENTOR","ASSIS BRASIL","INCÊNDIO","ABT-0600","1º BBM / 2ª CIA / 2º PEL / PASSO D`AREIA","-30.010730027313816","-51.16058349609376","LIXO",""
"PORTO ALEGRE","913234","15/06/2026 - 06:09","GLÓRIA","PROFESSOR OSCAR PEREIRA","SALVAMENTO/BUSCA/RESGATE","ABT-0594","1º BBM / 1ª CIA / 2º PEL / TERESÓPOLIS","-30.079195494837933","-51.19813442230225","COLISÃO/CHOQUE",""
"PORTO ALEGRE","913234","15/06/2026 - 06:09","GLÓRIA","PROFESSOR OSCAR PEREIRA","ATENDIMENTO PRÉ-HOSPITALAR","AR-1628","1º BBM / 1ª CIA / 2º PEL / TERESÓPOLIS","-30.081640256039215","-51.19730479732184","",""
"PORTO ALEGRE","913282","15/06/2026 - 09:55","RUBEM BERTA","ÉLVIO ANTÔNIO FILIPETTO","AVERIGUAÇÃO/CORTE DE ÁRVORE","ABT-0600","1º BBM / 2ª CIA / 2º PEL / PASSO D`AREIA","-30.002089542039997","-51.10767943198278","CORTE PARCIAL | VISTORIA",""
"PORTO ALEGRE","913286","15/06/2026 - 10:11","HÍPICA","IVO WALTER KERN","AVERIGUAÇÃO/MANEJO DE INSETOS","ABT-0598","1º BBM / 1ª CIA / 4º PEL / RESTINGA","-30.150229856262744","-51.17393016815186","REMOÇÃO",""
"PORTO ALEGRE","913294","15/06/2026 - 10:43","FLORESTA","ALMIRANTE BARROSO","AÇÕES PREVENTIVAS","ABT-0597","1º BBM / 2ª CIA / 1º PEL / FLORESTA","-30.017994885176112","-51.20525915826917","APOIO À PESSOA OU INSTITUIÇÃO",""
"PORTO ALEGRE","913307","15/06/2026 - 11:16","RUBEM BERTA","BERNARDINO SILVEIRA AMORIM","ATENDIMENTO PRÉ-HOSPITALAR","AR-1628","1º BBM / 1ª CIA / 2º PEL / TERESÓPOLIS","-30.00588029919573","-51.093978881835945","",""
"PORTO ALEGRE","913313","15/06/2026 - 12:00","PRAIA DE BELAS","BORGES DE MEDEIROS","ATENDIMENTO PRÉ-HOSPITALAR","AR-1628","1º BBM / 1ª CIA / 2º PEL / TERESÓPOLIS","-30.045451610960562","-51.22922658920289","",""
"PORTO ALEGRE","913317","15/06/2026 - 12:17","JARDIM ITU SABARÁ","DONA ADDA MASCARENHAS DE MORAES","SALVAMENTO/BUSCA/RESGATE","ABT-0600","1º BBM / 2ª CIA / 2º PEL / PASSO D`AREIA","-30.017437492086245","-51.136100245938835","COLISÃO/CHOQUE | DESENCARCERAMENTO | REMOÇÃO DE FONTE DE PERIGO",""
"PORTO ALEGRE","913333","15/06/2026 - 13:32","RUBEM BERTA","MARTIM FÉLIX BERTA","ATENDIMENTO PRÉ-HOSPITALAR","AR-1628","1º BBM / 1ª CIA / 2º PEL / TERESÓPOLIS","-30.0180058","-51.107119","",""
"PORTO ALEGRE","913339","15/06/2026 - 13:51","SARANDI","JOSÉ PARIS","AÇÕES PREVENTIVAS","ABT-0600","1º BBM / 2ª CIA / 2º PEL / PASSO D`AREIA","-29.9913669241762","-51.11627337342466","APOIO À PESSOA OU INSTITUIÇÃO",""
"PORTO ALEGRE","913370","15/06/2026 - 15:39","HUMAITÁ","AIRTON FERREIRA DA SILVA","OCORRÊNCIA NÃO ATENDIDA","ABT-0597","1º BBM / 2ª CIA / 1º PEL / FLORESTA","-29.979695106060692","-51.186718970086424","",""
"PORTO ALEGRE","913390","15/06/2026 - 16:16","PASSO DAREIA","VERANÓPOLIS","AÇÕES PREVENTIVAS","ABT-0597","1º BBM / 2ª CIA / 1º PEL / FLORESTA","-30.015579518339248","-51.172771461195325","APOIO À PESSOA OU INSTITUIÇÃO",""
"PORTO ALEGRE","913396","15/06/2026 - 16:37","MONT SERRAT","TENENTECORONEL FABRÍCIO PILAR","INCÊNDIO","ABT-0597","1º BBM / 2ª CIA / 1º PEL / FLORESTA","-30.02845460245115","-51.190495505703616","TRANSFORMADOR/REDE ELÉTRICA",""
"PORTO ALEGRE","913408","15/06/2026 - 17:31","GLÓRIA","CORONEL APARÍCIO BORGES","ATENDIMENTO PRÉ-HOSPITALAR","AR-1628","1º BBM / 1ª CIA / 2º PEL / TERESÓPOLIS","-30.073587787292","-51.20195388793946","OCORRÊNCIA DE VULTO",""
"PORTO ALEGRE","913417","15/06/2026 - 17:47","GLÓRIA","PROFESSOR OSCAR PEREIRA","ATENDIMENTO PRÉ-HOSPITALAR","AR-1628","1º BBM / 1ª CIA / 2º PEL / TERESÓPOLIS","-30.08192495932244","-51.19736194610596","",""
"PORTO ALEGRE","913425","15/06/2026 - 18:05","VILA JOÃO PESSOA","URANO","ATENDIMENTO PRÉ-HOSPITALAR","AR-1628","1º BBM / 1ª CIA / 2º PEL / TERESÓPOLIS","-30.069149674235884","-51.17403745651246","",""
"PORTO ALEGRE","913429","15/06/2026 - 18:22","RUBEM BERTA","ÈLVIO ANTÔNIO FILIPETTO","OCORRÊNCIA NÃO ATENDIDA","ABT-0600","1º BBM / 2ª CIA / 2º PEL / PASSO D`AREIA","-30.002070590892934","-51.10779938082646","",""
"PORTO ALEGRE","913438","15/06/2026 - 18:53","MORRO SANTANA","AV. PROTÁSIO ALVES","INCÊNDIO","ABT-0600","1º BBM / 2ª CIA / 2º PEL / PASSO D`AREIA","-30.038950361956484","-51.11135966895773","EDIFICAÇÃO MULTIFAMILIAR",""
"PORTO ALEGRE","913438","15/06/2026 - 18:53","MORRO SANTANA","AV. PROTÁSIO ALVES","INCÊNDIO","ABT-1365","1º BBM / 2ª CIA / 3º PEL / PARTENON","-30.040603628857063","-51.12944054282593","EDIFICAÇÃO RESIDENCIAL UNIFAMILIAR",""
"PORTO ALEGRE","913440","15/06/2026 - 18:59","GLÓRIA","PROFESSOR OSCAR PEREIRA","ATENDIMENTO PRÉ-HOSPITALAR","AR-1628","1º BBM / 1ª CIA / 2º PEL / TERESÓPOLIS","-30.078044269548993","-51.199336051940925","",""
"PORTO ALEGRE","913449","15/06/2026 - 19:28","JARDIM BOTÂNICO","IPIRANGA","ATENDIMENTO PRÉ-HOSPITALAR","AR-1628","1º BBM / 1ª CIA / 2º PEL / TERESÓPOLIS","-30.0452287182417","-51.198413372039795","",""
"PORTO ALEGRE","913451","15/06/2026 - 19:37","LOMBA DO PINHEIRO","NOSSA SENHORA DE FÁTIMA","INCÊNDIO","ABT-0598","1º BBM / 1ª CIA / 4º PEL / RESTINGA","-30.123526038267894","-51.104986667633064","TRANSFORMADOR/REDE ELÉTRICA",""
"PORTO ALEGRE","913458","15/06/2026 - 20:12","MOINHOS DE VENTO","SANTO INÁCIO","INCÊNDIO","ABT-0597","1º BBM / 2ª CIA / 1º PEL / FLORESTA","-30.0228811781866","-51.205666006512935","EDIFICAÇÃO MULTIFAMILIAR",""
"PORTO ALEGRE","913466","15/06/2026 - 20:37","CORONEL APARÍCIO BORGES","PEDRO BOTICARIO","SALVAMENTO/BUSCA/RESGATE","ABT-1364","1º BBM / 1ª CIA / 1º PEL / AÇORIANOS","-30.069873898743197","-51.201395988464355","DE ANIMAL",""
"PORTO ALEGRE","913468","15/06/2026 - 20:46","GLÓRIA","PROFESSOR OSCAR PEREIRA","ATENDIMENTO PRÉ-HOSPITALAR","AR-1628","1º BBM / 1ª CIA / 2º PEL / TERESÓPOLIS","-30.07054240896883","-51.20452880859375","",""
"PORTO ALEGRE","913491","16/06/2026 - 01:23","NONOAI","SÃO BORJA","PRODUTOS PERIGOSOS","ABT-0594","1º BBM / 1ª CIA / 2º PEL / TERESÓPOLIS","-30.086715265910108","-51.21701707649496","QUÍMICO",""
"PORTO ALEGRE","913495","16/06/2026 - 05:41","BOM FIM","VASCO DA GAMA","AÇÕES PREVENTIVAS","ABT-0597","1º BBM / 2ª CIA / 1º PEL / FLORESTA","-30.03187281430226","-51.211115862654005","APOIO À PESSOA OU INSTITUIÇÃO",""
"PORTO ALEGRE","913497","16/06/2026 - 06:15","VILA NOVA","CRISTIANO KRAEMER","INCÊNDIO","ABT-0594","1º BBM / 1ª CIA / 2º PEL / TERESÓPOLIS","-30.117493946572406","-51.204442848209126","EDIFICAÇÃO RESIDENCIAL UNIFAMILIAR",""
"PORTO ALEGRE","913514","16/06/2026 - 08:42","PASSO DAS PEDRAS","CASCAIS","INCÊNDIO","ABT-0600","1º BBM / 2ª CIA / 2º PEL / PASSO D`AREIA","-30.019109650028664","-51.122539043426514","EDIFICAÇÃO MULTIFAMILIAR",""
"PORTO ALEGRE","913527","16/06/2026 - 09:15","RUBEM BERTA","ELVIO ANTÔNIO FILIPETTO","AVERIGUAÇÃO/CORTE DE ÁRVORE","ABT-0600","1º BBM / 2ª CIA / 2º PEL / PASSO D`AREIA","-30.001829386728716","-51.10754013061524","CORTE TOTAL",""
"PORTO ALEGRE","913566","16/06/2026 - 11:48","MENINO DEUS","LUIZ GUARANHA","ATENDIMENTO PRÉ-HOSPITALAR","AR-1628","1º BBM / 1ª CIA / 2º PEL / TERESÓPOLIS","-30.045182282195487","-51.22450590133668","",""
"PORTO ALEGRE","913582","16/06/2026 - 12:55","CRISTAL","CAPIVARI","INCÊNDIO","ABT-1364","1º BBM / 1ª CIA / 1º PEL / AÇORIANOS","-30.08348461949811","-51.23519182205201","ESCOLAS",""
"PORTO ALEGRE","913588","16/06/2026 - 13:31","CENTRO","MARECHAL FLORIANO PEIXOTO","SALVAMENTO/BUSCA/RESGATE","ABT-1364","1º BBM / 1ª CIA / 1º PEL / AÇORIANOS","-30.032225775115585","-51.22704863548279","DE ANIMAL",""
"PORTO ALEGRE","913597","16/06/2026 - 14:13","IPANEMA","RUA LEMÚRIA","AÇÕES PREVENTIVAS","ABT-0596","1º BBM / 1ª CIA / 3º PEL / ASSUNÇÃO","-30.1308939703344","-51.22581481933594","PROGRAMA BOMBEIRO NA ESCOLA",""
"PORTO ALEGRE","913602","16/06/2026 - 14:22","CRISTAL","DOUTOR CAMPOS VELHO","ATENDIMENTO PRÉ-HOSPITALAR","AR-1628","1º BBM / 1ª CIA / 2º PEL / TERESÓPOLIS","-30.092517167620336","-51.23936533927918","",""
"PORTO ALEGRE","913619","16/06/2026 - 15:09","PARTENON","BENTO GONÇALVES","ATENDIMENTO PRÉ-HOSPITALAR","AR-1628","1º BBM / 1ª CIA / 2º PEL / TERESÓPOLIS","-30.06179570989666","-51.17045402526856","",""
"PORTO ALEGRE","913626","16/06/2026 - 15:29","MENINO DEUS","IPIRANGA","INCÊNDIO","ABT-1364","1º BBM / 1ª CIA / 1º PEL / AÇORIANOS","-30.048367744492364","-51.22298240661622","CONTAINER",""
"PORTO ALEGRE","913632","16/06/2026 - 16:00","RESTINGA","RUA 13","AVERIGUAÇÃO/CORTE DE ÁRVORE","ABT-1365","1º BBM / 2ª CIA / 3º PEL / PARTENON","-30.15217807991872","-51.143009642799456","VISTORIA",""
"PORTO ALEGRE","913636","16/06/2026 - 16:10","SANTA TEREZA","SÃO CRISTIANO","ATENDIMENTO PRÉ-HOSPITALAR","AR-1628","1º BBM / 1ª CIA / 2º PEL / TERESÓPOLIS","-30.072807882259156","-51.22925877571107","",""
"PORTO ALEGRE","913655","16/06/2026 - 17:13","MOINHOS DE VENTO","PADRE CHAGAS","SALVAMENTO/BUSCA/RESGATE","ABT-0597","1º BBM / 2ª CIA / 1º PEL / FLORESTA","-30.024491310714048","-51.20288734079935","DE ANIMAL",""
"PORTO ALEGRE","913664","16/06/2026 - 17:42","PRAIA DE BELAS","DOLORES ALCARAZ CALDAS","SALVAMENTO/BUSCA/RESGATE","ABT-1364","1º BBM / 1ª CIA / 1º PEL / AÇORIANOS","-30.04573022615385","-51.23044967651368","ELEVADORES",""
"PORTO ALEGRE","913676","16/06/2026 - 18:32","CAVALHADA","VICENTE MONTEGGIA","ATENDIMENTO PRÉ-HOSPITALAR","AR-1628","1º BBM / 1ª CIA / 2º PEL / TERESÓPOLIS","-30.09540406706214","-51.22568607330323","",""
"PORTO ALEGRE","913702","16/06/2026 - 19:49","PETRÓPOLIS","LUIZ MANOEL GONZAGA","INCÊNDIO","ABT-0600","1º BBM / 2ª CIA / 2º PEL / PASSO D`AREIA","-30.03601538043479","-51.17772817611695","TRANSFORMADOR/REDE ELÉTRICA",""
"PORTO ALEGRE","913706","16/06/2026 - 20:03","MOINHOS DE VENTO","PADRE CHAGAS","PRODUTOS PERIGOSOS","ABT-0597","1º BBM / 2ª CIA / 1º PEL / FLORESTA","-30.024369777584706","-51.202726160068245","EXPLOSIVO",""
"PORTO ALEGRE","913729","16/06/2026 - 23:42","SANTA TEREZA","CRUZEIRO DO SUL","ATENDIMENTO PRÉ-HOSPITALAR","AR-1628","1º BBM / 1ª CIA / 2º PEL / TERESÓPOLIS","-30.080735133365483","-51.22741075718444","",""
"PORTO ALEGRE","913731","17/06/2026 - 00:16","CENTRO","GENERAL LIMA E SILVA","SALVAMENTO/BUSCA/RESGATE","ABT-1364","1º BBM / 1ª CIA / 1º PEL / AÇORIANOS","-30.03530948454424","-51.22525691986085","OCORRÊNCIA DE VULTO",""
"PORTO ALEGRE","913748","17/06/2026 - 04:02","BOM FIM","HENRIQUE DIAS","INCÊNDIO","ABT-0597","1º BBM / 2ª CIA / 1º PEL / FLORESTA","-30.032934789091087","-51.211470067696055","CONTAINER | LIXO",""
"PORTO ALEGRE","913752","17/06/2026 - 05:55","JARDIM FLORESTA","DOUTOR CARLOS WALAU","AÇÕES PREVENTIVAS","ABT-0600","1º BBM / 2ª CIA / 2º PEL / PASSO D`AREIA","-30.00105820804857","-51.15999341011048","APOIO À PESSOA OU INSTITUIÇÃO",""
"PORTO ALEGRE","913763","17/06/2026 - 08:05","CENTRO HISTÓRICO","PRAÇA OTÁVIO ROCHA","INCÊNDIO","ABT-1364","1º BBM / 1ª CIA / 1º PEL / AÇORIANOS","-30.028719332308334","-51.22421085834504","EDIFICAÇÃO RESIDENCIAL UNIFAMILIAR",""
"PORTO ALEGRE","913766","17/06/2026 - 08:23","AUXILIADORA","MATA BACELAR","INCÊNDIO","ABT-0597","1º BBM / 2ª CIA / 1º PEL / FLORESTA","-30.02089324772653","-51.195344924926765","VEGETAÇÃO",""
"PORTO ALEGRE","913780","17/06/2026 - 09:24","TRISTEZA","OTTO NIEMEYER","ATENDIMENTO PRÉ-HOSPITALAR","AR-1628","1º BBM / 1ª CIA / 2º PEL / TERESÓPOLIS","-30.108714274867253","-51.2506639871274","",""
"PORTO ALEGRE","913789","17/06/2026 - 10:08","PROTÁSIO ALVES","JOÃO DALLEGRAVE","OCORRÊNCIA NÃO ATENDIDA","ABT-0600","1º BBM / 2ª CIA / 2º PEL / PASSO D`AREIA","-30.037046883723924","-51.12228197767839","",""
"PORTO ALEGRE","913791","17/06/2026 - 10:14","CRISTAL","WENCESLAU ESCOBAR","ATENDIMENTO PRÉ-HOSPITALAR","AR-1628","1º BBM / 1ª CIA / 2º PEL / TERESÓPOLIS","-30.099098432761885","-51.24840976428941","",""
"PORTO ALEGRE","913796","17/06/2026 - 10:40","RUBEM BERTA","WOLFRAM METZLER","SALVAMENTO/BUSCA/RESGATE","ABT-0600","1º BBM / 2ª CIA / 2º PEL / PASSO D`AREIA","-30.021989344867894","-51.10670331610284","DE ANIMAL",""
"PORTO ALEGRE","913836","17/06/2026 - 13:20","HÍPICA","RUA JOSÉ OSCAR ALVES","AVERIGUAÇÃO/MANEJO DE INSETOS","ABT-0598","1º BBM / 1ª CIA / 4º PEL / RESTINGA","-30.15568478552654","-51.16830825805665","EXTERMÍNIO | VISTORIA",""
"PORTO ALEGRE","913838","17/06/2026 - 13:22","FARROUPILHA","JOÃO PESSOA","INCÊNDIO","ABT-1364","1º BBM / 1ª CIA / 1º PEL / AÇORIANOS","-30.03657266311229","-51.22002124786378","CONTAINER",""
"PORTO ALEGRE","913886","17/06/2026 - 15:37","BOM FIM","GENERAL JOÃO TELLES","INCÊNDIO","ABT-0597","1º BBM / 2ª CIA / 1º PEL / FLORESTA","-30.03428778421804","-51.212832927703865","EDIFICAÇÃO COMERCIAL",""
"PORTO ALEGRE","913911","17/06/2026 - 17:05","TRISTEZA","PROFESSOR ANTÔNIO D ÁVILA","SALVAMENTO/BUSCA/RESGATE","ABT-0596","1º BBM / 1ª CIA / 3º PEL / ASSUNÇÃO","-30.119591598139408","-51.24939568067266","DE ANIMAL",""
"PORTO ALEGRE","913925","17/06/2026 - 17:49","MENINO DEUS","RUA MARCÍLIO DIAS","AVERIGUAÇÃO/MANEJO DE INSETOS","ABT-1364","1º BBM / 1ª CIA / 1º PEL / AÇORIANOS","-30.049184989443177","-51.22551441192628","VISTORIA",""
"PORTO ALEGRE","913927","17/06/2026 - 17:58","NONOAI","CACHOEIRA","INCÊNDIO","ABT-0594","1º BBM / 1ª CIA / 2º PEL / TERESÓPOLIS","-30.08870187538118","-51.22139459332721","LIXO",""
"PORTO ALEGRE","913932","17/06/2026 - 18:14","PRAIA DE BELAS","PRAIA DE BELAS","ATENDIMENTO PRÉ-HOSPITALAR","ABT-1364","1º BBM / 1ª CIA / 1º PEL / AÇORIANOS","-30.04925928410433","-51.22798204421998","",""
"PORTO ALEGRE","913941","17/06/2026 - 18:53","BR 290","KM 116","SALVAMENTO/BUSCA/RESGATE","EABS-01","BBS / 2ª CIA / 1º PEL / AQUÁTICA","-29.990214615505153","-51.26842975616456","SUICÍDIO/TENTATIVA",""
"PORTO ALEGRE","913950","17/06/2026 - 19:19","CIDADE BAIXA","GEN LIMA E SILVA","INCÊNDIO","ABT-1364","1º BBM / 1ª CIA / 1º PEL / AÇORIANOS","-30.039911649508483","-51.219307780265815","CONTAINER",""
"PORTO ALEGRE","913955","17/06/2026 - 19:38","BELA VISTA","ENGENHEIRO OLAVO NUNES","INCÊNDIO","ABT-0600","1º BBM / 2ª CIA / 2º PEL / PASSO D`AREIA","-30.01593259084191","-51.10511603827021","VEGETAÇÃO",""
"PORTO ALEGRE","913974","17/06/2026 - 21:17","CASCATA","ASCENÇÃO","ATENDIMENTO PRÉ-HOSPITALAR","AR-1628","1º BBM / 1ª CIA / 2º PEL / TERESÓPOLIS","-30.07820519583067","-51.194159799575964","",""
"PORTO ALEGRE","913988","17/06/2026 - 22:17","AUXILIADORA","COMENDADOR RHEINGANTZ","PRODUTOS PERIGOSOS","ABT-0597","1º BBM / 2ª CIA / 1º PEL / FLORESTA","-30.025946600307485","-51.18626832962037","EXPLOSIVO",""
"PORTO ALEGRE","914003","18/06/2026 - 02:08","CAVALHADA","DA CAVALHADA","INCÊNDIO","ABT-0594","1º BBM / 1ª CIA / 2º PEL / TERESÓPOLIS","-30.095626846795057","-51.22650092174107","TRANSFORMADOR/REDE ELÉTRICA",""
"PORTO ALEGRE","914004","18/06/2026 - 02:24","CRISTAL","JATAÍ","INCÊNDIO","ABT-0596","1º BBM / 1ª CIA / 3º PEL / ASSUNÇÃO","-30.083744351860776","-51.237380250139694","TRANSFORMADOR/REDE ELÉTRICA",""
"PORTO ALEGRE","914029","18/06/2026 - 08:53","GLÓRIA","CORONEL APARÍCIO BORGES","ATENDIMENTO PRÉ-HOSPITALAR","AR-1628","1º BBM / 1ª CIA / 2º PEL / TERESÓPOLIS","-30.072845020733453","-51.196568012237556","",""
"PORTO ALEGRE","914034","18/06/2026 - 09:24","PRAIA DE BELAS","DOLORES ALCARAZ CALDAS","AÇÕES PREVENTIVAS","ABT-1364","1º BBM / 1ª CIA / 1º PEL / AÇORIANOS","-30.0456930775067","-51.230063438415534","TERRESTRE",""
"PORTO ALEGRE","914047","18/06/2026 - 10:10","JARDIM CARVALHO","COMENDADOR EDUARDO SECCO","SALVAMENTO/BUSCA/RESGATE","ABT-1365","1º BBM / 2ª CIA / 3º PEL / PARTENON","-30.0584342468765","-51.14487650323605","DE ANIMAL",""
"PORTO ALEGRE","914051","18/06/2026 - 10:24","MENINO DEUS","GONÇALVES DIAS","AVERIGUAÇÃO/MANEJO DE INSETOS","ABT-1364","1º BBM / 1ª CIA / 1º PEL / AÇORIANOS","-30.05044799110328","-51.220193184411684","VISTORIA",""
"PORTO ALEGRE","914053","18/06/2026 - 10:31","BOM JESUS","PIO X","AVERIGUAÇÃO/CORTE DE ÁRVORE","ABT-1365","1º BBM / 2ª CIA / 3º PEL / PARTENON","-30.04827486935888","-51.15753650334806","CORTE TOTAL",""
"PORTO ALEGRE","914059","18/06/2026 - 10:51","VILA IPIRANGA","BRASÍLIA","ATENDIMENTO PRÉ-HOSPITALAR","AR-1628","1º BBM / 1ª CIA / 2º PEL / TERESÓPOLIS","-30.021506352025565","-51.15019798278809","",""
"PORTO ALEGRE","914090","18/06/2026 - 12:54","PRAIA DE BELAS","AV. AURELIANO DE FIGUEIREDO PINTO","SALVAMENTO/BUSCA/RESGATE","ABT-1364","1º BBM / 1ª CIA / 1º PEL / AÇORIANOS","-30.043724179271234","-51.221739321873756","DE ANIMAL",""
"PORTO ALEGRE","914100","18/06/2026 - 13:30","PETRÓPOLIS","PROFESSOR CRISTIANO FISCHER","ATENDIMENTO PRÉ-HOSPITALAR","AR-1628","1º BBM / 1ª CIA / 2º PEL / TERESÓPOLIS","-30.057505645051574","-51.169595718383796","",""
"PORTO ALEGRE","914118","18/06/2026 - 14:27","BELÉM VELHO","ESTRADA AFONSO LOURENÇO MARIANTE","INCÊNDIO","ABT-1365","1º BBM / 2ª CIA / 3º PEL / PARTENON","-30.10708075612543","-51.15234372025694","VEGETAÇÃO",""
"PORTO ALEGRE","914171","18/06/2026 - 17:35","CIDADE BAIXA","SARMENTO LEITE","INCÊNDIO","ABT-1364","1º BBM / 1ª CIA / 1º PEL / AÇORIANOS","-30.038170189418118","-51.22439854693505","CONTAINER",""
"PORTO ALEGRE","914173","18/06/2026 - 17:50","MEDIANEIRA","MARCIANO RIBEIRO","INCÊNDIO","ABT-1364","1º BBM / 1ª CIA / 1º PEL / AÇORIANOS","-30.068258313720367","-51.20575204266237","LIXO",""
"PORTO ALEGRE","914179","18/06/2026 - 17:56","SÃO GERALDO","SÃO PEDRO","SALVAMENTO/BUSCA/RESGATE","ABT-0597","1º BBM / 2ª CIA / 1º PEL / FLORESTA","-30.006604986279395","-51.20948553085328","DE ANIMAL",""
"PORTO ALEGRE","914184","18/06/2026 - 18:16","JARDIM CARVALHO","IPIRANGA","INCÊNDIO","ABT-1365","1º BBM / 2ª CIA / 3º PEL / PARTENON","-30.064358521245122","-51.15075588226319","MEIO DE TRANSPORTE",""
"PORTO ALEGRE","914200","18/06/2026 - 19:35","VILA IPIRANGA","PORTO SEGURO","INCÊNDIO","ABT-0600","1º BBM / 2ª CIA / 2º PEL / PASSO D`AREIA","-30.02124624763443","-51.145713329315186","EDIFICAÇÃO RESIDENCIAL UNIFAMILIAR",""
"PORTO ALEGRE","914205","18/06/2026 - 19:49","MOINHOS DE VENTO","PADRE CHAGAS","INCÊNDIO","ABT-0597","1º BBM / 2ª CIA / 1º PEL / FLORESTA","-30.024497503481005","-51.20270490646363","EDIFICAÇÃO MULTIFAMILIAR",""
"PORTO ALEGRE","914207","18/06/2026 - 20:01","GLÓRIA","PROFESSOR OSCAR PEREIRA","ATENDIMENTO PRÉ-HOSPITALAR","AR-1628","1º BBM / 1ª CIA / 2º PEL / TERESÓPOLIS","-30.07597388713333","-51.20103120803833","",""
"PORTO ALEGRE","914211","18/06/2026 - 20:13","AGRONOMIA","ANTÔNIO DE CARVALHO","AVERIGUAÇÃO/CORTE DE ÁRVORE","ABT-1365","1º BBM / 2ª CIA / 3º PEL / PARTENON","-30.05067036230527","-51.14513321206736","CORTE TOTAL",""
"PORTO ALEGRE","914231","18/06/2026 - 21:41","LOMBA DO PINHEIRO","ESTR. JOÃO DE OLIVEIRA REMIÃO","AÇÕES PREVENTIVAS","ABT-0598","1º BBM / 1ª CIA / 4º PEL / RESTINGA","-30.12473241239369","-51.10451459884644","PROGRAMA BOMBEIRO NA ESCOLA",""
"PORTO ALEGRE","914235","18/06/2026 - 21:50","MÁRIO QUINTANA","JOSÉ LUIZ MARTINS COSTA","ATENDIMENTO PRÉ-HOSPITALAR","AR-1628","1º BBM / 1ª CIA / 2º PEL / TERESÓPOLIS","-30.034585007217547","-51.11376285552979","",""
"PORTO ALEGRE","914236","18/06/2026 - 21:52","PASSO DAS PEDRAS","LUIZ CAETANO ANTINOLFI","ATENDIMENTO PRÉ-HOSPITALAR","AR-1628","1º BBM / 1ª CIA / 2º PEL / TERESÓPOLIS","-30.019955005020254","-51.12311840057374","",""
"PORTO ALEGRE","914237","18/06/2026 - 21:53","SANTA TEREZA","PROFESSOR MANOEL LOBATO","ATENDIMENTO PRÉ-HOSPITALAR","AR-1628","1º BBM / 1ª CIA / 2º PEL / TERESÓPOLIS","-30.06951178715204","-51.216400265693665","",""
"PORTO ALEGRE","914246","18/06/2026 - 22:35","HÍPICA","JUCA BATISTA","ATENDIMENTO PRÉ-HOSPITALAR","AR-1628","1º BBM / 1ª CIA / 2º PEL / TERESÓPOLIS","-30.168269467613502","-51.18205959976203","",""
"PORTO ALEGRE","914248","18/06/2026 - 23:08","SARANDI","RUA DONA ALZIRA","INCÊNDIO","ABT-0600","1º BBM / 2ª CIA / 2º PEL / PASSO D`AREIA","-30.001011751310187","-51.139683723449714","TRANSFORMADOR/REDE ELÉTRICA",""
"PORTO ALEGRE","914253","19/06/2026 - 00:13","SANTANA","VICENTE DA FONTOURA","ATENDIMENTO PRÉ-HOSPITALAR","AR-1628","1º BBM / 1ª CIA / 2º PEL / TERESÓPOLIS","-30.049408262009848","-51.20325883072339","",""
"PORTO ALEGRE","914262","19/06/2026 - 02:40","JARDIM BOTÂNICO","VALPARAISO","INCÊNDIO","AT-1590","1º BBM / 1ª CIA / 1º PEL / AÇORIANOS","-30.053721504988722","-51.18778109550476","EDIFICAÇÃO MULTIFAMILIAR",""
"PORTO ALEGRE","914262","19/06/2026 - 02:40","JARDIM BOTÂNICO","VALPARAISO","INCÊNDIO","ABT-1364","1º BBM / 1ª CIA / 1º PEL / AÇORIANOS","-30.053605424786607","-51.18798447009587","EDIFICAÇÃO MULTIFAMILIAR",""
"PORTO ALEGRE","914262","19/06/2026 - 02:40","JARDIM BOTÂNICO","VALPARAISO","INCÊNDIO","ABT-0594","1º BBM / 1ª CIA / 2º PEL / TERESÓPOLIS","-30.05347541479868","-51.18781328201295","EDIFICAÇÃO MULTIFAMILIAR",""
"PORTO ALEGRE","914262","19/06/2026 - 02:40","JARDIM BOTÂNICO","VALPARAISO","INCÊNDIO","ABT-1365","1º BBM / 2ª CIA / 3º PEL / PARTENON","-30.053633251256162","-51.18813559654553","EDIFICAÇÃO MULTIFAMILIAR",""
"PORTO ALEGRE","914273","19/06/2026 - 06:08","GLÓRIA","PROFESSOR OSCAR PEREIRA","ATENDIMENTO PRÉ-HOSPITALAR","AR-1628","1º BBM / 1ª CIA / 2º PEL / TERESÓPOLIS","-30.063335907092178","-51.20626190491839","",""
"PORTO ALEGRE","914275","19/06/2026 - 06:33","CAVALHADA","ADROALDO NOVO CORREA","INCÊNDIO","ABT-0594","1º BBM / 1ª CIA / 2º PEL / TERESÓPOLIS","-30.104667567310887","-51.22448444366456","TRANSFORMADOR/REDE ELÉTRICA",""
"PORTO ALEGRE","914301","19/06/2026 - 09:49","SÃO GERALDO","PÁTRIA","AVERIGUAÇÃO/CORTE DE ÁRVORE","ABT-0597","1º BBM / 2ª CIA / 1º PEL / FLORESTA","-30.005861717406027","-51.20257515513974","CORTE PARCIAL",""
"PORTO ALEGRE","914303","19/06/2026 - 09:54","SÃO JOÃO","MARILAND","INCÊNDIO","ABT-0597","1º BBM / 2ª CIA / 1º PEL / FLORESTA","-30.01559809830867","-51.19433642901294","TRANSFORMADOR/REDE ELÉTRICA",""
"PORTO ALEGRE","914313","19/06/2026 - 10:17","AZENHA","IPIRANGA","ATENDIMENTO PRÉ-HOSPITALAR","AR-1628","1º BBM / 1ª CIA / 2º PEL / TERESÓPOLIS","-30.04776547185827","-51.21383119872695","",""
"PORTO ALEGRE","914365","19/06/2026 - 12:50","PARTENON","AV. BENTO GONÇALVES","ATENDIMENTO PRÉ-HOSPITALAR","AR-1628","1º BBM / 1ª CIA / 2º PEL / TERESÓPOLIS","-30.063563257695364","-51.18514352524703","",""
"PORTO ALEGRE","914366","19/06/2026 - 12:51","INDEPENDÊNCIA","TOMAZ FLORES","OCORRÊNCIA NÃO ATENDIDA","ABT-1364","1º BBM / 1ª CIA / 1º PEL / AÇORIANOS","-30.032225775115585","-51.216094493865974","",""
"PORTO ALEGRE","914372","19/06/2026 - 13:07","RUBEM BERTA","JENNY SEABRA DE SOUZA","AVERIGUAÇÃO/MANEJO DE INSETOS","ABT-0600","1º BBM / 2ª CIA / 2º PEL / PASSO D`AREIA","-30.00145773748697","-51.093163493600194","EXTERMÍNIO",""
"PORTO ALEGRE","914376","19/06/2026 - 13:17","VILA ASSUNÇÃO","DOUTOR CASTRO DE MENEZES","AVERIGUAÇÃO/CORTE DE ÁRVORE","ABT-0596","1º BBM / 1ª CIA / 3º PEL / ASSUNÇÃO","-30.098578607022013","-51.250212225583255","VISTORIA",""
"PORTO ALEGRE","914377","19/06/2026 - 13:17","IPANEMA","GUAÍBA","AVERIGUAÇÃO/CORTE DE ÁRVORE","ABT-0596","1º BBM / 1ª CIA / 3º PEL / ASSUNÇÃO","-30.135217968979102","-51.23304599535396","CORTE PARCIAL",""
"PORTO ALEGRE","914394","19/06/2026 - 14:02","RUBEM BERTA","DEZENOVE DE FEVEREIRO","AÇÕES PREVENTIVAS","ABT-0600","1º BBM / 2ª CIA / 2º PEL / PASSO D`AREIA","-30.02265852693139","-51.10269166832319","APOIO À PESSOA OU INSTITUIÇÃO",""
"PORTO ALEGRE","914416","19/06/2026 - 15:20","MONT SERRAT","RUA TENENTE CORONEL FABRICIO PILLAR","OCORRÊNCIA NÃO ATENDIDA","ABT-1364","1º BBM / 1ª CIA / 1º PEL / AÇORIANOS","-30.028008740040917","-51.18781328201295","",""
"PORTO ALEGRE","914425","19/06/2026 - 15:39","SARANDI","ASSIS BRASIL","INCÊNDIO","ABT-0600","1º BBM / 2ª CIA / 2º PEL / PASSO D`AREIA","-29.99679324326711","-51.131207926438734","MEIO DE TRANSPORTE",""
"PORTO ALEGRE","914440","19/06/2026 - 16:34","RESTINGA","RUA NILZA DA SILVEIRA","PRODUTOS PERIGOSOS","ABT-0598","1º BBM / 1ª CIA / 4º PEL / RESTINGA","-30.14796615759093","-51.16045475006104","EXPLOSIVO",""
"PORTO ALEGRE","914449","19/06/2026 - 17:35","PETRÓPOLIS","PROTASIO ALVES","ATENDIMENTO PRÉ-HOSPITALAR","AR-1628","1º BBM / 1ª CIA / 2º PEL / TERESÓPOLIS","-30.03878318686064","-51.17292202532934","",""
"PORTO ALEGRE","914451","19/06/2026 - 17:44","BELÉM NOVO","ESTRADA CHAPÉU DO SOL","INCÊNDIO","ABT-0599","1º BBM / 1ª CIA / 5º PEL / BELÉM NOVO","-30.19773697900344","-51.161892414093025","TRANSFORMADOR/REDE ELÉTRICA",""
"PORTO ALEGRE","914483","19/06/2026 - 20:06","CAMPO NOVO","ESTRADA COSTA GAMA","ATENDIMENTO PRÉ-HOSPITALAR","AR-1628","1º BBM / 1ª CIA / 2º PEL / TERESÓPOLIS","-30.14273966109586","-51.16399535249412","",""
"PORTO ALEGRE","914483","19/06/2026 - 20:06","CAMPO NOVO","ESTRADA COSTA GAMA","OCORRÊNCIA NÃO ATENDIDA","ABT-0598","1º BBM / 1ª CIA / 4º PEL / RESTINGA","-30.13694380062506","-51.17281436920167","",""
"PORTO ALEGRE","914487","19/06/2026 - 20:24","CASCATA","DONA MOSA","INCÊNDIO","ABT-1365","1º BBM / 2ª CIA / 3º PEL / PARTENON","-30.089036041221647","-51.1804317899274","EDIFICAÇÃO MULTIFAMILIAR",""
"PORTO ALEGRE","914493","19/06/2026 - 21:25","RUBEM BERTA","GOLDA MEIR","INCÊNDIO","ABT-0600","1º BBM / 2ª CIA / 2º PEL / PASSO D`AREIA","-30.01634138369563","-51.112713944537575","EDIFICAÇÃO MULTIFAMILIAR",""
"PORTO ALEGRE","914499","19/06/2026 - 22:08","CASCATA","DONA MOSA","INCÊNDIO","ABT-1365","1º BBM / 2ª CIA / 3º PEL / PARTENON","-30.08937488471514","-51.18072687918603","EDIFICAÇÃO RESIDENCIAL UNIFAMILIAR",""
"PORTO ALEGRE","914511","20/06/2026 - 00:43","JARDIM DO SALSO","IRMÃO NORBERTO FRANCISCO RAUCH","SALVAMENTO/BUSCA/RESGATE","ABT-1365","1º BBM / 2ª CIA / 3º PEL / PARTENON","-30.050893871794244","-51.13994142041182","ELEVADORES",""
"PORTO ALEGRE","914513","20/06/2026 - 01:26","SANTA TEREZA","DONA MALVINA","ATENDIMENTO PRÉ-HOSPITALAR","AR-1628","1º BBM / 1ª CIA / 2º PEL / TERESÓPOLIS","-30.079101820473436","-51.22521930073927","",""
"PORTO ALEGRE","914515","20/06/2026 - 02:30","NONOAI","NONOAI","INCÊNDIO","ABT-0594","1º BBM / 1ª CIA / 2º PEL / TERESÓPOLIS","-30.08730939629007","-51.216459298610026","MEIO DE TRANSPORTE | TERRENO BALDIO",""
"PORTO ALEGRE","914520","20/06/2026 - 03:15","LOMBA DO PINHEIRO","ESTRADA JOÃO DE OLIVEIRA REMIÃO","SALVAMENTO/BUSCA/RESGATE","ABT-1365","1º BBM / 2ª CIA / 3º PEL / PARTENON","-30.134818979761537","-51.095100042725576","COLISÃO/CHOQUE",""
"PORTO ALEGRE","914531","20/06/2026 - 05:36","RESTINGA","ESTRADA JOÃO ANTONIO DA SILVEIRA","INCÊNDIO","ABT-0598","1º BBM / 1ª CIA / 4º PEL / RESTINGA","-30.153755185170144","-51.13755941390992","LIXO",""
"PORTO ALEGRE","914552","20/06/2026 - 09:05","SÃO JOSÉ","NUNES COSTA","SALVAMENTO/BUSCA/RESGATE","ABT-1365","1º BBM / 2ª CIA / 3º PEL / PARTENON","-30.076001740099095","-51.17056131362916","REMOÇÃO DE FONTE DE PERIGO",""
"PORTO ALEGRE","914559","20/06/2026 - 09:20","FARROUPILHA","JOÃO PESSOA","INCÊNDIO","ABT-1364","1º BBM / 1ª CIA / 1º PEL / AÇORIANOS","-30.041550915973094","-51.21626615524293","EDIFICAÇÃO MULTIFAMILIAR",""
"PORTO ALEGRE","914582","20/06/2026 - 11:00","SÃO JOÃO","DOM PEDRO II","ATENDIMENTO PRÉ-HOSPITALAR","AR-1628","1º BBM / 1ª CIA / 2º PEL / TERESÓPOLIS","-30.008890503177607","-51.18972340392003","",""
"PORTO ALEGRE","914585","20/06/2026 - 11:18","HUMAITÁ","RUA JOÃO MOREIRA MACIEL","SALVAMENTO/BUSCA/RESGATE","ABTS-866","BBS / 1ª CIA / 1º PEL / TERRESTRE","-29.99714647449897","-51.20688915252686","SUICÍDIO/TENTATIVA",""
"PORTO ALEGRE","914590","20/06/2026 - 11:45","CAVALHADA","JUCA BATISTA","ATENDIMENTO PRÉ-HOSPITALAR","AR-1628","1º BBM / 1ª CIA / 2º PEL / TERESÓPOLIS","-30.143642719888483","-51.215364949225936","",""
"PORTO ALEGRE","914591","20/06/2026 - 11:45","SARANDI","ARIOSTO VIEIRA RODRIGUES","SALVAMENTO/BUSCA/RESGATE","ABT-0600","1º BBM / 2ª CIA / 2º PEL / PASSO D`AREIA","-29.987073611311754","-51.107409765237726","DE ANIMAL",""
"PORTO ALEGRE","914594","20/06/2026 - 12:00","PARTENON","FREI GERMANO","INCÊNDIO","ABT-1365","1º BBM / 2ª CIA / 3º PEL / PARTENON","-30.055016950811403","-51.16706371307374","LIXO",""
"PORTO ALEGRE","914600","20/06/2026 - 12:29","CRISTAL","ICARAÍ","AÇÕES PREVENTIVAS","ABT-0596","1º BBM / 1ª CIA / 3º PEL / ASSUNÇÃO","-30.082500196420597","-51.239826854383374","VISTORIA DE HIDRANTES",""
"PORTO ALEGRE","914601","20/06/2026 - 12:29","CIDADE BAIXA","ALBERTO TORRES","INCÊNDIO","ABT-1364","1º BBM / 1ª CIA / 1º PEL / AÇORIANOS","-30.039934868769574","-51.22017145156861","TRANSFORMADOR/REDE ELÉTRICA",""
"PORTO ALEGRE","914602","20/06/2026 - 12:30","CRISTAL","CHUÍ","AÇÕES PREVENTIVAS","ABT-0596","1º BBM / 1ª CIA / 3º PEL / ASSUNÇÃO","-30.082054896776977","-51.243066995921204","VISTORIA DE HIDRANTES",""
"PORTO ALEGRE","914611","20/06/2026 - 13:07","CENTRO","URUGUAI","INCÊNDIO","ABTS-866","BBS / 1ª CIA / 1º PEL / TERRESTRE","-30.02687549738874","-51.22950553894044","CONTAINER",""
"PORTO ALEGRE","914614","20/06/2026 - 13:28","SANTA CECÍLIA","SILVA SÓ","AVERIGUAÇÃO/CORTE DE ÁRVORE","ABTS-866","BBS / 1ª CIA / 1º PEL / TERRESTRE","-30.041179413202162","-51.20326280593873","CORTE PARCIAL | VISTORIA",""
"PORTO ALEGRE","914615","20/06/2026 - 13:29","CHAPÉU DO SOL","RUA PEDRO RAIMUNDO","AÇÕES PREVENTIVAS","ABT-0599","1º BBM / 1ª CIA / 5º PEL / BELÉM NOVO","-30.177575683359688","-51.17429491682439","VISTORIA DE HIDRANTES",""
"PORTO ALEGRE","914616","20/06/2026 - 13:30","CHAPÉU DO SOL","RUA PEDRO RAIMUNDO","AÇÕES PREVENTIVAS","ABT-0599","1º BBM / 1ª CIA / 5º PEL / BELÉM NOVO","-30.178206365983257","-51.17431637846569","VISTORIA DE HIDRANTES",""
"PORTO ALEGRE","914624","20/06/2026 - 13:51","PETRÓPOLIS","PALMEIRA","INCÊNDIO","ABT-0597","1º BBM / 2ª CIA / 1º PEL / FLORESTA","-30.03721663030304","-51.18141803532877","EDIFICAÇÃO RESIDENCIAL UNIFAMILIAR",""
"PORTO ALEGRE","914635","20/06/2026 - 14:44","LOMBA DO PINHEIRO","JOAO DE OLIVEIRA REMIÃO","ATENDIMENTO PRÉ-HOSPITALAR","AR-1628","1º BBM / 1ª CIA / 2º PEL / TERESÓPOLIS","-30.12280220671806","-51.096230129768166","",""
"PORTO ALEGRE","914658","20/06/2026 - 16:37","PARTENON","VERÍSSIMO ROSA","ATENDIMENTO PRÉ-HOSPITALAR","AR-1628","1º BBM / 1ª CIA / 2º PEL / TERESÓPOLIS","-30.054645498545124","-51.193413645269935","",""
"PORTO ALEGRE","914680","20/06/2026 - 17:45","TRISTEZA","OTTO NIEMEYER","INCÊNDIO","ABT-0594","1º BBM / 1ª CIA / 2º PEL / TERESÓPOLIS","-30.10745201690037","-51.24673574972972","LIXO",""
"PORTO ALEGRE","914686","20/06/2026 - 18:14","RESTINGA","ESTRADA COSTA GAMA","OCORRÊNCIA NÃO ATENDIDA","AR-1628","1º BBM / 1ª CIA / 2º PEL / TERESÓPOLIS","-30.142529357615814","-51.164381585118946","",""
"PORTO ALEGRE","914688","20/06/2026 - 18:25","BOM JESUS","NOVE","INCÊNDIO","ABT-1364","1º BBM / 1ª CIA / 1º PEL / AÇORIANOS","-30.05052228481701","-51.16496086120606","EDIFICAÇÃO RESIDENCIAL UNIFAMILIAR",""
"PORTO ALEGRE","914688","20/06/2026 - 18:25","BOM JESUS","NOVE","INCÊNDIO","ABT-1365","1º BBM / 2ª CIA / 3º PEL / PARTENON","-30.050503705431538","-51.164853556321546","EDIFICAÇÃO MULTIFAMILIAR",""
"PORTO ALEGRE","914699","20/06/2026 - 18:55","MENINO DEUS","ÉRICO VERÍSSIMO","AÇÕES PREVENTIVAS","ABT-1364","1º BBM / 1ª CIA / 1º PEL / AÇORIANOS","-30.057654221833435","-51.21785402297974","VISTORIA DE HIDRANTES",""
"PORTO ALEGRE","914700","20/06/2026 - 18:56","MENINO DEUS","ÉRICO VERÍSSIMO","AÇÕES PREVENTIVAS","ABT-1364","1º BBM / 1ª CIA / 1º PEL / AÇORIANOS","-30.052119586181593","-51.21826171875001","VISTORIA DE HIDRANTES",""
"PORTO ALEGRE","914701","20/06/2026 - 18:58","RESTINGA","AV ECONOMISTA NILO WULFF","AÇÕES PREVENTIVAS","ABT-0598","1º BBM / 1ª CIA / 4º PEL / RESTINGA","-30.152604828534226","-51.14118576049805","VISTORIA DE HIDRANTES",""
"PORTO ALEGRE","914702","20/06/2026 - 18:59","RESTINGA","ECONOMISTA NILO WULFF","AÇÕES PREVENTIVAS","ABT-0598","1º BBM / 1ª CIA / 4º PEL / RESTINGA","-30.147502278499243","-51.15294456481934","VISTORIA DE HIDRANTES",""
"PORTO ALEGRE","914714","20/06/2026 - 20:01","JARDIM ITU SABARÁ","LOPES TEIXEIRA","INCÊNDIO","ABT-0600","1º BBM / 2ª CIA / 2º PEL / PASSO D`AREIA","-30.011937777135284","-51.1390185190901","EDIFICAÇÃO RESIDENCIAL UNIFAMILIAR",""
"PORTO ALEGRE","914717","20/06/2026 - 20:14","AUXILIADORA","ANITA GARIBALDI","ATENDIMENTO PRÉ-HOSPITALAR","AR-1628","1º BBM / 1ª CIA / 2º PEL / TERESÓPOLIS","-30.019940839316632","-51.19038029036633","",""
"PORTO ALEGRE","914726","20/06/2026 - 20:37","VILA NOVA","ESTRADA KANAZAWA","OCORRÊNCIA NÃO ATENDIDA","ABT-0594","1º BBM / 1ª CIA / 2º PEL / TERESÓPOLIS","-30.118589030589686","-51.19519560477704","",""
"PORTO ALEGRE","914727","20/06/2026 - 20:42","CRISTAL","CORONEL MASSOT","INCÊNDIO","ABT-0596","1º BBM / 1ª CIA / 3º PEL / ASSUNÇÃO","-30.098931355068938","-51.239140063464994","TRANSFORMADOR/REDE ELÉTRICA",""
"PORTO ALEGRE","914731","20/06/2026 - 21:07","SERRARIA","JOSÉ DA ROCHA ESPÍNDOLA","INCÊNDIO","ABT-0596","1º BBM / 1ª CIA / 3º PEL / ASSUNÇÃO","-30.164019636039075","-51.23169425784922","EDIFICAÇÃO RESIDENCIAL UNIFAMILIAR",""
"PORTO ALEGRE","914733","20/06/2026 - 21:08","AUXILIADORA","CEL. BORDINI","ATENDIMENTO PRÉ-HOSPITALAR","AR-1628","1º BBM / 1ª CIA / 2º PEL / TERESÓPOLIS","-30.02164080150249","-51.197084219180326","",""
"PORTO ALEGRE","914734","20/06/2026 - 21:16","FARRAPOS","JOÃO MOREIRA MACIEL","INCÊNDIO","ABT-0597","1º BBM / 2ª CIA / 1º PEL / FLORESTA","-29.977477069602806","-51.20025196168142","LIXO",""
"PORTO ALEGRE","914744","20/06/2026 - 22:03","JARDIM DO SALSO","SÃO JOSEMARIA ESCRIVÁ","AÇÕES PREVENTIVAS","ABT-1365","1º BBM / 2ª CIA / 3º PEL / PARTENON","-30.05408831514826","-51.164124041736486","VISTORIA DE HIDRANTES",""
"PORTO ALEGRE","914745","20/06/2026 - 22:04","PARTENON","ALBION","AÇÕES PREVENTIVAS","ABT-1365","1º BBM / 2ª CIA / 3º PEL / PARTENON","-30.05973434788985","-51.1656904914586","VISTORIA DE HIDRANTES",""
"PORTO ALEGRE","914756","21/06/2026 - 00:07","VILA NOVA","RODRIGUES DA FONSECA","INCÊNDIO","ABT-0594","1º BBM / 1ª CIA / 2º PEL / TERESÓPOLIS","-30.116083311979175","-51.20985010052303","VEGETAÇÃO",""
"PORTO ALEGRE","914766","21/06/2026 - 02:16","CIDADE BAIXA","JOSÉ DO PATROCÍNIO","INCÊNDIO","ABT-1364","1º BBM / 1ª CIA / 1º PEL / AÇORIANOS","-30.03649835893638","-51.2266731262207","CONTAINER",""
"PORTO ALEGRE","914776","21/06/2026 - 05:24","VILA IPIRANGA","INDÍGENA","SALVAMENTO/BUSCA/RESGATE","ABT-0600","1º BBM / 2ª CIA / 2º PEL / PASSO D`AREIA","-30.02307624050483","-51.14942540414346","DE ANIMAL",""
"PORTO ALEGRE","914784","21/06/2026 - 07:37","JARDIM ITU SABARÁ","PROFESSOR EMÍLIO KEMP","INCÊNDIO","ABT-0600","1º BBM / 2ª CIA / 2º PEL / PASSO D`AREIA","-30.01077647741433","-51.140230890783975","EDIFICAÇÃO MULTIFAMILIAR",""
"PORTO ALEGRE","914791","21/06/2026 - 08:44","PRAIA DE BELAS","PRAIA DE BELAS","ATENDIMENTO PRÉ-HOSPITALAR","AR-1628","1º BBM / 1ª CIA / 2º PEL / TERESÓPOLIS","-30.0502065361488","-51.22858280229724","",""
"PORTO ALEGRE","914801","21/06/2026 - 09:57","CRISTAL","JACUÍ","SALVAMENTO/BUSCA/RESGATE","ABT-0596","1º BBM / 1ª CIA / 3º PEL / ASSUNÇÃO","-30.08012389257032","-51.23577117919922","DE ANIMAL",""
"PORTO ALEGRE","914808","21/06/2026 - 10:35","BELÉM NOVO","ESTRADA CHAPÉU DO SOL","AÇÕES PREVENTIVAS","ABT-0599","1º BBM / 1ª CIA / 5º PEL / BELÉM NOVO","-30.177983772577083","-51.16901767900655","VISTORIA DE HIDRANTES",""
"PORTO ALEGRE","914809","21/06/2026 - 10:36","PONTA GROSSA","REINALDO MULLER","AÇÕES PREVENTIVAS","ABT-0599","1º BBM / 1ª CIA / 5º PEL / BELÉM NOVO","-30.178410409497168","-51.180388705185266","VISTORIA DE HIDRANTES",""
"PORTO ALEGRE","914814","21/06/2026 - 10:56","CAMAQUÃ","RUA TAMANDARÉ","INCÊNDIO","ABT-0596","1º BBM / 1ª CIA / 3º PEL / ASSUNÇÃO","-30.095348372050474","-51.23783111572266","VEGETAÇÃO",""
"PORTO ALEGRE","914821","21/06/2026 - 11:20","CRISTAL","UPAMOROTI","AÇÕES PREVENTIVAS","ABT-0596","1º BBM / 1ª CIA / 3º PEL / ASSUNÇÃO","-30.083447485017825","-51.237852573394775","VISTORIA DE HIDRANTES",""
"PORTO ALEGRE","914822","21/06/2026 - 11:21","CRISTAL","CAPIVARI","AÇÕES PREVENTIVAS","ABT-0596","1º BBM / 1ª CIA / 3º PEL / ASSUNÇÃO","-30.082649090319663","-51.23974084854127","VISTORIA DE HIDRANTES",""
"PORTO ALEGRE","914830","21/06/2026 - 11:55","RIO BRANCO","PROTÁSIO ALVES","AÇÕES PREVENTIVAS","ABT-0597","1º BBM / 2ª CIA / 1º PEL / FLORESTA","-30.03785440137679","-51.20429277420045","VISTORIA DE HIDRANTES",""
"PORTO ALEGRE","914831","21/06/2026 - 11:55","SANTA CECÍLIA","JOÃO GUIMARÃES","AÇÕES PREVENTIVAS","ABT-0597","1º BBM / 2ª CIA / 1º PEL / FLORESTA","-30.042275342369642","-51.200430393219","VISTORIA DE HIDRANTES",""
"PORTO ALEGRE","914845","21/06/2026 - 14:02","HUMAITÁ","FREDERICO MENTZ","AVERIGUAÇÃO/MANEJO DE INSETOS","ABT-0597","1º BBM / 2ª CIA / 1º PEL / FLORESTA","-29.983746921861634","-51.198306083679206","VISTORIA",""
"PORTO ALEGRE","914860","21/06/2026 - 15:23","SARANDI","25 DE OUTUBRO","SALVAMENTO/BUSCA/RESGATE","ABT-0600","1º BBM / 2ª CIA / 2º PEL / PASSO D`AREIA","-29.98564220524519","-51.121336528105374","DE ANIMAL",""
"PORTO ALEGRE","914880","21/06/2026 - 16:37","BELÉM NOVO","ESTRADA CHAPÉU DO SOL","INCÊNDIO","ABT-0599","1º BBM / 1ª CIA / 5º PEL / BELÉM NOVO","-30.209179042738043","-51.159853558168976","EDIFICAÇÃO RESIDENCIAL UNIFAMILIAR",""
"PORTO ALEGRE","914887","21/06/2026 - 17:11","SANTA ROSA","PALMEIRA","INCÊNDIO","ABT-0600","1º BBM / 2ª CIA / 2º PEL / PASSO D`AREIA","-29.989099525372094","-51.097132756453654","EDIFICAÇÃO RESIDENCIAL UNIFAMILIAR",""
"PORTO ALEGRE","914890","21/06/2026 - 17:14","CIDADE BAIXA","JOÃO ALFREDO","AÇÕES PREVENTIVAS","ABT-1364","1º BBM / 1ª CIA / 1º PEL / AÇORIANOS","-30.042683990820567","-51.22439901289118","VISTORIA DE HIDRANTES",""
"PORTO ALEGRE","914892","21/06/2026 - 17:19","CIDADE BAIXA","RUA DA REPÚBLICA","AÇÕES PREVENTIVAS","ABT-1364","1º BBM / 1ª CIA / 1º PEL / AÇORIANOS","-30.04008347191177","-51.22579356712479","VISTORIA DE HIDRANTES",""
"PORTO ALEGRE","914894","21/06/2026 - 17:31","JARDIM CARVALHO","AVENIDA IPIRANGA","INCÊNDIO","ABT-1365","1º BBM / 2ª CIA / 3º PEL / PARTENON","-30.064358521245122","-51.15094903105533","EDIFICAÇÃO MULTIFAMILIAR",""
"PORTO ALEGRE","914898","21/06/2026 - 17:37","CENTRO HISTÓRICO","RUA DOS ANDRADAS","AÇÕES PREVENTIVAS","ABT-1364","1º BBM / 1ª CIA / 1º PEL / AÇORIANOS","-30.0316498910357","-51.234827003102055","INSPEÇÃO/REMOÇÃO DE FONTE DE PERIGO",""
"PORTO ALEGRE","914914","21/06/2026 - 18:35","CIDADE BAIXA","ALBERTO TORRES","INCÊNDIO","ABT-1364","1º BBM / 1ª CIA / 1º PEL / AÇORIANOS","-30.039916293361134","-51.220343215676046","TRANSFORMADOR/REDE ELÉTRICA",""
"PORTO ALEGRE","914930","21/06/2026 - 19:25","CAMPO NOVO","BECO PALADINO","AVERIGUAÇÃO/MANEJO DE INSETOS","ABT-0599","1º BBM / 1ª CIA / 5º PEL / BELÉM NOVO","-30.13184044064414","-51.20171742884318","EXTERMÍNIO",""
"PORTO ALEGRE","914936","21/06/2026 - 19:34","TERESÓPOLIS","CARLOS FERREIRA","AÇÕES PREVENTIVAS","ABT-0594","1º BBM / 1ª CIA / 2º PEL / TERESÓPOLIS","-30.080198164012497","-51.20216814042024","VISTORIA DE HIDRANTES",""
"PORTO ALEGRE","914938","21/06/2026 - 19:36","TERESÓPOLIS","ARNALDO BOHRER","AÇÕES PREVENTIVAS","ABT-0594","1º BBM / 1ª CIA / 2º PEL / TERESÓPOLIS","-30.082184904392946","-51.20469950535551","VISTORIA DE HIDRANTES",""
"PORTO ALEGRE","914943","21/06/2026 - 20:18","MOINHOS DE VENTO","PADRE CHAGAS","INCÊNDIO","ABT-1364","1º BBM / 1ª CIA / 1º PEL / AÇORIANOS","-30.02401446649858","-51.2022115010801","EDIFICAÇÃO MULTIFAMILIAR",""
"PORTO ALEGRE","914943","21/06/2026 - 20:18","MOINHOS DE VENTO","PADRE CHAGAS","INCÊNDIO","ABT-0597","1º BBM / 2ª CIA / 1º PEL / FLORESTA","-30.02392157450139","-51.20223283767701","EDIFICAÇÃO MULTIFAMILIAR",""
"PORTO ALEGRE","914943","21/06/2026 - 20:18","MOINHOS DE VENTO","PADRE CHAGAS","INCÊNDIO","ABTS-866","BBS / 1ª CIA / 1º PEL / TERRESTRE","-30.024701864572776","-51.2030053138733","EDIFICAÇÃO RESIDENCIAL UNIFAMILIAR",""
"PORTO ALEGRE","914959","21/06/2026 - 22:03","MOINHOS DE VENTO","PADRE CHAGAS","INCÊNDIO","ABT-0597","1º BBM / 2ª CIA / 1º PEL / FLORESTA","-30.02392157450139","-51.20214700698853","EDIFICAÇÃO MULTIFAMILIAR",""
"PORTO ALEGRE","914973","22/06/2026 - 00:08","CAMAQUÃ","VICTOR SILVA","INCÊNDIO","ABT-0596","1º BBM / 1ª CIA / 3º PEL / ASSUNÇÃO","-30.107860415310604","-51.241500314864126","LIXO",""
"PORTO ALEGRE","915012","22/06/2026 - 08:32","VILA JOÃO PESSOA","LUIZ MOSCHETTI","ATENDIMENTO PRÉ-HOSPITALAR","AR-1628","1º BBM / 1ª CIA / 2º PEL / TERESÓPOLIS","-30.07059570149548","-51.17713785700422","",""
"PORTO ALEGRE","915036","22/06/2026 - 09:59","TRISTEZA","DOUTOR MÁRIO TOTTA","AVERIGUAÇÃO/CORTE DE ÁRVORE","ABT-0596","1º BBM / 1ª CIA / 3º PEL / ASSUNÇÃO","-30.116343204770995","-51.258967398649105","VISTORIA",""
"PORTO ALEGRE","915054","22/06/2026 - 10:58","RUBEM BERTA","DANTE ÂNGELO PILLA","INCÊNDIO","ABT-0600","1º BBM / 2ª CIA / 2º PEL / PASSO D`AREIA","-30.012402292381786","-51.11822605133057","EDIFICAÇÃO RESIDENCIAL UNIFAMILIAR",""
"PORTO ALEGRE","915062","22/06/2026 - 11:13","RIO BRANCO","AVENIDA GOETHE","ATENDIMENTO PRÉ-HOSPITALAR","AR-1628","1º BBM / 1ª CIA / 2º PEL / TERESÓPOLIS","-30.029950710507197","-51.20149739765587","",""
"PORTO ALEGRE","915079","22/06/2026 - 13:24","CENTRO","VESPASIANO JÚLIO VEPPO","ATENDIMENTO PRÉ-HOSPITALAR","AR-1628","1º BBM / 1ª CIA / 2º PEL / TERESÓPOLIS","-30.022875453995553","-51.21849276726076","",""
"PORTO ALEGRE","915102","22/06/2026 - 15:05","PASSO DAREIA","ASSIS BRASIL","ATENDIMENTO PRÉ-HOSPITALAR","AR-1628","1º BBM / 1ª CIA / 2º PEL / TERESÓPOLIS","-30.01033302341856","-51.17058702240113","",""
"PORTO ALEGRE","915109","22/06/2026 - 15:23","CENTRO","GENERAL LIMA E SILVA","PRODUTOS PERIGOSOS","ABT-1364","1º BBM / 1ª CIA / 1º PEL / AÇORIANOS","-30.036600527163902","-51.223572492599494","BIOLÓGICO",""
"PORTO ALEGRE","915115","22/06/2026 - 15:51","CAVALHADA","DA CAVALHADA","INCÊNDIO","ABT-0594","1º BBM / 1ª CIA / 2º PEL / TERESÓPOLIS","-30.10162314597587","-51.23075008392335","EDIFICAÇÃO RESIDENCIAL UNIFAMILIAR",""
"PORTO ALEGRE","915125","22/06/2026 - 16:16","RIO BRANCO","MIGUEL TOSTES","INCÊNDIO","ABT-0597","1º BBM / 2ª CIA / 1º PEL / FLORESTA","-30.030460958479278","-51.20573043456348","CONTAINER",""
"PORTO ALEGRE","915127","22/06/2026 - 16:23","CENTRO","GENERAL BENTO MARTINS","INCÊNDIO","ABT-1364","1º BBM / 1ª CIA / 1º PEL / AÇORIANOS","-30.03528162012961","-51.2336790561676","CONTAINER",""
"PORTO ALEGRE","915129","22/06/2026 - 16:24","JARDIM LEOPOLDINA","CARLOS ESTEVÃO","AÇÕES PREVENTIVAS","ABT-0600","1º BBM / 2ª CIA / 2º PEL / PASSO D`AREIA","-30.016750049614288","-51.11509323120118","RESGATE",""
"PORTO ALEGRE","915138","22/06/2026 - 16:52","VILA ASSUNÇÃO","DOUTOR CASTRO DE MENEZES","ATENDIMENTO PRÉ-HOSPITALAR","AR-1628","1º BBM / 1ª CIA / 2º PEL / TERESÓPOLIS","-30.09833024543816","-51.250592523047885","",""
"PORTO ALEGRE","915151","22/06/2026 - 17:55","TRISTEZA","GENERAL RONDON","ATENDIMENTO PRÉ-HOSPITALAR","AR-1628","1º BBM / 1ª CIA / 2º PEL / TERESÓPOLIS","-30.1014756434368","-51.24360432567566","",""
"PORTO ALEGRE","915167","22/06/2026 - 19:15","CAVALHADA","BEGÔNIA","INCÊNDIO","ABT-1363","1º BBM / 1ª CIA / 3º PEL / ASSUNÇÃO","-30.11768883767737","-51.22591137390331","EDIFICAÇÃO RESIDENCIAL UNIFAMILIAR",""
"PORTO ALEGRE","915174","22/06/2026 - 19:46","CRISTAL","DONA CRISTINA","ATENDIMENTO PRÉ-HOSPITALAR","AR-1628","1º BBM / 1ª CIA / 2º PEL / TERESÓPOLIS","-30.08654091356995","-51.229050112604426","",""
"PORTO ALEGRE","915179","22/06/2026 - 20:23","FLORESTA","DR. TIMÓTEO","AVERIGUAÇÃO/CORTE DE ÁRVORE","ABT-0597","1º BBM / 2ª CIA / 1º PEL / FLORESTA","-30.016805788854214","-51.20034456253052","VISTORIA",""
"PORTO ALEGRE","915182","22/06/2026 - 20:36","AGRONOMIA","DONA ANI","INCÊNDIO","ABT-1365","1º BBM / 2ª CIA / 3º PEL / PARTENON","-30.08322493353959","-51.17072230400379","EDIFICAÇÃO RESIDENCIAL UNIFAMILIAR",""
"PORTO ALEGRE","915187","22/06/2026 - 21:34","SÃO JOSÉ","TRÊS","AÇÕES PREVENTIVAS","ABT-1365","1º BBM / 2ª CIA / 3º PEL / PARTENON","-30.08021212104513","-51.16279371481068","APOIO À PESSOA OU INSTITUIÇÃO",""
"PORTO ALEGRE","915196","22/06/2026 - 23:03","SÃO JOSÉ","MARTINS DE LIMA","ATENDIMENTO PRÉ-HOSPITALAR","AR-1628","1º BBM / 1ª CIA / 2º PEL / TERESÓPOLIS","-30.07443201410363","-51.167590450686525","",""
"PORTO ALEGRE","915197","22/06/2026 - 23:19","MONT SERRAT","DOUTOR FREIRE ALEMÃO","AVERIGUAÇÃO/CORTE DE ÁRVORE","ABT-0597","1º BBM / 2ª CIA / 1º PEL / FLORESTA","-30.027730075016137","-51.191568374633796","CORTE TOTAL",""
"PORTO ALEGRE","915240","23/06/2026 - 09:47","PRAIA DE BELAS","EDVALDO PEREIRA PAIVA","ATENDIMENTO PRÉ-HOSPITALAR","AR-1628","1º BBM / 1ª CIA / 2º PEL / TERESÓPOLIS","-30.045612585700216","-51.232731219944824","",""
"PORTO ALEGRE","915242","23/06/2026 - 10:01","APARÍCIO BORGES","R. TANCREDO NEVES","INCÊNDIO","ABT-1365","1º BBM / 2ª CIA / 3º PEL / PARTENON","-30.0690735","-51.1830696","EDIFICAÇÃO RESIDENCIAL UNIFAMILIAR",""
"PORTO ALEGRE","915244","23/06/2026 - 10:07","HUMAITÁ","MAX JUNIMAN","SALVAMENTO/BUSCA/RESGATE","ABT-0597","1º BBM / 2ª CIA / 1º PEL / FLORESTA","-29.979639345974572","-51.18648286965211","DE ANIMAL",""
"PORTO ALEGRE","915251","23/06/2026 - 10:32","TRISTEZA","DOUTOR MARIO TOTTA","AVERIGUAÇÃO/CORTE DE ÁRVORE","ABT-1363","1º BBM / 1ª CIA / 3º PEL / ASSUNÇÃO","-30.115470802850496","-51.25654230825891","CORTE PARCIAL",""
"PORTO ALEGRE","915252","23/06/2026 - 10:33","CIDADE BAIXA","JOSÉ DO PATROCÍNIO","ATENDIMENTO PRÉ-HOSPITALAR","AR-1628","1º BBM / 1ª CIA / 2º PEL / TERESÓPOLIS","-30.040355909671074","-51.22250335156429","",""
"PORTO ALEGRE","915293","23/06/2026 - 13:45","BELA VISTA","DR CARLOS GOMES","INCÊNDIO","ABT-0597","1º BBM / 2ª CIA / 1º PEL / FLORESTA","-30.03534663708488","-51.17706366703624","MEIO DE TRANSPORTE",""
"PORTO ALEGRE","915317","23/06/2026 - 14:46","SÃO JOSÉ","9 DE JUNHO","INCÊNDIO","ABT-1365","1º BBM / 2ª CIA / 3º PEL / PARTENON","-30.071795778361242","-51.16114144844543","EDIFICAÇÃO RESIDENCIAL UNIFAMILIAR",""
"PORTO ALEGRE","915321","23/06/2026 - 14:55","PARTENON","BARÃO DO AMAZONAS","ATENDIMENTO PRÉ-HOSPITALAR","AR-1628","1º BBM / 1ª CIA / 2º PEL / TERESÓPOLIS","-30.057453193331664","-51.19067429937065","",""
"PORTO ALEGRE","915355","23/06/2026 - 16:47","RIO BRANCO","PROFESSOR ÁLVARO ALVIM","INCÊNDIO","ABT-0597","1º BBM / 2ª CIA / 1º PEL / FLORESTA","-30.03731570180711","-51.19766240488086","CONTAINER",""
"PORTO ALEGRE","915379","23/06/2026 - 18:44","PARTENON","CORONEL APARICIO BORGES","ATENDIMENTO PRÉ-HOSPITALAR","AR-1628","1º BBM / 1ª CIA / 2º PEL / TERESÓPOLIS","-30.071360971501836","-51.19026144840053","",""
"PORTO ALEGRE","915397","23/06/2026 - 19:47","HÍPICA","AVENIDA EDGAR PIRES DE CASTRO","ATENDIMENTO PRÉ-HOSPITALAR","AR-1628","1º BBM / 1ª CIA / 2º PEL / TERESÓPOLIS","-30.155795441606386","-51.18240041954281","",""
"PORTO ALEGRE","915412","23/06/2026 - 20:56","BOM FIM","FELIPE CAMARÃO","INCÊNDIO","ABT-0597","1º BBM / 2ª CIA / 1º PEL / FLORESTA","-30.029606404395274","-51.209828842600345","CONTAINER",""
"PORTO ALEGRE","915413","23/06/2026 - 20:59","PETRÓPOLIS","PROTASIO ALVES","INCÊNDIO","ABT-0597","1º BBM / 2ª CIA / 1º PEL / FLORESTA","-30.03978626540451","-51.171505818096996","CONTAINER",""
"PORTO ALEGRE","915430","23/06/2026 - 23:55","CAMAQUÃ","ALBERTO ANDRE","ATENDIMENTO PRÉ-HOSPITALAR","AR-1628","1º BBM / 1ª CIA / 2º PEL / TERESÓPOLIS","-30.10937697559749","-51.23817806251142","",""
"PORTO ALEGRE","915449","24/06/2026 - 06:57","JARDIM FLORESTA","OURO PRETO","INCÊNDIO","ABT-0600","1º BBM / 2ª CIA / 2º PEL / PASSO D`AREIA","-29.997857236449576","-51.15558392128091","EDIFICAÇÃO COMERCIAL",""
"PORTO ALEGRE","915506","24/06/2026 - 11:43","BOM JESUS","PIO X","OCORRÊNCIA NÃO ATENDIDA","ABT-1365","1º BBM / 2ª CIA / 3º PEL / PARTENON","-30.048887810241293","-51.15779399871827","",""
"PORTO ALEGRE","915518","24/06/2026 - 12:18","RIO BRANCO","CÔNEGO VIANA","INCÊNDIO","ABT-1364","1º BBM / 1ª CIA / 1º PEL / AÇORIANOS","-30.035328060816315","-51.199808087707034","EDIFICAÇÃO MULTIFAMILIAR",""
"PORTO ALEGRE","915518","24/06/2026 - 12:18","RIO BRANCO","CÔNEGO VIANA","INCÊNDIO","AT-1590","1º BBM / 1ª CIA / 1º PEL / AÇORIANOS","-30.03521660313168","-51.20060188582444","EDIFICAÇÃO MULTIFAMILIAR",""
"PORTO ALEGRE","915518","24/06/2026 - 12:18","RIO BRANCO","CÔNEGO VIANA","INCÊNDIO","AEM-0482","1º BBM / 1ª CIA / 1º PEL / AÇORIANOS","-30.035198026838714","-51.20068770183714","EDIFICAÇÃO MULTIFAMILIAR | OCORRÊNCIA DE VULTO",""
"PORTO ALEGRE","915518","24/06/2026 - 12:18","RIO BRANCO","CÔNEGO VIANA","INCÊNDIO","ABT-0597","1º BBM / 2ª CIA / 1º PEL / FLORESTA","-30.0354491","-51.199608","EDIFICAÇÃO MULTIFAMILIAR",""
"PORTO ALEGRE","915518","24/06/2026 - 12:18","RIO BRANCO","CÔNEGO VIANA","INCÊNDIO","ABTS-866","BBS / 1ª CIA / 1º PEL / TERRESTRE","-30.035328060816315","-51.199636459350586","EDIFICAÇÃO MULTIFAMILIAR",""
"PORTO ALEGRE","915523","24/06/2026 - 13:05","ABERTA DOS MORROS","PAULO FONTOURA GASTAL","ATENDIMENTO PRÉ-HOSPITALAR","AR-1628","1º BBM / 1ª CIA / 2º PEL / TERESÓPOLIS","-30.15986731688304","-51.19780787185833","",""
"PORTO ALEGRE","915538","24/06/2026 - 13:39","SANTANA","TV. ESPORTE CLUBE CRUZEIRO","ATENDIMENTO PRÉ-HOSPITALAR","AR-1628","1º BBM / 1ª CIA / 2º PEL / TERESÓPOLIS","-30.043410381548714","-51.12882614135743","",""
"PORTO ALEGRE","915597","24/06/2026 - 16:36","FARROUPILHA","TRAVESSA DA PAZ","ATENDIMENTO PRÉ-HOSPITALAR","AR-1628","1º BBM / 1ª CIA / 2º PEL / TERESÓPOLIS","-30.039817933414167","-51.21546491272071","",""
"PORTO ALEGRE","915603","24/06/2026 - 16:48","PARTENON","CORONEL APARICIO BORGES","AVERIGUAÇÃO/CORTE DE ÁRVORE","ABT-1365","1º BBM / 2ª CIA / 3º PEL / PARTENON","-30.06450708356926","-51.186397075653076","VISTORIA",""
"PORTO ALEGRE","915620","24/06/2026 - 17:54","RIO BRANCO","CORONEL PAULINO TEIXEIRA","INCÊNDIO","ABT-0597","1º BBM / 2ª CIA / 1º PEL / FLORESTA","-30.0373528535956","-51.20320202758552","TRANSFORMADOR/REDE ELÉTRICA",""
"PORTO ALEGRE","915631","24/06/2026 - 18:33","IPANEMA","AVENIDA EDUARDO PRADO","ATENDIMENTO PRÉ-HOSPITALAR","AR-1628","1º BBM / 1ª CIA / 2º PEL / TERESÓPOLIS","-30.136172201549268","-51.219347213899965","",""
"PORTO ALEGRE","915647","24/06/2026 - 19:49","MENINO DEUS","ITORORÓ","INCÊNDIO","ABT-1364","1º BBM / 1ª CIA / 1º PEL / AÇORIANOS","-30.057700652032047","-51.22653365685535","CONTAINER",""
"PORTO ALEGRE","915654","24/06/2026 - 21:20","VILA CONCEIÇÃO","PADRE JOÃO BATISTA REUS","INCÊNDIO","ABT-0596","1º BBM / 1ª CIA / 3º PEL / ASSUNÇÃO","-30.1186447095244","-51.25821590423585","EDIFICAÇÃO RESIDENCIAL UNIFAMILIAR",""
"PORTO ALEGRE","915662","24/06/2026 - 22:22","JARDIM LINDÓIA","ASSIS BRASIL","VISTORIA DE SEG. CONTRA. INC","ABT-0600","1º BBM / 2ª CIA / 2º PEL / PASSO D`AREIA","-29.97442563962729","-51.1160159111023","",""
"PORTO ALEGRE","915663","24/06/2026 - 22:37","MENINO DEUS","BOTAFOGO","ATENDIMENTO PRÉ-HOSPITALAR","AR-1628","1º BBM / 1ª CIA / 2º PEL / TERESÓPOLIS","-30.054475442572365","-51.22054224861823","",""
"PORTO ALEGRE","915666","24/06/2026 - 23:00","TERESÓPOLIS","AV. TERESÓPOLIS","ATENDIMENTO PRÉ-HOSPITALAR","AR-1628","1º BBM / 1ª CIA / 2º PEL / TERESÓPOLIS","-30.07286988908215","-51.209205562958694","",""
"PORTO ALEGRE","915672","25/06/2026 - 00:05","CIDADE BAIXA","LOUREIRO DA SILVA","ATENDIMENTO PRÉ-HOSPITALAR","AR-1628","1º BBM / 1ª CIA / 2º PEL / TERESÓPOLIS","-30.034832182572934","-51.22167548603124","",""
"PORTO ALEGRE","915675","25/06/2026 - 02:09","FLORESTA","SANTOS DUMONT","INCÊNDIO","ABT-0597","1º BBM / 2ª CIA / 1º PEL / FLORESTA","-30.01692346048007","-51.20861282325457","CONTAINER",""
"PORTO ALEGRE","915679","25/06/2026 - 03:24","SÃO GERALDO","FARRAPOS","INCÊNDIO","ABT-0597","1º BBM / 2ª CIA / 1º PEL / FLORESTA","-30.00454240144245","-51.20064147455313","REJEITOS INDUSTRIAIS",""
"PORTO ALEGRE","915681","25/06/2026 - 04:00","VILA NOVA","JOÃO FRANCISCO BARBOSA","SALVAMENTO/BUSCA/RESGATE","ABT-0594","1º BBM / 1ª CIA / 2º PEL / TERESÓPOLIS","-30.109122648992347","-51.20866991234447","DE ANIMAL",""
"PORTO ALEGRE","915682","25/06/2026 - 05:02","SANTO ANTÔNIO","JOAQUIM CRUZ","ATENDIMENTO PRÉ-HOSPITALAR","AR-1628","1º BBM / 1ª CIA / 2º PEL / TERESÓPOLIS","-30.060690692569796","-51.19901747115315","",""
"PORTO ALEGRE","915696","25/06/2026 - 08:38","PROTÁSIO ALVES","IRMÃ TERESILDA STEFFEN","ATENDIMENTO PRÉ-HOSPITALAR","ABT-0600","1º BBM / 2ª CIA / 2º PEL / PASSO D`AREIA","-30.03970515203571","-51.17347170654818","",""
"PORTO ALEGRE","915736","25/06/2026 - 10:50","CAVALHADA","VICENTE MONTEGGIA","ATENDIMENTO PRÉ-HOSPITALAR","AR-1628","1º BBM / 1ª CIA / 2º PEL / TERESÓPOLIS","-30.102050113158576","-51.223411568164614","",""
"PORTO ALEGRE","915749","25/06/2026 - 11:21","HUMAITÁ","A. J. RENNER","AÇÕES PREVENTIVAS","ABT-0597","1º BBM / 2ª CIA / 1º PEL / FLORESTA","-29.988718534173152","-51.19452953338624","APOIO À PESSOA OU INSTITUIÇÃO",""
"PORTO ALEGRE","915763","25/06/2026 - 12:06","FARRAPOS","VOLUNTARIOS DA PATRIA","ATENDIMENTO PRÉ-HOSPITALAR","AR-1628","1º BBM / 1ª CIA / 2º PEL / TERESÓPOLIS","-30.026912653090957","-51.22408581851972","",""
"PORTO ALEGRE","915818","25/06/2026 - 14:51","MEDIANEIRA","ANTÔNIO CARLOS LOPES","ATENDIMENTO PRÉ-HOSPITALAR","ABT-0594","1º BBM / 1ª CIA / 2º PEL / TERESÓPOLIS","-30.063857103497906","-51.208841800689704","",""
"PORTO ALEGRE","915818","25/06/2026 - 14:51","MEDIANEIRA","ANTÔNIO CARLOS LOPES","ATENDIMENTO PRÉ-HOSPITALAR","AR-1628","1º BBM / 1ª CIA / 2º PEL / TERESÓPOLIS","-30.063838532576003","-51.20877752494547","",""
"PORTO ALEGRE","915827","25/06/2026 - 15:08","CRISTAL","DOUTOR CAMPOS VELHO","INCÊNDIO","ABT-0596","1º BBM / 1ª CIA / 3º PEL / ASSUNÇÃO","-30.092619278637848","-51.239397502653866","LIXO",""
"PORTO ALEGRE","915830","25/06/2026 - 15:14","SANTANA","DOMINGOS CRESCÊNCIO","OCORRÊNCIA NÃO ATENDIDA","ABT-1364","1º BBM / 1ª CIA / 1º PEL / AÇORIANOS","-30.04781052815966","-51.20448589324952","",""
"PORTO ALEGRE","915831","25/06/2026 - 15:25","SERRARIA","SERRARIA","INCÊNDIO","ABT-0599","1º BBM / 1ª CIA / 5º PEL / BELÉM NOVO","-30.16497973513486","-51.230320930480964","TRANSFORMADOR/REDE ELÉTRICA",""
"PORTO ALEGRE","915843","25/06/2026 - 16:26","SANTO ANTÔNIO","LUIZ DE CAMÕES","ATENDIMENTO PRÉ-HOSPITALAR","AR-1628","1º BBM / 1ª CIA / 2º PEL / TERESÓPOLIS","-30.050095095202035","-51.1968023281567","",""
"PORTO ALEGRE","915855","25/06/2026 - 17:16","JARDIM LEOPOLDINA","CARLOS ESTEVÃO","AÇÕES PREVENTIVAS","ABT-0600","1º BBM / 2ª CIA / 2º PEL / PASSO D`AREIA","-30.016799715056724","-51.115627237132955","INSPEÇÃO/REMOÇÃO DE FONTE DE PERIGO",""
"PORTO ALEGRE","915877","25/06/2026 - 18:49","PETRÓPOLIS","BARÃO DO AMAZONAS","PRODUTOS PERIGOSOS","ABT-0597","1º BBM / 2ª CIA / 1º PEL / FLORESTA","-30.051915281629967","-51.18764162063599","EXPLOSIVO",""
"PORTO ALEGRE","915894","25/06/2026 - 20:00","PETRÓPOLIS","DOUTOR NILO PEÇANHA","ATENDIMENTO PRÉ-HOSPITALAR","AR-1628","1º BBM / 1ª CIA / 2º PEL / TERESÓPOLIS","-30.029137425161345","-51.1804209446247","",""
"PORTO ALEGRE","915900","25/06/2026 - 20:12","JARDIM BOTÂNICO","FELIZARDO","INCÊNDIO","ABT-0597","1º BBM / 2ª CIA / 1º PEL / FLORESTA","-30.049621469779343","-51.18778109550476","TRANSFORMADOR/REDE ELÉTRICA",""
"PORTO ALEGRE","915910","25/06/2026 - 21:01","PASSO DAS PEDRAS","SOTERO DOS REIS","INCÊNDIO","ABT-0600","1º BBM / 2ª CIA / 2º PEL / PASSO D`AREIA","-30.015653818513663","-51.12502807721098","EDIFICAÇÃO RESIDENCIAL UNIFAMILIAR",""
"PORTO ALEGRE","915919","25/06/2026 - 22:54","PONTA GROSSA","RUA LEONARDO FREITAS DA CUNHA","INCÊNDIO","ABT-0599","1º BBM / 1ª CIA / 5º PEL / BELÉM NOVO","-30.186571803543753","-51.18650436401368","TRANSFORMADOR/REDE ELÉTRICA",""
"PORTO ALEGRE","915924","25/06/2026 - 23:44","AGRONOMIA","TOCANTINS","INCÊNDIO","ABT-1365","1º BBM / 2ª CIA / 3º PEL / PARTENON","-30.082779495899434","-51.131698772716575","TERRENO BALDIO",""
"PORTO ALEGRE","915925","26/06/2026 - 00:12","CAMPO NOVO","R. ANDRÉ PRIMO BIAZETTO","INCÊNDIO","ABT-0596","1º BBM / 1ª CIA / 3º PEL / ASSUNÇÃO","-30.134494217785765","-51.19879960683318","EDIFICAÇÃO MULTIFAMILIAR",""
"PORTO ALEGRE","915925","26/06/2026 - 00:12","CAMPO NOVO","R. ANDRÉ PRIMO BIAZETTO","INCÊNDIO","ABT-0599","1º BBM / 1ª CIA / 5º PEL / BELÉM NOVO","-30.134587008988085","-51.198306083679206","EDIFICAÇÃO MULTIFAMILIAR",""
"PORTO ALEGRE","915929","26/06/2026 - 00:56","IPANEMA","AVENIDA EDUARDO PRADO","INCÊNDIO","ABT-0594","1º BBM / 1ª CIA / 2º PEL / TERESÓPOLIS","-30.13822423862877","-51.22036473273788","LIXO",""
"PORTO ALEGRE","915929","26/06/2026 - 00:56","IPANEMA","AVENIDA EDUARDO PRADO","INCÊNDIO","ABT-0596","1º BBM / 1ª CIA / 3º PEL / ASSUNÇÃO","-30.137426292418056","-51.21991395619841","LIXO",""
"PORTO ALEGRE","915931","26/06/2026 - 01:33","CIDADE BAIXA","LUIZ AFONSO","AVERIGUAÇÃO/MANEJO DE INSETOS","ABT-1364","1º BBM / 1ª CIA / 1º PEL / AÇORIANOS","-30.0408859218537","-51.22424774164547","REMOÇÃO",""
"PORTO ALEGRE","915932","26/06/2026 - 02:41","CENTRO","GENERAL LIMA E SILVA","INCÊNDIO","ABT-1364","1º BBM / 1ª CIA / 1º PEL / AÇORIANOS","-30.039165346906515","-51.22014536011897","CONTAINER",""
"PORTO ALEGRE","915938","26/06/2026 - 05:14","SÃO GERALDO","PERNAMBUCO","INCÊNDIO","ABT-0597","1º BBM / 2ª CIA / 1º PEL / FLORESTA","-30.007552646017174","-51.20021581649781","CONTAINER",""
"PORTO ALEGRE","915953","26/06/2026 - 08:11","MENINO DEUS","GONÇALVES DIAS","AÇÕES PREVENTIVAS","AR-1628","1º BBM / 1ª CIA / 2º PEL / TERESÓPOLIS","-30.056280252420127","-51.21958481059182","APOIO À PESSOA OU INSTITUIÇÃO | FESTAS E EVENTOS | PALESTRAS/TREINAMENTOS EXTERNOS",""
"PORTO ALEGRE","915957","26/06/2026 - 08:49","SANTO ANTÔNIO","JOAQUIM CRUZ","INCÊNDIO","ABT-1364","1º BBM / 1ª CIA / 1º PEL / AÇORIANOS","-30.060662853694282","-51.1987566947937","TRANSFORMADOR/REDE ELÉTRICA",""
"PORTO ALEGRE","915970","26/06/2026 - 09:19","SANTO ANTÔNIO","PAULINO CHAVES","INCÊNDIO","ABT-1364","1º BBM / 1ª CIA / 1º PEL / AÇORIANOS","-30.059492841057256","-51.19700789451599","TRANSFORMADOR/REDE ELÉTRICA",""
"PORTO ALEGRE","916002","26/06/2026 - 10:44","MEDIANEIRA","OSCAR SCHNEIDER","SALVAMENTO/BUSCA/RESGATE","ABT-1364","1º BBM / 1ª CIA / 1º PEL / AÇORIANOS","-30.06487849883658","-51.20678186416626","DE ANIMAL",""
"PORTO ALEGRE","916003","26/06/2026 - 10:45","FARROUPILHA","PAULO GAMA","INCÊNDIO","ABT-0597","1º BBM / 2ª CIA / 1º PEL / FLORESTA","-30.033061729922537","-51.21914148330689","MEIO DE TRANSPORTE",""
"PORTO ALEGRE","916004","26/06/2026 - 10:46","CASCATA","PROFESSOR OSCAR PEREIRA","INCÊNDIO","ABT-0594","1º BBM / 1ª CIA / 2º PEL / TERESÓPOLIS","-30.09516272178494","-51.17824190381622","LIXO",""
"PORTO ALEGRE","916022","26/06/2026 - 11:41","PETRÓPOLIS","FERREIRA VIANA","INCÊNDIO","ABT-1365","1º BBM / 2ª CIA / 3º PEL / PARTENON","-30.04730906476595","-51.18401455360465","EDIFICAÇÃO MULTIFAMILIAR",""
"PORTO ALEGRE","916080","26/06/2026 - 15:04","CENTRO","BORGES DE MEDEIROS","AÇÕES PREVENTIVAS","ABT-1364","1º BBM / 1ª CIA / 1º PEL / AÇORIANOS","-30.029039793821113","-51.228024959564216","PALESTRAS/TREINAMENTOS EXTERNOS",""
"PORTO ALEGRE","916086","26/06/2026 - 15:20","SANTANA","LIVRAMENTO","INCÊNDIO","ABT-0597","1º BBM / 2ª CIA / 1º PEL / FLORESTA","-30.04563735450983","-51.1994218826294","TRANSFORMADOR/REDE ELÉTRICA",""
"PORTO ALEGRE","916108","26/06/2026 - 16:19","SARANDI","DEZ DE AGOSTO","ATENDIMENTO PRÉ-HOSPITALAR","AR-1628","1º BBM / 1ª CIA / 2º PEL / TERESÓPOLIS","-30.004864784882386","-51.134630591266905","",""
"PORTO ALEGRE","916139","26/06/2026 - 18:08","FLORESTA","PELOTAS","AÇÕES PREVENTIVAS","ABT-0597","1º BBM / 2ª CIA / 1º PEL / FLORESTA","-30.023940152907784","-51.21176004409791","APOIO À PESSOA OU INSTITUIÇÃO",""
"PORTO ALEGRE","916144","26/06/2026 - 18:26","MONT SERRAT","TENENTECORONEL FABRÍCIO PILAR","INCÊNDIO","ABT-1364","1º BBM / 1ª CIA / 1º PEL / AÇORIANOS","-30.02564935140324","-51.19150400161744","EDIFICAÇÃO MULTIFAMILIAR",""
"PORTO ALEGRE","916144","26/06/2026 - 18:26","MONT SERRAT","TENENTECORONEL FABRÍCIO PILAR","INCÊNDIO","ABT-0597","1º BBM / 2ª CIA / 1º PEL / FLORESTA","-30.02568650756501","-51.19097828865052","EDIFICAÇÃO MULTIFAMILIAR",""
"PORTO ALEGRE","916153","26/06/2026 - 18:49","CENTRO","SENADOR SALGADO FILHO","INCÊNDIO","ABT-1364","1º BBM / 1ª CIA / 1º PEL / AÇORIANOS","-30.030702461559045","-51.22742414474488","CONTAINER",""
"PORTO ALEGRE","916154","26/06/2026 - 18:50","RESTINGA","ESTRADA JOÃO ANTONIO DA SILVEIRA","ATENDIMENTO PRÉ-HOSPITALAR","AR-1628","1º BBM / 1ª CIA / 2º PEL / TERESÓPOLIS","-30.146125328670063","-51.111146110669324","",""
"PORTO ALEGRE","916171","26/06/2026 - 19:27","CIDADE BAIXA","JOSÉ DO PATROCÍNIO","INCÊNDIO","ABT-1364","1º BBM / 1ª CIA / 1º PEL / AÇORIANOS","-30.039526208979336","-51.223583221435554","CONTAINER",""
"PORTO ALEGRE","916185","26/06/2026 - 20:27","CIDADE BAIXA","GEN LIMA E SILVA","PRODUTOS PERIGOSOS","ABT-1364","1º BBM / 1ª CIA / 1º PEL / AÇORIANOS","-30.039247576337782","-51.22021436691284","EXPLOSIVO",""
"PORTO ALEGRE","916186","26/06/2026 - 20:29","CENTRO","VIGÁRIO JOSÉ INÁCIO","ATENDIMENTO PRÉ-HOSPITALAR","AR-1628","1º BBM / 1ª CIA / 2º PEL / TERESÓPOLIS","-30.029066709516776","-51.225623957176786","",""
"PORTO ALEGRE","916187","26/06/2026 - 20:30","RUBEM BERTA","JOÃO PARIS","SALVAMENTO/BUSCA/RESGATE","ABT-0600","1º BBM / 2ª CIA / 2º PEL / PASSO D`AREIA","-30.014297515901333","-51.09550224106021","DE ANIMAL",""
"PORTO ALEGRE","916190","26/06/2026 - 20:41","SANTANA","SANTA CECÍLIA","SALVAMENTO/BUSCA/RESGATE","ABT-0597","1º BBM / 2ª CIA / 1º PEL / FLORESTA","-30.045711651832026","-51.199336051940925","ELEVADORES",""
"PORTO ALEGRE","916191","26/06/2026 - 20:44","LOMBA DO PINHEIRO","ESTRADA SÃO FRANCISCO","SALVAMENTO/BUSCA/RESGATE","ABT-1365","1º BBM / 2ª CIA / 3º PEL / PARTENON","-30.100370274033207","-51.142205908739676","DE ANIMAL",""
"PORTO ALEGRE","916193","26/06/2026 - 20:50","SANTA TEREZA","CORRÊA LIMA","ATENDIMENTO PRÉ-HOSPITALAR","AR-1628","1º BBM / 1ª CIA / 2º PEL / TERESÓPOLIS","-30.072013576204444","-51.22972931438715","",""
"PORTO ALEGRE","916195","26/06/2026 - 21:25","LOMBA DO PINHEIRO","JOSÉ ANTÔNIO DAMASIO","INCÊNDIO","ABT-1363","1º BBM / 1ª CIA / 4º PEL / RESTINGA","-30.12060979994053","-51.1063975095749","LIXO | TERRENO BALDIO | VEGETAÇÃO",""
"PORTO ALEGRE","916200","26/06/2026 - 22:45","BELÉM VELHO","SANTUÁRIO","ATENDIMENTO PRÉ-HOSPITALAR","AR-1628","1º BBM / 1ª CIA / 2º PEL / TERESÓPOLIS","-30.10305050716831","-51.19526911401953","",""
"PORTO ALEGRE","916212","26/06/2026 - 23:35","PETRÓPOLIS","LUIZ MANOEL GONZAGA","INCÊNDIO","ABT-0600","1º BBM / 2ª CIA / 2º PEL / PASSO D`AREIA","-30.036461209212742","-51.17802859013619","TRANSFORMADOR/REDE ELÉTRICA",""
"PORTO ALEGRE","916214","27/06/2026 - 00:27","SÃO GERALDO","DO PARQUE","SALVAMENTO/BUSCA/RESGATE","ABT-0597","1º BBM / 2ª CIA / 1º PEL / FLORESTA","-30.012885385930527","-51.20828390121461","SUICÍDIO/TENTATIVA",""
"PORTO ALEGRE","916217","27/06/2026 - 01:52","BELÉM VELHO","ALAMEDA DO BOQUEIRÃO","INCÊNDIO","ABT-1365","1º BBM / 2ª CIA / 3º PEL / PARTENON","-30.114408156340264","-51.17257298856664","MEIO DE TRANSPORTE",""
"PORTO ALEGRE","916290","27/06/2026 - 11:27","PASSO DAREIA","ROQUE CALAGE","PRODUTOS PERIGOSOS","ABT-0600","1º BBM / 2ª CIA / 2º PEL / PASSO D`AREIA","-30.018654434870637","-51.16310479487505","OCORRÊNCIA DE VULTO | QUÍMICO",""
"PORTO ALEGRE","916312","27/06/2026 - 12:22","PARTENON","ALBION","ATENDIMENTO PRÉ-HOSPITALAR","AR-1628","1º BBM / 1ª CIA / 2º PEL / TERESÓPOLIS","-30.057951374728297","-51.165325674056135","",""
"PORTO ALEGRE","916322","27/06/2026 - 13:13","CRISTAL","UPAMOROTI","AÇÕES PREVENTIVAS","ABT-0596","1º BBM / 1ª CIA / 3º PEL / ASSUNÇÃO","-30.08402308577604","-51.23875389476734","VISTORIA DE HIDRANTES",""
"PORTO ALEGRE","916323","27/06/2026 - 13:14","BELÉM NOVO","RUA OLAVO JOSE DE SOUZA","AÇÕES PREVENTIVAS","ABT-0599","1º BBM / 1ª CIA / 5º PEL / BELÉM NOVO","-30.211163187495373","-51.172578382438594","VISTORIA DE HIDRANTES",""
"PORTO ALEGRE","916325","27/06/2026 - 13:16","BELEM NOVO","AV DO LAMI","AÇÕES PREVENTIVAS","ABT-0599","1º BBM / 1ª CIA / 5º PEL / BELÉM NOVO","-30.211126101044393","-51.16933904397081","VISTORIA DE HIDRANTES",""
"PORTO ALEGRE","916326","27/06/2026 - 13:16","CRISTAL","DOUTOR CAMPOS VELHO","AÇÕES PREVENTIVAS","ABT-0596","1º BBM / 1ª CIA / 3º PEL / ASSUNÇÃO","-30.09247074958568","-51.23982672219195","VISTORIA DE HIDRANTES",""
"PORTO ALEGRE","916337","27/06/2026 - 14:19","HUMAITÁ","AVENIDA ERNESTO NEUGEBAUER","INCÊNDIO","AT-1590","1º BBM / 1ª CIA / 1º PEL / AÇORIANOS","-29.977985115846312","-51.18056058883668","LIXO",""
"PORTO ALEGRE","916337","27/06/2026 - 14:19","HUMAITÁ","AVENIDA ERNESTO NEUGEBAUER","INCÊNDIO","ABT-1364","1º BBM / 1ª CIA / 1º PEL / AÇORIANOS","-29.972780616663897","-51.18094682693482","EDIFICAÇÃO RESIDENCIAL UNIFAMILIAR | LIXO",""
"PORTO ALEGRE","916337","27/06/2026 - 14:19","HUMAITÁ","AVENIDA ERNESTO NEUGEBAUER","INCÊNDIO","ABT-0597","1º BBM / 2ª CIA / 1º PEL / FLORESTA","-29.973022260161876","-51.18026100693982","EDIFICAÇÃO INDUSTRIAL | EDIFICAÇÃO RESIDENCIAL UNIFAMILIAR | LIXO",""
"PORTO ALEGRE","916337","27/06/2026 - 14:19","HUMAITÁ","AVENIDA ERNESTO NEUGEBAUER","INCÊNDIO","ABT-0600","1º BBM / 2ª CIA / 2º PEL / PASSO D`AREIA","-29.972836382390277","-51.181430158280335","EDIFICAÇÃO COMERCIAL | LIXO | OCORRÊNCIA DE VULTO",""
"PORTO ALEGRE","916337","27/06/2026 - 14:19","HUMAITÁ","AVENIDA ERNESTO NEUGEBAUER","INCÊNDIO","ABT-1365","1º BBM / 2ª CIA / 3º PEL / PARTENON","-29.984824897672002","-51.185088157653816","LIXO",""
"PORTO ALEGRE","916344","27/06/2026 - 14:53","JARDIM LINDÓIA","EMÍLIA STEFANI ALOÍSIO","ATENDIMENTO PRÉ-HOSPITALAR","AR-1628","1º BBM / 1ª CIA / 2º PEL / TERESÓPOLIS","-30.00114183012285","-51.14931824254924","",""
"PORTO ALEGRE","916359","27/06/2026 - 15:39","BELÉM NOVO","RUA ALBERTO MORÃES","AÇÕES PREVENTIVAS","ABT-0599","1º BBM / 1ª CIA / 5º PEL / BELÉM NOVO","-30.205933859951507","-51.174960140382765","PROGRAMA BOMBEIRO NA ESCOLA",""
"PORTO ALEGRE","916362","27/06/2026 - 15:53","RESTINGA","NILO LAGER","OCORRÊNCIA NÃO ATENDIDA","ABT-1363","1º BBM / 1ª CIA / 4º PEL / RESTINGA","-30.164849871615395","-51.1377900838852","",""
"PORTO ALEGRE","916368","27/06/2026 - 16:18","MEDIANEIRA","OSCAR SCHNEIDER","OCORRÊNCIA NÃO ATENDIDA","AR-1628","1º BBM / 1ª CIA / 2º PEL / TERESÓPOLIS","-30.06471136213876","-51.21139622828709","",""
"PORTO ALEGRE","916396","27/06/2026 - 18:02","JARDIM CARVALHO","FRANCISCO VALDOMIRO LORENZ","AÇÕES PREVENTIVAS","ABT-1365","1º BBM / 2ª CIA / 3º PEL / PARTENON","-30.055555561872968","-51.14676497336486","VISTORIA DE HIDRANTES",""
"PORTO ALEGRE","916397","27/06/2026 - 18:04","JARDIM CARVALHO","NOVE","AÇÕES PREVENTIVAS","ABT-1365","1º BBM / 2ª CIA / 3º PEL / PARTENON","-30.054961255119633","-51.1514638301182","VISTORIA DE HIDRANTES",""
"PORTO ALEGRE","916405","27/06/2026 - 18:21","PETRÓPOLIS","PROFESSOR IVO CORSEUIL","INCÊNDIO","ABT-1365","1º BBM / 2ª CIA / 3º PEL / PARTENON","-30.043092634008236","-51.179015646358444","EDIFICAÇÃO MULTIFAMILIAR",""
"PORTO ALEGRE","916412","27/06/2026 - 18:29","BELÉM VELHO","AV. PROF OSCAR PEREIRA","AÇÕES PREVENTIVAS","ABT-0594","1º BBM / 1ª CIA / 2º PEL / TERESÓPOLIS","-30.108658587355777","-51.174359297276226","VISTORIA DE HIDRANTES",""
"PORTO ALEGRE","916414","27/06/2026 - 18:31","TERESÓPOLIS","IRMÃOS CALVET","AÇÕES PREVENTIVAS","ABT-0594","1º BBM / 1ª CIA / 2º PEL / TERESÓPOLIS","-30.07104378867436","-51.20907795667318","VISTORIA DE HIDRANTES",""
"PORTO ALEGRE","916420","27/06/2026 - 18:42","RUBEM BERTA","BALTAZAR DE OLIVEIRA GARCIA","INCÊNDIO","ABT-0597","1º BBM / 2ª CIA / 1º PEL / FLORESTA","-30.00612186214509","-51.08466945512597","VEGETAÇÃO",""
"PORTO ALEGRE","916420","27/06/2026 - 18:42","RUBEM BERTA","BALTAZAR DE OLIVEIRA GARCIA","OCORRÊNCIA NÃO ATENDIDA","ABT-0600","1º BBM / 2ª CIA / 2º PEL / PASSO D`AREIA","-30.014929202305876","-51.11962156672852","",""
"PORTO ALEGRE","916430","27/06/2026 - 19:15","TRISTEZA","LIBERAL","SALVAMENTO/BUSCA/RESGATE","ABT-0596","1º BBM / 1ª CIA / 3º PEL / ASSUNÇÃO","-30.11684437013462","-51.25006278528383","DE ANIMAL",""
"PORTO ALEGRE","916446","27/06/2026 - 20:08","PETRÓPOLIS","CORONEL CORTE REAL","INCÊNDIO","ABT-1364","1º BBM / 1ª CIA / 1º PEL / AÇORIANOS","-30.044578611613694","-51.19414329528809","TRANSFORMADOR/REDE ELÉTRICA",""
"PORTO ALEGRE","916447","27/06/2026 - 20:12","CAVALHADA","AVENIDA CAVALHADA","ATENDIMENTO PRÉ-HOSPITALAR","AR-1628","1º BBM / 1ª CIA / 2º PEL / TERESÓPOLIS","-30.10618974280859","-51.22909665969268","",""
"PORTO ALEGRE","916458","27/06/2026 - 21:00","CIDADE BAIXA","JOSÉ DO PATROCÍNIO","AÇÕES PREVENTIVAS","ABT-1364","1º BBM / 1ª CIA / 1º PEL / AÇORIANOS","-30.040064896531177","-51.22289657592774","VISTORIA DE HIDRANTES",""
"PORTO ALEGRE","916459","27/06/2026 - 21:01","CIDADE BAIXA","GEN LIMA E SILVA","AÇÕES PREVENTIVAS","ABT-1364","1º BBM / 1ª CIA / 1º PEL / AÇORIANOS","-30.039684100461738","-51.21953845024109","VISTORIA DE HIDRANTES",""
"PORTO ALEGRE","916461","27/06/2026 - 21:13","ABERTA DOS MORROS","ESTRADA GEDEON LEITE","INCÊNDIO","ABT-0594","1º BBM / 1ª CIA / 2º PEL / TERESÓPOLIS","-30.159859272485253","-51.19744777679444","EDIFICAÇÃO RESIDENCIAL UNIFAMILIAR",""
"PORTO ALEGRE","916462","27/06/2026 - 21:14","CENTRO","DOUTOR FLORES","INCÊNDIO","ABT-1364","1º BBM / 1ª CIA / 1º PEL / AÇORIANOS","-30.03149663099906","-51.22484654188156","CONTAINER",""
"PORTO ALEGRE","916469","27/06/2026 - 21:53","FLORESTA","CRISTÓVÃO COLOMBO","INCÊNDIO","ABT-0597","1º BBM / 2ª CIA / 1º PEL / FLORESTA","-30.01734459989164","-51.18487821481124","CONTAINER",""
"PORTO ALEGRE","916476","27/06/2026 - 22:23","CENTRO","RUA DEMÉTRIO RIBEIRO","AÇÕES PREVENTIVAS","ABT-1364","1º BBM / 1ª CIA / 1º PEL / AÇORIANOS","-30.03603395657452","-51.229054927825935","ACIDENTES DOMÉSTICOS",""
"PORTO ALEGRE","916482","27/06/2026 - 22:57","CASCATA","DA IGREJA","PRODUTOS PERIGOSOS","ABT-1365","1º BBM / 2ª CIA / 3º PEL / PARTENON","-30.093566115109873","-51.17807149887086","EXPLOSIVO",""
"PORTO ALEGRE","916491","27/06/2026 - 23:32","SARANDI","JOEL TABAJARA","INCÊNDIO","ABT-0600","1º BBM / 2ª CIA / 2º PEL / PASSO D`AREIA","-30.00557370429094","-51.12007139791367","LIXO",""
"PORTO ALEGRE","916494","28/06/2026 - 00:00","VILA JOÃO PESSOA","LUIZ MOSCHETTI","ATENDIMENTO PRÉ-HOSPITALAR","AR-1628","1º BBM / 1ª CIA / 2º PEL / TERESÓPOLIS","-30.069892468532682","-51.17706298828126","",""
"PORTO ALEGRE","916501","28/06/2026 - 00:43","CORONEL APARÍCIO BORGES","DOUTOR MANOEL JOSÉ LOPES FERNANDEZ","INCÊNDIO","AT-1590","1º BBM / 1ª CIA / 1º PEL / AÇORIANOS","-30.070653826900706","-51.17942333221436","EDIFICAÇÃO RESIDENCIAL UNIFAMILIAR",""
"PORTO ALEGRE","916501","28/06/2026 - 00:43","CORONEL APARÍCIO BORGES","DOUTOR MANOEL JOSÉ LOPES FERNANDEZ","INCÊNDIO","ABT-1364","1º BBM / 1ª CIA / 1º PEL / AÇORIANOS","-30.0703752818358","-51.17954134941102","EDIFICAÇÃO RESIDENCIAL UNIFAMILIAR",""
"PORTO ALEGRE","916501","28/06/2026 - 00:43","CORONEL APARÍCIO BORGES","DOUTOR MANOEL JOSÉ LOPES FERNANDEZ","INCÊNDIO","ABT-0594","1º BBM / 1ª CIA / 2º PEL / TERESÓPOLIS","-30.068871124937203","-51.18360778092785","EDIFICAÇÃO COMERCIAL",""
"PORTO ALEGRE","916501","28/06/2026 - 00:43","CORONEL APARÍCIO BORGES","DOUTOR MANOEL JOSÉ LOPES FERNANDEZ","INCÊNDIO","ABT-1365","1º BBM / 2ª CIA / 3º PEL / PARTENON","-30.06907539449956","-51.18298530578614","OCORRÊNCIA DE VULTO",""
"PORTO ALEGRE","916521","28/06/2026 - 03:55","CRISTAL","WENCESLAU ESCOBAR","INCÊNDIO","ABT-0596","1º BBM / 1ª CIA / 3º PEL / ASSUNÇÃO","-30.112167271274664","-51.25525580631949","TRANSFORMADOR/REDE ELÉTRICA",""
"PORTO ALEGRE","916535","28/06/2026 - 06:31","CENTRO","GENERAL BENTO MARTINS","INCÊNDIO","ABT-1364","1º BBM / 1ª CIA / 1º PEL / AÇORIANOS","-30.032114313941918","-51.235014796257026","CONTAINER",""
"PORTO ALEGRE","916539","28/06/2026 - 07:29","CRISTAL","CHUÍ","ATENDIMENTO PRÉ-HOSPITALAR","AR-1628","1º BBM / 1ª CIA / 2º PEL / TERESÓPOLIS","-30.082184904392946","-51.243045330047615","",""
"PORTO ALEGRE","916569","28/06/2026 - 11:18","LOMBA DO PINHEIRO","ZAIDA MACHADO TORRES","SALVAMENTO/BUSCA/RESGATE","ABT-1365","1º BBM / 2ª CIA / 3º PEL / PARTENON","-30.0874764948163","-51.13004922866822","DE ANIMAL",""
"PORTO ALEGRE","916585","28/06/2026 - 12:47","LAMI","ESTRADA DO VAREJÃO","SALVAMENTO/BUSCA/RESGATE","ABT-0599","1º BBM / 1ª CIA / 5º PEL / BELÉM NOVO","-30.22621913162882","-51.07318620703154","COLISÃO/CHOQUE",""
"PORTO ALEGRE","916602","28/06/2026 - 14:39","SÃO JOSÉ","VIDAL DE NEGREIROS","OCORRÊNCIA NÃO ATENDIDA","ABT-1365","1º BBM / 2ª CIA / 3º PEL / PARTENON","-30.067125531481075","-51.167728900909424","",""
"PORTO ALEGRE","916620","28/06/2026 - 16:37","MENINO DEUS","VISCONDE DO HERVAL","ATENDIMENTO PRÉ-HOSPITALAR","AR-1628","1º BBM / 1ª CIA / 2º PEL / TERESÓPOLIS","-30.05317824847105","-51.22293949127198","",""
"PORTO ALEGRE","916630","28/06/2026 - 17:09","TERESÓPOLIS","DONA LIDA MONTEIRO","ATENDIMENTO PRÉ-HOSPITALAR","AR-1628","1º BBM / 1ª CIA / 2º PEL / TERESÓPOLIS","-30.09500491878514","-51.20197534561158","",""
"PORTO ALEGRE","916654","28/06/2026 - 18:27","CIDADE BAIXA","LOPO GONÇALVES","AÇÕES PREVENTIVAS","ABT-1364","1º BBM / 1ª CIA / 1º PEL / AÇORIANOS","-30.039990594974025","-51.21759653091431","VISTORIA DE HIDRANTES",""
"PORTO ALEGRE","916655","28/06/2026 - 18:27","FARROUPILHA","VENANCIO AIRES","AÇÕES PREVENTIVAS","ABT-1364","1º BBM / 1ª CIA / 1º PEL / AÇORIANOS","-30.04333410988214","-51.22004270553589","VISTORIA DE HIDRANTES",""
"PORTO ALEGRE","916672","28/06/2026 - 20:07","PARTENON","AV. BENTO GONÇALVES","ATENDIMENTO PRÉ-HOSPITALAR","AR-1628","1º BBM / 1ª CIA / 2º PEL / TERESÓPOLIS","-30.06118285487219","-51.16969227790833","",""
"PORTO ALEGRE","916698","28/06/2026 - 22:38","PARTENON","AV. BENTO GONÇALVES","ATENDIMENTO PRÉ-HOSPITALAR","AR-1628","1º BBM / 1ª CIA / 2º PEL / TERESÓPOLIS","-30.052087104809615","-51.20658438511643","",""
"PORTO ALEGRE","916700","28/06/2026 - 23:05","GUARUJÁ","AV. ORLEAES","INCÊNDIO","ABT-0599","1º BBM / 1ª CIA / 5º PEL / BELÉM NOVO","-30.15900583618957","-51.22645854949952","EDIFICAÇÃO COMERCIAL",""
"PORTO ALEGRE","916752","29/06/2026 - 09:50","CASCATA","FRANCISCO MARTINS","SALVAMENTO/BUSCA/RESGATE","ABT-1365","1º BBM / 2ª CIA / 3º PEL / PARTENON","-30.090205730775548","-51.181118488311775","DE ANIMAL",""
"PORTO ALEGRE","916884","29/06/2026 - 18:21","SARANDI","FIGUEREDO MASCARENHAS","INCÊNDIO","ABT-0600","1º BBM / 2ª CIA / 2º PEL / PASSO D`AREIA","-29.998614554691784","-51.12492083842218","EDIFICAÇÃO MULTIFAMILIAR",""
"PORTO ALEGRE","916893","29/06/2026 - 18:41","VILA NOVA","AMAPA","ATENDIMENTO PRÉ-HOSPITALAR","AR-1628","1º BBM / 1ª CIA / 2º PEL / TERESÓPOLIS","-30.10914121141247","-51.21300416756829","",""
"PORTO ALEGRE","916907","29/06/2026 - 19:50","RUBEM BERTA","ADELINO FERREIRA JARDIM","INCÊNDIO","ABT-0600","1º BBM / 2ª CIA / 2º PEL / PASSO D`AREIA","-30.021041872859453","-51.1087634723945","EDIFICAÇÃO RESIDENCIAL UNIFAMILIAR",""
"PORTO ALEGRE","916914","29/06/2026 - 20:40","LOMBA DO PINHEIRO","TILÁPIA","INCÊNDIO","ABT-1365","1º BBM / 2ª CIA / 3º PEL / PARTENON","-30.096035282748836","-51.13337514801796","TRANSFORMADOR/REDE ELÉTRICA",""
"PORTO ALEGRE","916918","29/06/2026 - 21:05","CASCATA","PROFESSOR OSCAR PEREIRA","ATENDIMENTO PRÉ-HOSPITALAR","AR-1628","1º BBM / 1ª CIA / 2º PEL / TERESÓPOLIS","-30.09135681451282","-51.18098952341679","",""
"PORTO ALEGRE","916921","29/06/2026 - 21:16","HIGIENÓPOLIS","CORONEL CAMISÃO","SALVAMENTO/BUSCA/RESGATE","ABT-0597","1º BBM / 2ª CIA / 1º PEL / FLORESTA","-30.01339015424025","-51.186382741123204","ELEVADORES",""
"PORTO ALEGRE","916928","29/06/2026 - 22:08","CRISTAL","WENCESLAU ESCOBAR","OCORRÊNCIA NÃO ATENDIDA","AR-1628","1º BBM / 1ª CIA / 2º PEL / TERESÓPOLIS","-30.101437507495035","-51.249719176755306","",""
"PORTO ALEGRE","916930","29/06/2026 - 22:38","CRISTAL","CORONEL MASSOT","ATENDIMENTO PRÉ-HOSPITALAR","AR-1628","1º BBM / 1ª CIA / 2º PEL / TERESÓPOLIS","-30.10084346201321","-51.24635260812749","",""
"PORTO ALEGRE","916945","30/06/2026 - 01:53","ANCHIETA","FERNANDO FERRARI","INCÊNDIO","ABT-0597","1º BBM / 2ª CIA / 1º PEL / FLORESTA","-29.974719944064493","-51.16719609789231","EDIFICAÇÃO COMERCIAL",""
"PORTO ALEGRE","916969","30/06/2026 - 08:56","PETRÓPOLIS","PROFESSOR CRISTIANO FISCHER","ATENDIMENTO PRÉ-HOSPITALAR","AR-1628","1º BBM / 1ª CIA / 2º PEL / TERESÓPOLIS","-30.053958308179137","-51.16922557353974","",""
"PORTO ALEGRE","916973","30/06/2026 - 09:12","FARROUPILHA","JOSÉ BONIFÁCIO","AÇÕES PREVENTIVAS","ABT-1364","1º BBM / 1ª CIA / 1º PEL / AÇORIANOS","-30.038337370914903","-51.21373414993287","PALESTRAS/TREINAMENTOS EXTERNOS",""
"PORTO ALEGRE","916989","30/06/2026 - 09:59","SÃO GERALDO","AV. PARANÁ","ATENDIMENTO PRÉ-HOSPITALAR","ABT-0597","1º BBM / 2ª CIA / 1º PEL / FLORESTA","-30.00803576318409","-51.19515180954664","",""
"PORTO ALEGRE","917017","30/06/2026 - 11:02","CENTRO","JÚLIO DE CASTILHOS","SALVAMENTO/BUSCA/RESGATE","ABT-1364","1º BBM / 1ª CIA / 1º PEL / AÇORIANOS","-30.025760819846777","-51.22465610504151","ELEVADORES",""
"PORTO ALEGRE","917026","30/06/2026 - 11:26","PARTENON","MÁRIO DE ARTAGÃO","AÇÕES PREVENTIVAS","ABT-1365","1º BBM / 2ª CIA / 3º PEL / PARTENON","-30.06690268873941","-51.192598326371595","APOIO À PESSOA OU INSTITUIÇÃO",""
"PORTO ALEGRE","917047","30/06/2026 - 13:11","SÃO JOSÉ","MARTINS DE LIMA","INCÊNDIO","ABT-1365","1º BBM / 2ª CIA / 3º PEL / PARTENON","-30.06205553138953","-51.16963878244337","EDIFICAÇÃO MULTIFAMILIAR",""
"PORTO ALEGRE","917097","30/06/2026 - 16:08","FARROUPILHA","RUA SANTA TEREZINHA","SALVAMENTO/BUSCA/RESGATE","ABT-1364","1º BBM / 1ª CIA / 1º PEL / AÇORIANOS","-30.039247576337782","-51.21036529541016","ELEVADORES",""
"PORTO ALEGRE","917105","30/06/2026 - 16:39","VILA NOVA","ATÍLIO SUPERTI","ATENDIMENTO PRÉ-HOSPITALAR","ABT-0599","1º BBM / 1ª CIA / 5º PEL / BELÉM NOVO","-30.122152945096193","-51.21223493109631","",""
"PORTO ALEGRE","917106","30/06/2026 - 16:49","TERESÓPOLIS","AV. TERESÓPOLIS","SALVAMENTO/BUSCA/RESGATE","ABT-0594","1º BBM / 1ª CIA / 2º PEL / TERESÓPOLIS","-30.09649939591505","-51.20615969705294","DESAPARECIMENTO",""
"PORTO ALEGRE","917140","30/06/2026 - 18:58","TRISTEZA","DOUTOR PEREIRA NETO","ATENDIMENTO PRÉ-HOSPITALAR","AR-1628","1º BBM / 1ª CIA / 2º PEL / TERESÓPOLIS","-30.111405800502123","-51.24913930892945","",""
"PORTO ALEGRE","917148","30/06/2026 - 19:51","SÃO JOSÉ","VINTE E CINCO DE JULHO","SALVAMENTO/BUSCA/RESGATE","ABT-1365","1º BBM / 2ª CIA / 3º PEL / PARTENON","-30.07388489473852","-51.16238593394218","DE ANIMAL",""
"PORTO ALEGRE","917167","30/06/2026 - 21:16","BOM JESUS","SÃO LUCAS","INCÊNDIO","ABT-1365","1º BBM / 2ª CIA / 3º PEL / PARTENON","-30.044262843997814","-51.167128086090095","EDIFICAÇÃO MULTIFAMILIAR",""
"PORTO ALEGRE","917167","30/06/2026 - 21:16","BOM JESUS","SÃO LUCAS","ATENDIMENTO PRÉ-HOSPITALAR","AR-1628","1º BBM / 1ª CIA / 2º PEL / TERESÓPOLIS","-30.04504951098013","-51.16717076207234","",""
"PORTO ALEGRE","917169","30/06/2026 - 21:53","AZENHA","DOUTOR SEBASTIÃO LEÃO","INCÊNDIO","ABT-327","1º BBM / 1ª CIA / 1º PEL / AÇORIANOS","-30.043872776729742","-51.21549367904664","CONTAINER",""
"PORTO ALEGRE","917179","30/06/2026 - 23:54","MENINO DEUS","GETÚLIO VARGAS","ATENDIMENTO PRÉ-HOSPITALAR","AR-1628","1º BBM / 1ª CIA / 2º PEL / TERESÓPOLIS","-30.054414895094116","-51.22244080114355","",""