"Cidade","Nº Oc.","Data","Bairro","Local","Emergência","Viaturas","Obm.","Latitude","Longitude","todos_subgrupos","Detalhar"
"PORTO ALEGRE","937691","01/09/2026 - 09:23","BELÉM VELHO","ESTR. AFONSO LOURENÇO MARIANTE","SALVAMENTO/BUSCA/RESGATE","ABT-1364","1º BBM / 2ª CIA / 3º PEL / PARTENON","-30.107526562443766","-51.15273001557731","COLISÃO/CHOQUE | DESENCARCERAMENTO",""
"PORTO ALEGRE","937692","01/09/2026 - 09:23","PETRÓPOLIS","PROFESSOR CRISTIANO FISCHER","ATENDIMENTO PRÉ-HOSPITALAR","AR-1628","1º BBM / 1ª CIA / 2º PEL / TERESÓPOLIS","-30.043071444061482","-51.17199254815189","",""
"PORTO ALEGRE","937698","01/09/2026 - 09:38","VILA NOVA","ATÍLIO SUPERTI","AVERIGUAÇÃO/CORTE DE ÁRVORE","ABT-0599","1º BBM / 1ª CIA / 5º PEL / BELÉM NOVO","-30.121039005098922","-51.21251106262208","VISTORIA",""
"PORTO ALEGRE","937702","01/09/2026 - 09:51","CAMPO NOVO","ESTRADA JORGE PEREIRA NUNES","SALVAMENTO/BUSCA/RESGATE","ABT-0594","1º BBM / 1ª CIA / 2º PEL / TERESÓPOLIS","-30.133195176473073","-51.187115907669074","DE ANIMAL",""
"PORTO ALEGRE","937707","01/09/2026 - 10:00","ARQUIPÉLAGO","AV. PRESIDENTE VARGAS","OCORRÊNCIA NÃO ATENDIDA","ABT-0597","1º BBM / 2ª CIA / 1º PEL / FLORESTA","-30.02024298144861","-51.25770092010499","",""
"PORTO ALEGRE","937712","01/09/2026 - 10:12","PASSO DAREIA","NOVO HAMBURGO","INCÊNDIO","ABT-0597","1º BBM / 2ª CIA / 1º PEL / FLORESTA","-30.01362860218032","-51.17742776870728","TRANSFORMADOR/REDE ELÉTRICA",""
"PORTO ALEGRE","937714","01/09/2026 - 10:16","JARDIM SÃO PEDRO","PEREIRA PINTO","SALVAMENTO/BUSCA/RESGATE","ABT-0600","1º BBM / 2ª CIA / 2º PEL / PASSO D`AREIA","-30.00443090914867","-51.16412402900738","DE ANIMAL",""
"PORTO ALEGRE","937741","01/09/2026 - 11:32","RESTINGA","ALAMEDA B","AVERIGUAÇÃO/CORTE DE ÁRVORE","ABT-1364","1º BBM / 2ª CIA / 3º PEL / PARTENON","-30.1507864931371","-51.14745143380469","",""
"PORTO ALEGRE","937743","01/09/2026 - 11:36","CENTRO","JOSÉ LOUREIRO DA SILVA","AÇÕES PREVENTIVAS","ATP-201","1º BBM / 1ª CIA / 1º PEL / AÇORIANOS","-30.041111304209732","-51.23551012362581","APOIO À PESSOA OU INSTITUIÇÃO",""
"PORTO ALEGRE","937754","01/09/2026 - 12:28","MENINO DEUS","BECK","ATENDIMENTO PRÉ-HOSPITALAR","AR-1628","1º BBM / 1ª CIA / 2º PEL / TERESÓPOLIS","-30.049090105991326","-51.21964370834964","",""
"PORTO ALEGRE","937778","01/09/2026 - 13:51","VILA NOVA","RUA ATÍLIO SUPERTI","AVERIGUAÇÃO/CORTE DE ÁRVORE","ABT-0599","1º BBM / 1ª CIA / 5º PEL / BELÉM NOVO","-30.121187486449166","-51.2124252319336","",""
"PORTO ALEGRE","937806","01/09/2026 - 15:16","CENTRO HISTÓRICO","LARGO VISCONDE DO CAIRU","ATENDIMENTO PRÉ-HOSPITALAR","AR-1628","1º BBM / 1ª CIA / 2º PEL / TERESÓPOLIS","-30.026262748305175","-51.22695207595826","",""
"PORTO ALEGRE","937811","01/09/2026 - 15:26","VILA JARDIM","IPÊ","SALVAMENTO/BUSCA/RESGATE","ABT-0600","1º BBM / 2ª CIA / 2º PEL / PASSO D`AREIA","-30.05679990229287","-51.15210760218021","DE ANIMAL",""
"PORTO ALEGRE","937824","01/09/2026 - 16:15","LAMI","DONA MALVINA","AVERIGUAÇÃO/CORTE DE ÁRVORE","ABT-0599","1º BBM / 1ª CIA / 5º PEL / BELÉM NOVO","-30.239752680572597","-51.090052127838135","",""
"PORTO ALEGRE","937854","01/09/2026 - 17:50","ASSUNÇÃO","GUAIBA","AÇÕES PREVENTIVAS","ABT-0596","1º BBM / 1ª CIA / 3º PEL / ASSUNÇÃO","-30.099581151183795","-51.26469631289338","ACIDENTES DOMÉSTICOS",""
"PORTO ALEGRE","937861","01/09/2026 - 18:25","PRAIA DE BELAS","AV IPIRANGA","SALVAMENTO/BUSCA/RESGATE","ABT-1364","1º BBM / 2ª CIA / 3º PEL / PARTENON","-30.066419839418504","-51.23478406018604","DE ANIMAL",""
"PORTO ALEGRE","937912","01/09/2026 - 21:38","RUBEM BERTA","INOCENCIO DE OLIVEIRA ALVES","PRODUTOS PERIGOSOS","ABT-1364","1º BBM / 2ª CIA / 3º PEL / PARTENON","-30.01697300698243","-51.09799154583708","EXPLOSIVO",""
"PORTO ALEGRE","937922","01/09/2026 - 23:06","CRISTAL","ICARAI","OCORRÊNCIA NÃO ATENDIDA","AR-1628","1º BBM / 1ª CIA / 2º PEL / TERESÓPOLIS","-30.09193331208915","-51.24233628821739","",""
"PORTO ALEGRE","937924","01/09/2026 - 23:30","SARANDI","PROGRESSO","INCÊNDIO","ABT-1364","1º BBM / 2ª CIA / 3º PEL / PARTENON","-29.985884281619697","-51.11299041238135","TRANSFORMADOR/REDE ELÉTRICA",""
"PORTO ALEGRE","937938","02/09/2026 - 04:44","BOM FIM","RUA GENERAL JOÃO TELLES","INCÊNDIO","ABT-0597","1º BBM / 2ª CIA / 1º PEL / FLORESTA","-30.031352659233637","-51.21212482452393","CONTAINER",""
"PORTO ALEGRE","937939","02/09/2026 - 05:05","BOM FIM","RUA GENERAL JOÃO TELLES","SALVAMENTO/BUSCA/RESGATE","ABT-0597","1º BBM / 2ª CIA / 1º PEL / FLORESTA","-30.033674758966274","-51.21268272399903","DE ANIMAL",""
"PORTO ALEGRE","937942","02/09/2026 - 06:21","MÁRIO QUINTANA","IRMÃO FAUSTINO JOÃO","INCÊNDIO","ABT-0600","1º BBM / 2ª CIA / 2º PEL / PASSO D`AREIA","-30.021248587200787","-51.093185393529424","EDIFICAÇÃO RESIDENCIAL UNIFAMILIAR",""
"PORTO ALEGRE","937964","02/09/2026 - 08:50","LAMI","DONA MALVINA","AVERIGUAÇÃO/CORTE DE ÁRVORE","ABT-0599","1º BBM / 1ª CIA / 5º PEL / BELÉM NOVO","-30.238751632543156","-51.089537143707275","EDIFICAÇÃO RESIDENCIAL",""
"PORTO ALEGRE","937988","02/09/2026 - 09:44","CENTRO","CORONEL FERNANDO MACHADO","OCORRÊNCIA NÃO ATENDIDA","ABT-1365","1º BBM / 1ª CIA / 1º PEL / AÇORIANOS","-30.03486365296998","-51.23459140519685","",""
"PORTO ALEGRE","937995","02/09/2026 - 09:55","SÃO JOÃO","CEARÁ","ATENDIMENTO PRÉ-HOSPITALAR","AR-1628","1º BBM / 1ª CIA / 2º PEL / TERESÓPOLIS","-30.01056279925646","-51.19508743286133","",""
"PORTO ALEGRE","937998","02/09/2026 - 09:59","SÃO GERALDO","SÃO PAULO","AVERIGUAÇÃO/CORTE DE ÁRVORE","ABT-0597","1º BBM / 2ª CIA / 1º PEL / FLORESTA","-30.006549241307052","-51.203649044036865","VISTORIA",""
"PORTO ALEGRE","938012","02/09/2026 - 10:56","TRISTEZA","NOSSA SENHORA DE LOURDES","AVERIGUAÇÃO/CORTE DE ÁRVORE","ABT-0596","1º BBM / 1ª CIA / 3º PEL / ASSUNÇÃO","-30.111795595625868","-51.25255105896767","VISTORIA",""
"PORTO ALEGRE","938017","02/09/2026 - 11:14","RIO BRANCO","CORONEL JOAQUIM PEDRO SALGADO","INCÊNDIO","ABT-0597","1º BBM / 2ª CIA / 1º PEL / FLORESTA","-30.033944119013622","-51.19853675365449","ESCOLAS",""
"PORTO ALEGRE","938023","02/09/2026 - 11:27","BOM JESUS","RUA L","AVERIGUAÇÃO/CORTE DE ÁRVORE","ABT-1364","1º BBM / 2ª CIA / 3º PEL / PARTENON","-30.048720839132677","-51.153458131197304","EDIFICAÇÃO RESIDENCIAL",""
"PORTO ALEGRE","938026","02/09/2026 - 11:44","BELÉM VELHO","ESTR. AFONSO LOURENÇO MARIANTE","ATENDIMENTO PRÉ-HOSPITALAR","AR-1628","1º BBM / 1ª CIA / 2º PEL / TERESÓPOLIS","-30.1012889964593","-51.1415719985962","",""
"PORTO ALEGRE","938043","02/09/2026 - 12:45","MENINO DEUS","GONÇALVES DIAS","AVERIGUAÇÃO/MANEJO DE INSETOS","ABT-1365","1º BBM / 1ª CIA / 1º PEL / AÇORIANOS","-30.05018796266639","-51.220214491009195","VISTORIA",""
"PORTO ALEGRE","938069","02/09/2026 - 14:17","PEDRA REDONDA","CORONEL MARCOS","ATENDIMENTO PRÉ-HOSPITALAR","AR-1628","1º BBM / 1ª CIA / 2º PEL / TERESÓPOLIS","-30.131190903173177","-51.23583555221558","",""
"PORTO ALEGRE","938078","02/09/2026 - 14:36","SÃO GERALDO","SÃO PAULO","AVERIGUAÇÃO/CORTE DE ÁRVORE","ABT-0597","1º BBM / 2ª CIA / 1º PEL / FLORESTA","-30.006902292269622","-51.20384216308594","VISTORIA",""
"PORTO ALEGRE","938097","02/09/2026 - 15:12","PARTENON","SARGENTOEXPEDICIONÁRIO GERALDO SANTANA","AVERIGUAÇÃO/MANEJO DE INSETOS","ABT-1364","1º BBM / 2ª CIA / 3º PEL / PARTENON","-30.06929862339874","-51.1552563488349","VISTORIA",""
"PORTO ALEGRE","938147","02/09/2026 - 17:18","SARANDI","ENGENHEIRO FRANCISCO RODOLFO SIMCH","ATENDIMENTO PRÉ-HOSPITALAR","AR-1628","1º BBM / 1ª CIA / 2º PEL / TERESÓPOLIS","-30.006716476130137","-51.13311767578126","",""
"PORTO ALEGRE","938185","02/09/2026 - 18:41","CHÁCARA DAS PEDRAS","PROFESSOR ULISSES CABRAL","ATENDIMENTO PRÉ-HOSPITALAR","AR-1628","1º BBM / 1ª CIA / 2º PEL / TERESÓPOLIS","-30.03484507661086","-51.1599612236023","",""
"PORTO ALEGRE","938199","02/09/2026 - 19:23","HUMAITÁ","AV. PADRE LEOPOLDO BRENTANO","INCÊNDIO","ABT-0597","1º BBM / 2ª CIA / 1º PEL / FLORESTA","-29.97958358585714","-51.186890602111816","EDIFICAÇÃO MULTIFAMILIAR",""
"PORTO ALEGRE","938206","02/09/2026 - 19:41","CRISTAL","ICARAÍ","INCÊNDIO","ABT-0596","1º BBM / 1ª CIA / 3º PEL / ASSUNÇÃO","-30.093937433804","-51.24154373253572","TRANSFORMADOR/REDE ELÉTRICA",""
"PORTO ALEGRE","938215","02/09/2026 - 20:25","SERRARIA","AVENIDA DA SERRARIA","ATENDIMENTO PRÉ-HOSPITALAR","AR-1628","1º BBM / 1ª CIA / 2º PEL / TERESÓPOLIS","-30.18534763754125","-51.197104454040534","",""
"PORTO ALEGRE","938228","02/09/2026 - 20:59","TRISTEZA","DOUTOR BARCELOS","INCÊNDIO","ABT-0596","1º BBM / 1ª CIA / 3º PEL / ASSUNÇÃO","-30.102606893598423","-51.24051152693435","LIXO",""
"PORTO ALEGRE","938246","02/09/2026 - 22:02","RESTINGA","R. CAP. PEDROSO","SALVAMENTO/BUSCA/RESGATE","ABT-0598","1º BBM / 1ª CIA / 4º PEL / RESTINGA","-30.165629050166075","-51.14828824996949","DE ANIMAL",""
"PORTO ALEGRE","938254","02/09/2026 - 23:59","CRISTAL","WENCESLAU ESCOBAR","SALVAMENTO/BUSCA/RESGATE","ABT-0596","1º BBM / 1ª CIA / 3º PEL / ASSUNÇÃO","-30.107192410577436","-51.25394668672832","COLISÃO/CHOQUE",""
"PORTO ALEGRE","938260","03/09/2026 - 00:45","CENTRO","GENERAL SALUSTIANO","INCÊNDIO","ABT-1365","1º BBM / 1ª CIA / 1º PEL / AÇORIANOS","-30.03445497226495","-51.23974088705395","TRANSFORMADOR/REDE ELÉTRICA",""
"PORTO ALEGRE","938285","03/09/2026 - 08:35","SÃO JOSÉ","BENTO GONÇALVES","SALVAMENTO/BUSCA/RESGATE","ABC-793","BBS / 1ª CIA / 2º PEL / CANIL","-30.09021639884302","-51.20454387356449","DESAPARECIMENTO",""
"PORTO ALEGRE","938296","03/09/2026 - 09:11","TRISTEZA","NOSSA SENHORA DE LOURDES","AVERIGUAÇÃO/CORTE DE ÁRVORE","ABT-0596","1º BBM / 1ª CIA / 3º PEL / ASSUNÇÃO","-30.112037122296524","-51.25251886938892","EDIFICAÇÃO RESIDENCIAL",""
"PORTO ALEGRE","938296","03/09/2026 - 09:11","TRISTEZA","NOSSA SENHORA DE LOURDES","AVERIGUAÇÃO/CORTE DE ÁRVORE","ABTS-866","BBS / 1ª CIA / 1º PEL / TERRESTRE","-30.112129872711108","-51.25263690948487","EDIFICAÇÃO RESIDENCIAL",""
"PORTO ALEGRE","938298","03/09/2026 - 09:28","JARDIM DO SALSO","JOAQUIM PORTO VILLANOVA","ATENDIMENTO PRÉ-HOSPITALAR","AR-1628","1º BBM / 1ª CIA / 2º PEL / TERESÓPOLIS","-30.048192011385","-51.15748874928691","",""
"PORTO ALEGRE","938305","03/09/2026 - 09:43","PRAIA DE BELAS","EDVALDO PEREIRA PAIVA","AVERIGUAÇÃO/MANEJO DE INSETOS","ATP-201","1º BBM / 1ª CIA / 1º PEL / AÇORIANOS","-30.040746829394184","-51.23645514249802","VISTORIA",""
"PORTO ALEGRE","938306","03/09/2026 - 09:45","GLÓRIA","CORONEL APARÍCIO BORGES","AVERIGUAÇÃO/CORTE DE ÁRVORE","ABT-0594","1º BBM / 1ª CIA / 2º PEL / TERESÓPOLIS","-30.07447854961179","-51.20389966976496","EDIFICAÇÃO PÚBLICA",""
"PORTO ALEGRE","938332","03/09/2026 - 10:52","PARTENON","CUBANOS","ATENDIMENTO PRÉ-HOSPITALAR","AR-1628","1º BBM / 1ª CIA / 2º PEL / TERESÓPOLIS","-30.058596923245442","-51.16747589139425","",""
"PORTO ALEGRE","938342","03/09/2026 - 11:18","COSTA E SILVA","DOUTOR EDUARDO VIANA PINTO","INCÊNDIO","ABT-0600","1º BBM / 2ª CIA / 2º PEL / PASSO D`AREIA","-30.013109113286326","-51.11699223518372","EDIFICAÇÃO MULTIFAMILIAR",""
"PORTO ALEGRE","938361","03/09/2026 - 12:28","CIDADE BAIXA","COMENDADOR BATISTA","ATENDIMENTO PRÉ-HOSPITALAR","AR-1628","1º BBM / 1ª CIA / 2º PEL / TERESÓPOLIS","-30.038038592197545","-51.22334861378189","",""
"PORTO ALEGRE","938368","03/09/2026 - 12:56","RESTINGA","MANOEL FARIA DA ROSA PRIMO","AVERIGUAÇÃO/MANEJO DE INSETOS","ABT-0598","1º BBM / 1ª CIA / 4º PEL / RESTINGA","-30.152159505955012","-51.143181324005134","VISTORIA",""
"PORTO ALEGRE","938371","03/09/2026 - 12:59","BOM JESUS","SÃO SIMÃO","AÇÕES PREVENTIVAS","ABT-1364","1º BBM / 2ª CIA / 3º PEL / PARTENON","-30.044281379282427","-51.169703022010594","INSPEÇÃO/REMOÇÃO DE FONTE DE PERIGO",""
"PORTO ALEGRE","938374","03/09/2026 - 13:12","GLÓRIA","INTENDENTE ALFREDO AZEVEDO","ATENDIMENTO PRÉ-HOSPITALAR","AR-1628","1º BBM / 1ª CIA / 2º PEL / TERESÓPOLIS","-30.074949896043602","-51.195736446184675","",""
"PORTO ALEGRE","938390","03/09/2026 - 13:39","ALTO PETROPÓLIS","ROSAS","AVERIGUAÇÃO/MANEJO DE INSETOS","ABT-1364","1º BBM / 2ª CIA / 3º PEL / PARTENON","-30.039860174008332","-51.17678400190482","VISTORIA",""
"PORTO ALEGRE","938394","03/09/2026 - 13:50","PRAIA DE BELAS","CELESTE GOBBATO","OCORRÊNCIA NÃO ATENDIDA","ABT-1365","1º BBM / 1ª CIA / 1º PEL / AÇORIANOS","-30.044764396111034","-51.23072862625123","",""
"PORTO ALEGRE","938405","03/09/2026 - 14:25","MÁRIO QUINTANA","TENENTE-CORONEL WALDOMIRO EIFLER","PRODUTOS PERIGOSOS","ABT-0600","1º BBM / 2ª CIA / 2º PEL / PASSO D`AREIA","-30.029119391768923","-51.0915756225586","OCORRÊNCIA DE VULTO | QUÍMICO",""
"PORTO ALEGRE","938422","03/09/2026 - 15:12","IPANEMA","AVENIDA EDUARDO PRADO","ATENDIMENTO PRÉ-HOSPITALAR","AR-1628","1º BBM / 1ª CIA / 2º PEL / TERESÓPOLIS","-30.137721322344145","-51.220202722483066","",""
"PORTO ALEGRE","938442","03/09/2026 - 15:46","PARTENON","FRANCISCO BRAGA","AVERIGUAÇÃO/MANEJO DE INSETOS","ABT-1364","1º BBM / 2ª CIA / 3º PEL / PARTENON","-30.060031420020447","-51.15873815155772","VISTORIA",""
"PORTO ALEGRE","938467","03/09/2026 - 16:50","PRAIA DE BELAS","AV. AURELIANO DE FIGUEIREDO PINTO","AÇÕES PREVENTIVAS","ABT-1365","1º BBM / 1ª CIA / 1º PEL / AÇORIANOS","-30.043167015440122","-51.227316856384284","APOIO À PESSOA OU INSTITUIÇÃO",""
"PORTO ALEGRE","938478","03/09/2026 - 17:10","MEDIANEIRA","NITERÓI","ATENDIMENTO PRÉ-HOSPITALAR","AR-1628","1º BBM / 1ª CIA / 2º PEL / TERESÓPOLIS","-30.06910239779514","-51.20807511249186","",""
"PORTO ALEGRE","938499","03/09/2026 - 18:09","TRISTEZA","LANDEL DE MOURA","AÇÕES PREVENTIVAS","ABT-0596","1º BBM / 1ª CIA / 3º PEL / ASSUNÇÃO","-30.117289580623414","-51.258366117100394","APOIO À PESSOA OU INSTITUIÇÃO",""
"PORTO ALEGRE","938506","03/09/2026 - 18:26","CENTRO","QUINZE DE NOVEMBRO","OCORRÊNCIA NÃO ATENDIDA","ABT-1365","1º BBM / 1ª CIA / 1º PEL / AÇORIANOS","-30.027859489706717","-51.226801872253425","",""
"PORTO ALEGRE","938515","03/09/2026 - 18:48","BOM FIM","RAMIRO BARCELOS","AÇÕES PREVENTIVAS","ABT-1365","1º BBM / 1ª CIA / 1º PEL / AÇORIANOS","-30.03575525514072","-51.20834827423096","INSPEÇÃO/REMOÇÃO DE FONTE DE PERIGO",""
"PORTO ALEGRE","938516","03/09/2026 - 18:53","ARQUIPÉLAGO","NOSSA SENHORA APARECIDA","INCÊNDIO","ABT-0597","1º BBM / 2ª CIA / 1º PEL / FLORESTA","-29.986547989604123","-51.222532414271235","MEIO DE TRANSPORTE",""
"PORTO ALEGRE","938533","03/09/2026 - 19:40","PRAIA DE BELAS","EDVALDO PEREIRA PAIVA","AVERIGUAÇÃO/MANEJO DE INSETOS","ABT-1365","1º BBM / 1ª CIA / 1º PEL / AÇORIANOS","-30.04100738139422","-51.23673677444459","EXTERMÍNIO",""
"PORTO ALEGRE","938539","03/09/2026 - 19:47","HUMAITÁ","PADRE LEOPOLDO BRENTANO","AÇÕES PREVENTIVAS","AR-1628","1º BBM / 1ª CIA / 2º PEL / TERESÓPOLIS","-29.973664484211323","-51.195395405265614","FESTAS E EVENTOS",""
"PORTO ALEGRE","938539","03/09/2026 - 19:47","HUMAITÁ","PADRE LEOPOLDO BRENTANO","AÇÕES PREVENTIVAS","ABT-0597","1º BBM / 2ª CIA / 1º PEL / FLORESTA","-29.974206333971416","-51.19504320392817","APOIO À PESSOA OU INSTITUIÇÃO",""
"PORTO ALEGRE","938541","03/09/2026 - 19:59","LOMBA DO PINHEIRO","ELDSON CONCEIÇAO DE ARAÚJO","SALVAMENTO/BUSCA/RESGATE","ABT-0598","1º BBM / 1ª CIA / 4º PEL / RESTINGA","-30.118774636846886","-51.10399961471558","DE ANIMAL",""
"PORTO ALEGRE","938543","03/09/2026 - 20:06","FARROUPILHA","JOÃO PESSOA","INCÊNDIO","ABT-1365","1º BBM / 1ª CIA / 1º PEL / AÇORIANOS","-30.043180892486053","-51.21496796607972","CONTAINER | LIXO",""
"PORTO ALEGRE","938548","03/09/2026 - 20:31","HUMAITÁ","ENGENHEIRO ALEXANDRE MARTINS DA ROSA","PRODUTOS PERIGOSOS","ABT-1365","1º BBM / 1ª CIA / 1º PEL / AÇORIANOS","-29.979035600900065","-51.18502378463746","EXPLOSIVO",""
"PORTO ALEGRE","938554","03/09/2026 - 21:13","SARANDI","JORGE VALMOR GONÇALVES TEIXEIRA","SALVAMENTO/BUSCA/RESGATE","ABT-0600","1º BBM / 2ª CIA / 2º PEL / PASSO D`AREIA","-29.979945544184947","-51.12271070480347","DE ANIMAL",""
"PORTO ALEGRE","938556","03/09/2026 - 21:51","APARÍCIO BORGES","CAPITÃO ANDRÉ LAGO PÁRIS","SALVAMENTO/BUSCA/RESGATE","ABT-1364","1º BBM / 2ª CIA / 3º PEL / PARTENON","-30.071006826366357","-51.183757803355114","DE ANIMAL",""
"PORTO ALEGRE","938557","03/09/2026 - 21:53","LOMBA DO PINHEIRO","RUI BARBOSA","SALVAMENTO/BUSCA/RESGATE","ABT-0598","1º BBM / 1ª CIA / 4º PEL / RESTINGA","-30.118292099134568","-51.10086679458618","DE ANIMAL",""
"PORTO ALEGRE","938577","04/09/2026 - 00:49","CIDADE BAIXA","LOPO GONÇALVES","INCÊNDIO","ABT-1365","1º BBM / 1ª CIA / 1º PEL / AÇORIANOS","-30.040826602217493","-51.21995687484742","CONTAINER | LIXO",""
"PORTO ALEGRE","938590","04/09/2026 - 06:16","TERESÓPOLIS","OCTÁVIO DE SOUZA","ATENDIMENTO PRÉ-HOSPITALAR","AR-1628","1º BBM / 1ª CIA / 2º PEL / TERESÓPOLIS","-30.080285070199974","-51.21480865228466","",""
"PORTO ALEGRE","938603","04/09/2026 - 08:14","SÃO JOSÉ","SANTA MARIA","AÇÕES PREVENTIVAS","ABT-1364","1º BBM / 2ª CIA / 3º PEL / PARTENON","-30.07278967651946","-51.16544361455675","APOIO À PESSOA OU INSTITUIÇÃO",""
"PORTO ALEGRE","938620","04/09/2026 - 09:32","TRISTEZA","NOSSA SENHORA DE LOURDES","AVERIGUAÇÃO/CORTE DE ÁRVORE","ABT-0596","1º BBM / 1ª CIA / 3º PEL / ASSUNÇÃO","-30.11225994310087","-51.25255106047695","EDIFICAÇÃO RESIDENCIAL",""
"PORTO ALEGRE","938628","04/09/2026 - 09:46","VILA IPIRANGA","ALBERTO SILVA","ATENDIMENTO PRÉ-HOSPITALAR","AR-1628","1º BBM / 1ª CIA / 2º PEL / TERESÓPOLIS","-30.018983895436065","-51.15049693545239","",""
"PORTO ALEGRE","938628","04/09/2026 - 09:46","VILA IPIRANGA","ALBERTO SILVA","AÇÕES PREVENTIVAS","ABT-0600","1º BBM / 2ª CIA / 2º PEL / PASSO D`AREIA","-30.02001975678229","-51.15045545793346","APOIO À PESSOA OU INSTITUIÇÃO",""
"PORTO ALEGRE","938637","04/09/2026 - 10:26","LOMBA DO PINHEIRO","ELDSON CONCEIÇAO DE ARAÚJO","SALVAMENTO/BUSCA/RESGATE","ABT-0598","1º BBM / 1ª CIA / 4º PEL / RESTINGA","-30.109640028495797","-51.14468336105347","DE ANIMAL",""
"PORTO ALEGRE","938651","04/09/2026 - 11:05","CHÁCARA DAS PEDRAS","PROFESSOR ULISSES CABRAL","INCÊNDIO","ABT-0600","1º BBM / 2ª CIA / 2º PEL / PASSO D`AREIA","-30.035495384709982","-51.15983247756959","EDIFICAÇÃO RESIDENCIAL UNIFAMILIAR",""
"PORTO ALEGRE","938658","04/09/2026 - 11:39","PRAIA DE BELAS","EDVALDO PEREIRA PAIVA","AÇÕES PREVENTIVAS","ATP-201","1º BBM / 1ª CIA / 1º PEL / AÇORIANOS","-30.045292108073987","-51.23254484591064","APOIO À PESSOA OU INSTITUIÇÃO",""
"PORTO ALEGRE","938660","04/09/2026 - 11:42","ALTO PETROPÓLIS","DOIS IRMÃOS","AVERIGUAÇÃO/CORTE DE ÁRVORE","ABT-0600","1º BBM / 2ª CIA / 2º PEL / PASSO D`AREIA","-30.036252663329364","-51.105112866993636","EDIFICAÇÃO RESIDENCIAL",""
"PORTO ALEGRE","938672","04/09/2026 - 12:30","CIDADE BAIXA","VENACIO AIRES","AVERIGUAÇÃO/MANEJO DE INSETOS","ABT-1365","1º BBM / 1ª CIA / 1º PEL / AÇORIANOS","-30.042553986152285","-51.218647956848145","VISTORIA",""
"PORTO ALEGRE","938676","04/09/2026 - 12:41","JARDIM ITU SABARÁ","TEN ARY TARRAGO","ATENDIMENTO PRÉ-HOSPITALAR","AR-1628","1º BBM / 1ª CIA / 2º PEL / TERESÓPOLIS","-30.012187956079075","-51.13105508644497","",""
"PORTO ALEGRE","938677","04/09/2026 - 12:47","CAVALHADA","DA PRUDÊNCIA","AVERIGUAÇÃO/MANEJO DE INSETOS","ABT-0594","1º BBM / 1ª CIA / 2º PEL / TERESÓPOLIS","-30.11369959474886","-51.23149674039066","VISTORIA",""
"PORTO ALEGRE","938714","04/09/2026 - 14:23","SANTANA","JERÔNIMO DE ORNELAS","INCÊNDIO","ABT-1365","1º BBM / 1ª CIA / 1º PEL / AÇORIANOS","-30.040138903185497","-51.20897054672242","CONTAINER",""
"PORTO ALEGRE","938715","04/09/2026 - 14:28","SANTO ANTÔNIO","ANTÔNIO RIBEIRO","INCÊNDIO","ABT-0597","1º BBM / 2ª CIA / 1º PEL / FLORESTA","-30.0580796911564","-51.196684510751","TRANSFORMADOR/REDE ELÉTRICA",""
"PORTO ALEGRE","938720","04/09/2026 - 14:40","ALTO PETROPÓLIS","DOIS IRMÃOS","AVERIGUAÇÃO/CORTE DE ÁRVORE","ABT-0600","1º BBM / 2ª CIA / 2º PEL / PASSO D`AREIA","-30.037424188921864","-51.12508470887436","EDIFICAÇÃO RESIDENCIAL",""
"PORTO ALEGRE","938720","04/09/2026 - 14:40","ALTO PETROPÓLIS","DOIS IRMÃOS","AVERIGUAÇÃO/CORTE DE ÁRVORE","ABTS-866","BBS / 1ª CIA / 1º PEL / TERRESTRE","-30.03846492401534","-51.108033657073975","EDIFICAÇÃO RESIDENCIAL | VISTORIA",""
"PORTO ALEGRE","938735","04/09/2026 - 15:13","PARTENON","BENTO GONÇALVES","SALVAMENTO/BUSCA/RESGATE","ABT-0597","1º BBM / 2ª CIA / 1º PEL / FLORESTA","-30.053332567940448","-51.20344354836277","COLISÃO/CHOQUE | OCORRÊNCIA DE VULTO",""
"PORTO ALEGRE","938745","04/09/2026 - 15:42","LOMBA DO PINHEIRO","ESTR. JOÃO DE OLIVEIRA REMIÃO","ATENDIMENTO PRÉ-HOSPITALAR","AR-1628","1º BBM / 1ª CIA / 2º PEL / TERESÓPOLIS","-30.11409511578608","-51.108863200766294","",""
"PORTO ALEGRE","938747","04/09/2026 - 15:49","RESTINGA","CAROLINA","AÇÕES PREVENTIVAS","ABT-0598","1º BBM / 1ª CIA / 4º PEL / RESTINGA","-30.15625998682636","-51.142129898071296","APOIO À PESSOA OU INSTITUIÇÃO",""
"PORTO ALEGRE","938752","04/09/2026 - 16:15","PARTENON","PROFESSOR GUERREIRO LIMA","AVERIGUAÇÃO/MANEJO DE INSETOS","ABT-1364","1º BBM / 2ª CIA / 3º PEL / PARTENON","-30.058851327377585","-51.154206819630375","VISTORIA",""
"PORTO ALEGRE","938784","04/09/2026 - 18:02","CAMPO NOVO","R. DO SCHNEIDER","INCÊNDIO","ABT-0598","1º BBM / 1ª CIA / 4º PEL / RESTINGA","-30.16327251189602","-51.17169857025147","MEIO DE TRANSPORTE",""
"PORTO ALEGRE","938799","04/09/2026 - 18:53","CAMAQUÃ","SÍLVIO SILVEIRA SOARES","ATENDIMENTO PRÉ-HOSPITALAR","AR-1628","1º BBM / 1ª CIA / 2º PEL / TERESÓPOLIS","-30.104170472572385","-51.2332575722231","",""
"PORTO ALEGRE","938818","04/09/2026 - 19:56","BELEM NOVO","R. JOSÉ INÁCIO","INCÊNDIO","ABT-0599","1º BBM / 1ª CIA / 5º PEL / BELÉM NOVO","-30.206249091348564","-51.172814382725534","TRANSFORMADOR/REDE ELÉTRICA",""
"PORTO ALEGRE","938831","04/09/2026 - 20:16","BELÉM NOVO","RUA LAURO MOTA DUARTE","INCÊNDIO","ABT-0599","1º BBM / 1ª CIA / 5º PEL / BELÉM NOVO","-30.21095927070948","-51.17957353591919","VEGETAÇÃO",""
"PORTO ALEGRE","938840","04/09/2026 - 20:49","SANTO ANTÔNIO","ANTÔNIO RIBEIRO","INCÊNDIO","ABT-1365","1º BBM / 1ª CIA / 1º PEL / AÇORIANOS","-30.058545815412263","-51.1968469619751","TRANSFORMADOR/REDE ELÉTRICA",""
"PORTO ALEGRE","938855","04/09/2026 - 22:22","ANCHIETA","AVENIDA DIQUE","OCORRÊNCIA NÃO ATENDIDA","ABT-0597","1º BBM / 2ª CIA / 1º PEL / FLORESTA","-29.984403664067642","-51.15504642177209","",""
"PORTO ALEGRE","938863","04/09/2026 - 23:05","RESTINGA","ECONOMISTA NILO WULFF","ATENDIMENTO PRÉ-HOSPITALAR","AR-1628","1º BBM / 1ª CIA / 2º PEL / TERESÓPOLIS","-30.15058584877224","-51.145285095753906","",""
"PORTO ALEGRE","938874","05/09/2026 - 00:23","ANCHIETA","AVENIDA DIQUE","INCÊNDIO","ABT-0597","1º BBM / 2ª CIA / 1º PEL / FLORESTA","-29.98307613710055","-51.143508465011934","LIXO | VEGETAÇÃO",""
"PORTO ALEGRE","938888","05/09/2026 - 06:02","SANTA CECÍLIA","DONA EUGENIA","ATENDIMENTO PRÉ-HOSPITALAR","AR-1628","1º BBM / 1ª CIA / 2º PEL / TERESÓPOLIS","-30.041711613429534","-51.19663754103213","",""
"PORTO ALEGRE","938890","05/09/2026 - 06:23","ANCHIETA","BR 290 FREEWAY","INCÊNDIO","ABT-0597","1º BBM / 2ª CIA / 1º PEL / FLORESTA","-29.970154058835952","-51.19068242061795","MEIO DE TRANSPORTE",""
"PORTO ALEGRE","938908","05/09/2026 - 09:23","RUBEM BERTA","OSCAR FERREIRA","AVERIGUAÇÃO/MANEJO DE INSETOS","ABT-0600","1º BBM / 2ª CIA / 2º PEL / PASSO D`AREIA","-30.002312512099977","-51.09202629571336","VISTORIA",""
"PORTO ALEGRE","938917","05/09/2026 - 09:41","PROTÁSIO ALVES","JOSÉ MARCELINO","AVERIGUAÇÃO/MANEJO DE INSETOS","ABT-0600","1º BBM / 2ª CIA / 2º PEL / PASSO D`AREIA","-30.031844811314517","-51.111327096722945","VISTORIA",""
"PORTO ALEGRE","938925","05/09/2026 - 09:56","VILA JOÃO PESSOA","LUIZ MOSCHETTI","ATENDIMENTO PRÉ-HOSPITALAR","AR-1628","1º BBM / 1ª CIA / 2º PEL / TERESÓPOLIS","-30.07256817173979","-51.175925731658936","",""
"PORTO ALEGRE","938942","05/09/2026 - 10:51","PRAIA DE BELAS","EDVALDO PEREIRA PAIVA","AÇÕES PREVENTIVAS","ATP-201","1º BBM / 1ª CIA / 1º PEL / AÇORIANOS","-30.041045705048006","-51.23480626589369","APOIO À PESSOA OU INSTITUIÇÃO",""
"PORTO ALEGRE","938944","05/09/2026 - 10:54","TRISTEZA","NOSSA SENHORA DE LOURDES","AVERIGUAÇÃO/CORTE DE ÁRVORE","ABT-0596","1º BBM / 1ª CIA / 3º PEL / ASSUNÇÃO","-30.112055546682168","-51.2526798248291","EDIFICAÇÃO RESIDENCIAL",""
"PORTO ALEGRE","938945","05/09/2026 - 11:05","ALTO PETROPÓLIS","DOIS IRMÃOS","AVERIGUAÇÃO/CORTE DE ÁRVORE","ABT-0600","1º BBM / 2ª CIA / 2º PEL / PASSO D`AREIA","-30.038768807951715","-51.10833494432736","EDIFICAÇÃO RESIDENCIAL",""
"PORTO ALEGRE","938949","05/09/2026 - 11:11","FLORESTA","SANTO ANTONIO","ATENDIMENTO PRÉ-HOSPITALAR","ABT-0597","1º BBM / 2ª CIA / 1º PEL / FLORESTA","-30.02630133189422","-51.21474266052247","",""
"PORTO ALEGRE","938950","05/09/2026 - 11:11","VILA JOÃO PESSOA","BORBOREMA","ATENDIMENTO PRÉ-HOSPITALAR","AR-1628","1º BBM / 1ª CIA / 2º PEL / TERESÓPOLIS","-30.06807292701735","-51.17141962051392","",""
"PORTO ALEGRE","938952","05/09/2026 - 11:14","LOMBA DO PINHEIRO","DEPUTADO ADÃO PRETTO","SALVAMENTO/BUSCA/RESGATE","ABT-0598","1º BBM / 1ª CIA / 4º PEL / RESTINGA","-30.11990665069684","-51.10316276550293","DESENCARCERAMENTO",""
"PORTO ALEGRE","938960","05/09/2026 - 11:42","TERESÓPOLIS","IRMÃOS CALVET","AÇÕES PREVENTIVAS","ABT-0594","1º BBM / 1ª CIA / 2º PEL / TERESÓPOLIS","-30.070634982148214","-51.20854139328003","VISTORIA DE HIDRANTES",""
"PORTO ALEGRE","938961","05/09/2026 - 11:43","GLÓRIA","PROFESSOR OSCAR PEREIRA","AÇÕES PREVENTIVAS","ABT-0594","1º BBM / 1ª CIA / 2º PEL / TERESÓPOLIS","-30.074515903605153","-51.202340126037605","VISTORIA DE HIDRANTES",""
"PORTO ALEGRE","938962","05/09/2026 - 11:45","BOM FIM","SANTO ANTONIO","AÇÕES PREVENTIVAS","ABT-0597","1º BBM / 2ª CIA / 1º PEL / FLORESTA","-30.03099924317036","-51.214141845703125","VISTORIA DE HIDRANTES",""
"PORTO ALEGRE","938964","05/09/2026 - 11:46","FLORESTA","AV CRISTOVÃO COLOMBO","AÇÕES PREVENTIVAS","ABT-0597","1º BBM / 2ª CIA / 1º PEL / FLORESTA","-30.025602296741354","-51.21297240257264","VISTORIA DE HIDRANTES",""
"PORTO ALEGRE","938974","05/09/2026 - 12:55","BOM FIM","RAMIRO BARCELOS","ATENDIMENTO PRÉ-HOSPITALAR","AR-1628","1º BBM / 1ª CIA / 2º PEL / TERESÓPOLIS","-30.03136653793417","-51.20841264724732","",""
"PORTO ALEGRE","938986","05/09/2026 - 13:54","BELÉM NOVO","RUA ALBERTO MORAES","ATENDIMENTO PRÉ-HOSPITALAR","ABT-0599","1º BBM / 1ª CIA / 5º PEL / BELÉM NOVO","-30.20654634672355","-51.17435932159424","",""
"PORTO ALEGRE","939018","05/09/2026 - 15:30","PARTENON","PROFESSOR GUERREIRO LIMA","ATENDIMENTO PRÉ-HOSPITALAR","AR-1628","1º BBM / 1ª CIA / 2º PEL / TERESÓPOLIS","-30.059530534801617","-51.15348100662232","",""
"PORTO ALEGRE","939032","05/09/2026 - 16:35","CAMPO NOVO","ESTRADA CRISTIANO KRAEMER","AVERIGUAÇÃO/MANEJO DE INSETOS","ABT-0599","1º BBM / 1ª CIA / 5º PEL / BELÉM NOVO","-30.14527578558113","-51.20326280593873","VISTORIA",""
"PORTO ALEGRE","939041","05/09/2026 - 17:01","LAMI","ESTRADA DO VAREJÃO","INCÊNDIO","ABT-0599","1º BBM / 1ª CIA / 5º PEL / BELÉM NOVO","-30.221785329355228","-51.08816385269165","MEIO DE TRANSPORTE",""
"PORTO ALEGRE","939052","05/09/2026 - 17:25","PASSO DAREIA","ITAPEVA","ATENDIMENTO PRÉ-HOSPITALAR","AR-1628","1º BBM / 1ª CIA / 2º PEL / TERESÓPOLIS","-30.01481997800685","-51.16618394851685","",""
"PORTO ALEGRE","939054","05/09/2026 - 17:32","PETRÓPOLIS","PROTASIO ALVES","INCÊNDIO","ABT-0597","1º BBM / 2ª CIA / 1º PEL / FLORESTA","-30.04287402455246","-51.18118286132813","CONTAINER",""
"PORTO ALEGRE","939088","05/09/2026 - 19:27","RUBEM BERTA","OSCAR FERREIRA","AVERIGUAÇÃO/MANEJO DE INSETOS","ABT-0600","1º BBM / 2ª CIA / 2º PEL / PASSO D`AREIA","-30.002238103591683","-51.092305172130594","EXTERMÍNIO",""
"PORTO ALEGRE","939091","05/09/2026 - 19:37","RIO BRANCO","PROTÁSIO ALVES","INCÊNDIO","ABT-0597","1º BBM / 2ª CIA / 1º PEL / FLORESTA","-30.03681128135762","-51.20785474777222","CONTAINER",""
"PORTO ALEGRE","939092","05/09/2026 - 19:39","SÃO JOSÉ","DA BANDEIRA","ATENDIMENTO PRÉ-HOSPITALAR","AR-1628","1º BBM / 1ª CIA / 2º PEL / TERESÓPOLIS","-30.07680022774819","-51.16397380828858","",""
"PORTO ALEGRE","939106","05/09/2026 - 20:51","VILA NOVA","SERAFIM DE MORAES MARTINS","SALVAMENTO/BUSCA/RESGATE","ABT-0594","1º BBM / 1ª CIA / 2º PEL / TERESÓPOLIS","-30.10975400503205","-51.208605766296394","DE ANIMAL",""
"PORTO ALEGRE","939113","05/09/2026 - 21:22","BOA VISTA","AV DO LAMI","ATENDIMENTO PRÉ-HOSPITALAR","AR-1628","1º BBM / 1ª CIA / 2º PEL / TERESÓPOLIS","-30.21296158888005","-51.13080024719239","",""
"PORTO ALEGRE","939128","05/09/2026 - 22:59","RESTINGA","DOUTOR JOÃO DENTICE","AÇÕES PREVENTIVAS","ABT-0598","1º BBM / 1ª CIA / 4º PEL / RESTINGA","-30.160174769149158","-51.14077806472779","VISTORIA DE HIDRANTES",""
"PORTO ALEGRE","939129","05/09/2026 - 22:59","RESTINGA","AV. LUIZ FRANCISCO ZANELLA","AÇÕES PREVENTIVAS","ABT-0598","1º BBM / 1ª CIA / 4º PEL / RESTINGA","-30.156797861894788","-51.135156154632575","VISTORIA DE HIDRANTES",""
"PORTO ALEGRE","939133","05/09/2026 - 23:49","PRAIA DE BELAS","EDVALDO PEREIRA PAIVA","OCORRÊNCIA NÃO ATENDIDA","AR-1628","1º BBM / 1ª CIA / 2º PEL / TERESÓPOLIS","-30.04282966110421","-51.23330354690552","",""
"PORTO ALEGRE","939142","06/09/2026 - 01:19","LOMBA DO PINHEIRO","RUA CONTINENTAL","INCÊNDIO","ABT-0598","1º BBM / 1ª CIA / 4º PEL / RESTINGA","-30.117086451622658","-51.10541582107544","EDIFICAÇÃO RESIDENCIAL UNIFAMILIAR",""
"PORTO ALEGRE","939157","06/09/2026 - 05:17","ANCHIETA","BR 116","SALVAMENTO/BUSCA/RESGATE","ABT-0600","1º BBM / 2ª CIA / 2º PEL / PASSO D`AREIA","-29.968631967400004","-51.17626929129384","CAPOTAMENTO | COLISÃO/CHOQUE | DESENCARCERAMENTO",""
"PORTO ALEGRE","939193","06/09/2026 - 09:59","TRISTEZA","NOSSA SENHORA DE LOURDES","AVERIGUAÇÃO/CORTE DE ÁRVORE","ABT-0596","1º BBM / 1ª CIA / 3º PEL / ASSUNÇÃO","-30.11207412819221","-51.25265836410375","EDIFICAÇÃO RESIDENCIAL",""
"PORTO ALEGRE","939206","06/09/2026 - 11:03","CASCATA","DOIS IRMÃOS","AVERIGUAÇÃO/CORTE DE ÁRVORE","ABT-0600","1º BBM / 2ª CIA / 2º PEL / PASSO D`AREIA","-30.03937944289583","-51.1085057258606","EDIFICAÇÃO RESIDENCIAL",""
"PORTO ALEGRE","939206","06/09/2026 - 11:03","CASCATA","DOIS IRMÃOS","AVERIGUAÇÃO/CORTE DE ÁRVORE","ABTS-866","BBS / 1ª CIA / 1º PEL / TERRESTRE","-30.093379970349908","-51.17742776870728","REDE ELÉTRICA",""
"PORTO ALEGRE","939207","06/09/2026 - 11:13","PRAIA DE BELAS","EDVALDO PEREIRA PAIVA","AÇÕES PREVENTIVAS","ATP-201","1º BBM / 1ª CIA / 1º PEL / AÇORIANOS","-30.039906557085615","-51.237199143145915","FESTAS E EVENTOS",""
"PORTO ALEGRE","939211","06/09/2026 - 11:29","NONOAI","COSTA LIMA","ATENDIMENTO PRÉ-HOSPITALAR","AR-1628","1º BBM / 1ª CIA / 2º PEL / TERESÓPOLIS","-30.084109821736973","-51.21364361300853","",""
"PORTO ALEGRE","939224","06/09/2026 - 12:36","PARTENON","AV. IPIRANGA","SALVAMENTO/BUSCA/RESGATE","ABT-1364","1º BBM / 2ª CIA / 3º PEL / PARTENON","-30.057610081615938","-51.15449004847575","DE ANIMAL",""
"PORTO ALEGRE","939230","06/09/2026 - 13:09","BOM FIM","OSVALDO ARANHA","ATENDIMENTO PRÉ-HOSPITALAR","AR-1628","1º BBM / 1ª CIA / 2º PEL / TERESÓPOLIS","-30.03442645359174","-51.21344202441873","",""
"PORTO ALEGRE","939235","06/09/2026 - 14:03","AZENHA","CARLOS BARBOSA","INCÊNDIO","ABT-1365","1º BBM / 1ª CIA / 1º PEL / AÇORIANOS","-30.061968098639735","-51.21049404144288","LIXO",""
"PORTO ALEGRE","939241","06/09/2026 - 14:14","PARTENON","PROFESSOR LEALCINO SANTOS","SALVAMENTO/BUSCA/RESGATE","ABT-1364","1º BBM / 2ª CIA / 3º PEL / PARTENON","-30.0615621435892","-51.161195731308105","DE ANIMAL",""
"PORTO ALEGRE","939253","06/09/2026 - 15:05","IPANEMA","R. HOMERO SÓ JOBIM","INCÊNDIO","ABT-327","1º BBM / 1ª CIA / 2º PEL / TERESÓPOLIS","-30.139059356852336","-51.208884716033936","VEGETAÇÃO",""
"PORTO ALEGRE","939253","06/09/2026 - 15:05","IPANEMA","R. HOMERO SÓ JOBIM","INCÊNDIO","ABT-0599","1º BBM / 1ª CIA / 5º PEL / BELÉM NOVO","-30.139263697391925","-51.208176612854004","VEGETAÇÃO",""
"PORTO ALEGRE","939270","06/09/2026 - 16:14","PRAIA DE BELAS","PADRE CACIQUE","AÇÕES PREVENTIVAS","ABT-1365","1º BBM / 1ª CIA / 1º PEL / AÇORIANOS","-30.065789148149808","-51.235020160675056","APOIO À PESSOA OU INSTITUIÇÃO",""
"PORTO ALEGRE","939270","06/09/2026 - 16:14","PRAIA DE BELAS","PADRE CACIQUE","AÇÕES PREVENTIVAS","AR-1628","1º BBM / 1ª CIA / 2º PEL / TERESÓPOLIS","-30.065845694539007","-51.2354875017173","FESTAS E EVENTOS",""
"PORTO ALEGRE","939272","06/09/2026 - 16:18","PETRÓPOLIS","AMÉLIA TELES","INCÊNDIO","ABT-0597","1º BBM / 2ª CIA / 1º PEL / FLORESTA","-30.041402197094556","-51.19071006774903","CONTAINER",""
"PORTO ALEGRE","939285","06/09/2026 - 17:10","VILA NOVA","PEDRO RODRIGUES BITTENCOURT","OCORRÊNCIA NÃO ATENDIDA","ABT-0598","1º BBM / 1ª CIA / 4º PEL / RESTINGA","-30.127292331691613","-51.21317625045777","",""
"PORTO ALEGRE","939293","06/09/2026 - 17:51","VILA JARDIM","SATURNINO DE BRITO","SALVAMENTO/BUSCA/RESGATE","ABT-0600","1º BBM / 2ª CIA / 2º PEL / PASSO D`AREIA","-30.03826365776767","-51.15371704101563","DE ANIMAL",""
"PORTO ALEGRE","939299","06/09/2026 - 18:07","BOM JESUS","PIO X","AÇÕES PREVENTIVAS","ABT-1364","1º BBM / 2ª CIA / 3º PEL / PARTENON","-30.048386239701582","-51.15740773924744","APOIO À PESSOA OU INSTITUIÇÃO",""
"PORTO ALEGRE","939305","06/09/2026 - 18:27","SÃO GERALDO","SÃO PAULO","AÇÕES PREVENTIVAS","ABT-0597","1º BBM / 2ª CIA / 1º PEL / FLORESTA","-30.006735156075244","-51.203670501708984","VISTORIA DE HIDRANTES",""
"PORTO ALEGRE","939306","06/09/2026 - 18:28","CENTRO","RUA CONCEIÇÃO","AÇÕES PREVENTIVAS","ABT-0597","1º BBM / 2ª CIA / 1º PEL / FLORESTA","-30.022491301993544","-51.22014999389649","VISTORIA DE HIDRANTES",""
"PORTO ALEGRE","939308","06/09/2026 - 18:37","PRAIA DE BELAS","EDVALDO PEREIRA PAIVA","AÇÕES PREVENTIVAS","ABT-1365","1º BBM / 1ª CIA / 1º PEL / AÇORIANOS","-30.0378855576024","-51.24119997024537","VISTORIA DE HIDRANTES",""
"PORTO ALEGRE","939309","06/09/2026 - 18:39","PRAIA DE BELAS","EDMUNDO BITENCOURT","AÇÕES PREVENTIVAS","ABT-1365","1º BBM / 1ª CIA / 1º PEL / AÇORIANOS","-30.04608307864117","-51.22884035110474","VISTORIA DE HIDRANTES",""
"PORTO ALEGRE","939319","06/09/2026 - 19:25","BOM JESUS","DOUTOR MURTINHO","ATENDIMENTO PRÉ-HOSPITALAR","AR-1628","1º BBM / 1ª CIA / 2º PEL / TERESÓPOLIS","-30.041989583383337","-51.154131176665686","",""
"PORTO ALEGRE","939327","06/09/2026 - 20:05","BELÉM NOVO","AVENIDA DO LAMI","AÇÕES PREVENTIVAS","ABT-0599","1º BBM / 1ª CIA / 5º PEL / BELÉM NOVO","-30.2125170099899","-51.16324424743653","VISTORIA DE HIDRANTES",""
"PORTO ALEGRE","939328","06/09/2026 - 20:06","BELÉM NOVO","RUA BAVIERA","AÇÕES PREVENTIVAS","ABT-0599","1º BBM / 1ª CIA / 5º PEL / BELÉM NOVO","-30.211070647943973","-51.169660091400154","VISTORIA DE HIDRANTES",""
"PORTO ALEGRE","939336","06/09/2026 - 20:45","RESTINGA","DOMINGOS MANOEL MINCARONI","SALVAMENTO/BUSCA/RESGATE","ABT-0598","1º BBM / 1ª CIA / 4º PEL / RESTINGA","-30.164640420931562","-51.1389970779419","DE ANIMAL",""
"PORTO ALEGRE","939339","06/09/2026 - 20:57","FARRAPOS","VOLUNTARIOS DA PATRIA","ATENDIMENTO PRÉ-HOSPITALAR","ABT-1365","1º BBM / 1ª CIA / 1º PEL / AÇORIANOS","-30.025135592316673","-51.21774673461915","",""
"PORTO ALEGRE","939346","06/09/2026 - 21:37","JARDIM CARVALHO","AVENIDA IPIRANGA","ATENDIMENTO PRÉ-HOSPITALAR","AR-1628","1º BBM / 1ª CIA / 2º PEL / TERESÓPOLIS","-30.05598518433766","-51.17253826727794","",""
"PORTO ALEGRE","939358","06/09/2026 - 23:28","PRAIA DE BELAS","R. BARONESA DO GRAVATAÍ","INCÊNDIO","ABT-1365","1º BBM / 1ª CIA / 1º PEL / AÇORIANOS","-30.045024694308083","-51.230041980743415","CONTAINER",""
"PORTO ALEGRE","939365","07/09/2026 - 00:41","FLORESTA","SÃO CARLOS","INCÊNDIO","ABT-0597","1º BBM / 2ª CIA / 1º PEL / FLORESTA","-30.017269966725735","-51.20744705200196","CONTAINER",""
"PORTO ALEGRE","939368","07/09/2026 - 01:12","CAMAQUÃ","CAMAQUÃ","ATENDIMENTO PRÉ-HOSPITALAR","AR-1628","1º BBM / 1ª CIA / 2º PEL / TERESÓPOLIS","-30.1013895146241","-51.24052502722599","",""
"PORTO ALEGRE","939385","07/09/2026 - 06:16","MÁRIO QUINTANA","6 DE NOVEMBRO","INCÊNDIO","ABT-0600","1º BBM / 2ª CIA / 2º PEL / PASSO D`AREIA","-30.033117342045106","-51.116702556610115","EDIFICAÇÃO COMERCIAL",""
"PORTO ALEGRE","939388","07/09/2026 - 06:36","GLÓRIA","PROFESSOR OSCAR PEREIRA","ATENDIMENTO PRÉ-HOSPITALAR","AR-1628","1º BBM / 1ª CIA / 2º PEL / TERESÓPOLIS","-30.082416316927706","-51.197034626263196","",""
"PORTO ALEGRE","939417","07/09/2026 - 09:08","SÃO JOSÉ","AV COMUNITARIA","AVERIGUAÇÃO/MANEJO DE INSETOS","ABT-1364","1º BBM / 2ª CIA / 3º PEL / PARTENON","-30.07932543175002","-51.161549066913196","VISTORIA",""
"PORTO ALEGRE","939418","07/09/2026 - 09:17","BOM JESUS","ARY BURGER","INCÊNDIO","ABT-1364","1º BBM / 2ª CIA / 3º PEL / PARTENON","-30.05208243993084","-51.16191385039246","TERRENO BALDIO",""
"PORTO ALEGRE","939419","07/09/2026 - 09:27","MEDIANEIRA","LINDOLFO COLOR","SALVAMENTO/BUSCA/RESGATE","ABT-327","1º BBM / 1ª CIA / 2º PEL / TERESÓPOLIS","-30.065379887585255","-51.208841800689704","DE ANIMAL",""
"PORTO ALEGRE","939420","07/09/2026 - 09:37","TRISTEZA","NOSSA SENHORA DE LOURDES","AVERIGUAÇÃO/CORTE DE ÁRVORE","ABT-0596","1º BBM / 1ª CIA / 3º PEL / ASSUNÇÃO","-30.111911569322018","-51.25265299586918","VISTORIA",""
"PORTO ALEGRE","939426","07/09/2026 - 09:58","CAMAQUÃ","AV OTTO NIEMEYER","AVERIGUAÇÃO/CORTE DE ÁRVORE","ABT-327","1º BBM / 1ª CIA / 2º PEL / TERESÓPOLIS","-30.10305225593947","-51.23388290405274","EDIFICAÇÃO RESIDENCIAL",""
"PORTO ALEGRE","939430","07/09/2026 - 10:15","CAVALHADA","ARROIO GRANDE","SALVAMENTO/BUSCA/RESGATE","ABT-327","1º BBM / 1ª CIA / 2º PEL / TERESÓPOLIS","-30.100081331787997","-51.22987658310875","DE ANIMAL",""
"PORTO ALEGRE","939432","07/09/2026 - 10:18","RESTINGA","ESTRADA JOÃO ANTÔNIO DA SILVEIRA","ATENDIMENTO PRÉ-HOSPITALAR","ABT-0598","1º BBM / 1ª CIA / 4º PEL / RESTINGA","-30.166074351181447","-51.15474700927735","",""
"PORTO ALEGRE","939441","07/09/2026 - 10:53","CIDADE BAIXA","JOSE DO PATROCINIO","INCÊNDIO","ABT-1365","1º BBM / 1ª CIA / 1º PEL / AÇORIANOS","-30.041914948024804","-51.22086882591248","CONTAINER | LIXO",""
"PORTO ALEGRE","939442","07/09/2026 - 10:54","ASSUNÇÃO","AVENIDA GUAÍBA","AVERIGUAÇÃO/CORTE DE ÁRVORE","ABT-0596","1º BBM / 1ª CIA / 3º PEL / ASSUNÇÃO","-30.099485114598576","-51.264438768836136","VIA PÚBLICA",""
"PORTO ALEGRE","939444","07/09/2026 - 10:56","LOMBA DO PINHEIRO","RUA 4 DE JUNHO","AVERIGUAÇÃO/MANEJO DE INSETOS","ABT-1364","1º BBM / 2ª CIA / 3º PEL / PARTENON","-30.11870031582717","-51.10397813872402","VISTORIA",""
"PORTO ALEGRE","939451","07/09/2026 - 11:24","PASSO DAREIA","ITAPEVA","PRODUTOS PERIGOSOS","ABT-0600","1º BBM / 2ª CIA / 2º PEL / PASSO D`AREIA","-30.012792581817227","-51.16575479507447","QUÍMICO",""
"PORTO ALEGRE","939452","07/09/2026 - 11:31","PRAIA DE BELAS","EDVALDO PEREIRA PAIVA","AÇÕES PREVENTIVAS","ATP-201","1º BBM / 1ª CIA / 1º PEL / AÇORIANOS","-30.042143823647205","-51.234290599823005","APOIO À PESSOA OU INSTITUIÇÃO",""
"PORTO ALEGRE","939467","07/09/2026 - 12:39","RUBEM BERTA","SÃO MIGUEL ARCANJO","SALVAMENTO/BUSCA/RESGATE","ABT-0600","1º BBM / 2ª CIA / 2º PEL / PASSO D`AREIA","-30.013684480806617","-51.09642505645753","AFOGAMENTO",""
"PORTO ALEGRE","939482","07/09/2026 - 13:25","CAMPO NOVO","RUA MAURILIO FERREIRA","INCÊNDIO","ABT-0599","1º BBM / 1ª CIA / 5º PEL / BELÉM NOVO","-30.133287357140976","-51.19109630584717","TERRENO BALDIO",""
"PORTO ALEGRE","939491","07/09/2026 - 13:52","RUBEM BERTA","SÃO MIGUEL ARCANJO","SALVAMENTO/BUSCA/RESGATE","ABT-0600","1º BBM / 2ª CIA / 2º PEL / PASSO D`AREIA","-30.0135604","-51.0963906","AFOGAMENTO",""
"PORTO ALEGRE","939502","07/09/2026 - 14:12","ALTO PETROPÓLIS","DOIS IRMÃOS","AVERIGUAÇÃO/CORTE DE ÁRVORE","ABTS-866","BBS / 1ª CIA / 1º PEL / TERRESTRE","-30.037962868244822","-51.10711097717286","EDIFICAÇÃO RESIDENCIAL",""
"PORTO ALEGRE","939506","07/09/2026 - 14:24","RUBEM BERTA","NOSSA SENHORA DE FÁTIMA","AVERIGUAÇÃO/CORTE DE ÁRVORE","ABT-0600","1º BBM / 2ª CIA / 2º PEL / PASSO D`AREIA","-30.015635336882376","-51.09518051147462","VISTORIA",""
"PORTO ALEGRE","939544","07/09/2026 - 16:40","SANTANA","AVENIDA JERONIMO DE ORNELAS","ATENDIMENTO PRÉ-HOSPITALAR","ABT-1365","1º BBM / 1ª CIA / 1º PEL / AÇORIANOS","-30.040622372653996","-51.20974302291871","",""
"PORTO ALEGRE","939544","07/09/2026 - 16:40","SANTANA","AVENIDA JERONIMO DE ORNELAS","ATENDIMENTO PRÉ-HOSPITALAR","AR-1628","1º BBM / 1ª CIA / 2º PEL / TERESÓPOLIS","-30.040731304224042","-51.210016416503656","",""
"PORTO ALEGRE","939550","07/09/2026 - 16:46","VILA JARDIM","SÃO LEOPOLDO","INCÊNDIO","ABT-0600","1º BBM / 2ª CIA / 2º PEL / PASSO D`AREIA","-30.03348889470085","-51.155905723571784","EDIFICAÇÃO RESIDENCIAL UNIFAMILIAR",""
"PORTO ALEGRE","939555","07/09/2026 - 17:08","VILA NOVA","AVENIDA JOÃO SALOMONI","AVERIGUAÇÃO/CORTE DE ÁRVORE","ABT-0594","1º BBM / 1ª CIA / 2º PEL / TERESÓPOLIS","-30.114189942354265","-51.21553659439087","EDIFICAÇÃO PÚBLICA",""
"PORTO ALEGRE","939561","07/09/2026 - 17:39","PRAIA DE BELAS","BORGES DE MEDEIROS","INCÊNDIO","ABT-1365","1º BBM / 1ª CIA / 1º PEL / AÇORIANOS","-30.055473756574205","-51.23021364212037","EDIFICAÇÃO MULTIFAMILIAR",""
"PORTO ALEGRE","939564","07/09/2026 - 17:45","PRAIA DE BELAS","PRAIA DE BELAS","SALVAMENTO/BUSCA/RESGATE","ABT-0596","1º BBM / 1ª CIA / 3º PEL / ASSUNÇÃO","-30.056770323807836","-51.23201655372416","AFOGAMENTO",""
"PORTO ALEGRE","939586","07/09/2026 - 18:51","NONOAI","SANTA FLORA","ATENDIMENTO PRÉ-HOSPITALAR","AR-1628","1º BBM / 1ª CIA / 2º PEL / TERESÓPOLIS","-30.095738170374926","-51.231276808745505","",""
"PORTO ALEGRE","939602","07/09/2026 - 19:47","FARROUPILHA","VENANCIO AIRES","ATENDIMENTO PRÉ-HOSPITALAR","AR-1628","1º BBM / 1ª CIA / 2º PEL / TERESÓPOLIS","-30.038747364144044","-51.21209643730914","",""
"PORTO ALEGRE","939603","07/09/2026 - 19:55","CENTRO HISTÓRICO","RUA VIGÁRIO JOSÉ INÁCIO","AÇÕES PREVENTIVAS","ABT-1365","1º BBM / 1ª CIA / 1º PEL / AÇORIANOS","-30.03021982832149","-51.225793361663825","INSPEÇÃO/REMOÇÃO DE FONTE DE PERIGO",""
"PORTO ALEGRE","939605","07/09/2026 - 20:03","SANTA TEREZA","CORRÊA LIMA","ATENDIMENTO PRÉ-HOSPITALAR","AR-1628","1º BBM / 1ª CIA / 2º PEL / TERESÓPOLIS","-30.065166989861726","-51.22367836683397","",""
"PORTO ALEGRE","939610","07/09/2026 - 20:34","RUBEM BERTA","MARIA DORVALINA BORGES","AVERIGUAÇÃO/MANEJO DE INSETOS","ABT-0600","1º BBM / 2ª CIA / 2º PEL / PASSO D`AREIA","-29.996384669203035","-51.10274434089661","EXTERMÍNIO | REMOÇÃO",""
"PORTO ALEGRE","939633","07/09/2026 - 23:34","JARDIM FLORESTA","MONTE BONITO","SALVAMENTO/BUSCA/RESGATE","ABT-0600","1º BBM / 2ª CIA / 2º PEL / PASSO D`AREIA","-30.003920884382016","-51.157107353210456","DE ANIMAL",""
"PORTO ALEGRE","939640","08/09/2026 - 03:07","RIO BRANCO","MARIANTE","INCÊNDIO","ABT-0597","1º BBM / 2ª CIA / 1º PEL / FLORESTA","-30.027783606149615","-51.20420695388241","CONTAINER",""
"PORTO ALEGRE","939646","08/09/2026 - 06:30","PETRÓPOLIS","JOÃO OBINO","AÇÕES PREVENTIVAS","AR-1628","1º BBM / 1ª CIA / 2º PEL / TERESÓPOLIS","-30.03370605360236","-51.1821647539274","FESTAS E EVENTOS",""
"PORTO ALEGRE","939653","08/09/2026 - 08:14","SARANDI","ITAÚNA","SALVAMENTO/BUSCA/RESGATE","ABT-0600","1º BBM / 2ª CIA / 2º PEL / PASSO D`AREIA","-29.99898617704176","-51.128203868865974","DE ANIMAL",""
"PORTO ALEGRE","939655","08/09/2026 - 08:31","FARROUPILHA","AVENIDA JOSÉ BONIFÁCIO","AÇÕES PREVENTIVAS","AR-1628","1º BBM / 1ª CIA / 2º PEL / TERESÓPOLIS","-30.03701575466174","-51.21193170547486","APOIO À PESSOA OU INSTITUIÇÃO",""
"PORTO ALEGRE","939659","08/09/2026 - 09:03","RUBEM BERTA","NOSSA SENHORA DE FÁTIMA","AVERIGUAÇÃO/CORTE DE ÁRVORE","ABT-0600","1º BBM / 2ª CIA / 2º PEL / PASSO D`AREIA","-30.015635336882376","-51.09509468078614","EDIFICAÇÃO RESIDENCIAL",""
"PORTO ALEGRE","939671","08/09/2026 - 09:53","ALTO PETROPÓLIS","DOIS IRMÃOS","AVERIGUAÇÃO/CORTE DE ÁRVORE","ABTS-866","BBS / 1ª CIA / 1º PEL / TERRESTRE","-30.036998181218046","-51.125907897949226","EDIFICAÇÃO RESIDENCIAL",""
"PORTO ALEGRE","939672","08/09/2026 - 09:54","CAVALHADA","ESTEIO","SALVAMENTO/BUSCA/RESGATE","ABT-0594","1º BBM / 1ª CIA / 2º PEL / TERESÓPOLIS","-30.09757571585107","-51.225793361663825","DE ANIMAL",""
"PORTO ALEGRE","939721","08/09/2026 - 12:03","VILA NOVA","RUA ATÍLIO SUPERTI","ATENDIMENTO PRÉ-HOSPITALAR","AR-1628","1º BBM / 1ª CIA / 2º PEL / TERESÓPOLIS","-30.12583057809904","-51.21223211288453","",""
"PORTO ALEGRE","939736","08/09/2026 - 12:45","CENTRO","BORGES DE MEDEIROS","INCÊNDIO","ABT-1365","1º BBM / 1ª CIA / 1º PEL / AÇORIANOS","-30.033824118490365","-51.22774600982666","EDIFICAÇÃO COMERCIAL",""
"PORTO ALEGRE","939758","08/09/2026 - 13:55","VILA NOVA","RUA CATARINO ANDREATTA","INCÊNDIO","ABT-0599","1º BBM / 1ª CIA / 5º PEL / BELÉM NOVO","-30.118403423983683","-51.206996528792544","VEGETAÇÃO",""
"PORTO ALEGRE","939769","08/09/2026 - 14:14","TRISTEZA","NOSSA SENHORA DE LOURDES","AVERIGUAÇÃO/CORTE DE ÁRVORE","ABT-0596","1º BBM / 1ª CIA / 3º PEL / ASSUNÇÃO","-30.111925476013695","-51.25242229612479","EDIFICAÇÃO RESIDENCIAL | VISTORIA",""
"PORTO ALEGRE","939787","08/09/2026 - 14:57","HUMAITÁ","RUA DONA TEODORA","AVERIGUAÇÃO/CORTE DE ÁRVORE","ABT-0597","1º BBM / 2ª CIA / 1º PEL / FLORESTA","-29.99124210067203","-51.19639645400026","EDIFICAÇÃO PÚBLICA",""
"PORTO ALEGRE","939791","08/09/2026 - 15:07","CAMPO NOVO","R. ANDRÉ PRIMO BIAZETTO","AVERIGUAÇÃO/MANEJO DE INSETOS","ABT-0599","1º BBM / 1ª CIA / 5º PEL / BELÉM NOVO","-30.134624163528574","-51.19867091143873","EXTERMÍNIO",""
"PORTO ALEGRE","939812","08/09/2026 - 15:47","SANTA TEREZA","CLEVELAND","ATENDIMENTO PRÉ-HOSPITALAR","AR-1628","1º BBM / 1ª CIA / 2º PEL / TERESÓPOLIS","-30.06653126022442","-51.222574710845954","",""
"PORTO ALEGRE","939829","08/09/2026 - 16:13","HÍPICA","R. FRANCISCO DA SILVEIRA PASTORIZA","AÇÕES PREVENTIVAS","ABT-0599","1º BBM / 1ª CIA / 5º PEL / BELÉM NOVO","-30.15954385334288","-51.17708447976301","INSPEÇÃO/REMOÇÃO DE FONTE DE PERIGO",""
"PORTO ALEGRE","939848","08/09/2026 - 16:46","VILA JOÃO PESSOA","BORBOREMA","ATENDIMENTO PRÉ-HOSPITALAR","AR-1628","1º BBM / 1ª CIA / 2º PEL / TERESÓPOLIS","-30.068872284332752","-51.17092609405518","",""
"PORTO ALEGRE","939870","08/09/2026 - 17:42","MENINO DEUS","SALDANHA MARINHO","PRODUTOS PERIGOSOS","ABT-1365","1º BBM / 1ª CIA / 1º PEL / AÇORIANOS","-30.057932802698495","-51.219077110290534","EXPLOSIVO",""
"PORTO ALEGRE","939899","08/09/2026 - 18:57","JARDIM CARVALHO","VIA DE ACESSO CINCO","INCÊNDIO","ABT-1364","1º BBM / 2ª CIA / 3º PEL / PARTENON","-30.051673771293874","-51.152472492979484","MEIO DE TRANSPORTE",""
"PORTO ALEGRE","939909","08/09/2026 - 19:16","CENTRO","JÚLIO DE CASTILHOS","AÇÕES PREVENTIVAS","ABT-1365","1º BBM / 1ª CIA / 1º PEL / AÇORIANOS","-30.024506369949815","-51.222295761108406","APOIO À PESSOA OU INSTITUIÇÃO",""
"PORTO ALEGRE","939916","08/09/2026 - 19:48","PARTENON","JOÃO DO RIO","INCÊNDIO","ABT-1365","1º BBM / 1ª CIA / 1º PEL / AÇORIANOS","-30.06829557180745","-51.19328498840333","EDIFICAÇÃO RESIDENCIAL UNIFAMILIAR",""
"PORTO ALEGRE","939916","08/09/2026 - 19:48","PARTENON","JOÃO DO RIO","INCÊNDIO","ABT-0594","1º BBM / 1ª CIA / 2º PEL / TERESÓPOLIS","-30.068109674250245","-51.19373559951783","EDIFICAÇÃO RESIDENCIAL UNIFAMILIAR",""
"PORTO ALEGRE","939922","08/09/2026 - 20:20","FLORESTA","VOLUNTÁRIOS DA PÁTRIA","ATENDIMENTO PRÉ-HOSPITALAR","AR-1628","1º BBM / 1ª CIA / 2º PEL / TERESÓPOLIS","-30.007076919797363","-51.20914220809937","",""
"PORTO ALEGRE","939923","08/09/2026 - 20:24","CAMPO NOVO","RUA ANDRE PRIMO BIAZETTO","AVERIGUAÇÃO/MANEJO DE INSETOS","ABT-0599","1º BBM / 1ª CIA / 5º PEL / BELÉM NOVO","-30.134587008988085","-51.19888542054063","EXTERMÍNIO",""
"PORTO ALEGRE","939931","08/09/2026 - 20:56","PARTENON","HUMBERTO DE CAMPOS","INCÊNDIO","ABT-1365","1º BBM / 1ª CIA / 1º PEL / AÇORIANOS","-30.067274309986907","-51.20040893554688","TRANSFORMADOR/REDE ELÉTRICA",""
"PORTO ALEGRE","939932","08/09/2026 - 21:02","MENINO DEUS","MUCIO TEIXEIRA","INCÊNDIO","ABT-0597","1º BBM / 2ª CIA / 1º PEL / FLORESTA","-30.056094449303398","-51.22507101150389","CONTAINER",""
"PORTO ALEGRE","939940","08/09/2026 - 22:23","BOM JESUS","NAZARETH","SALVAMENTO/BUSCA/RESGATE","ABT-1364","1º BBM / 2ª CIA / 3º PEL / PARTENON","-30.045116269325632","-51.16665643254417","DE ANIMAL",""
"PORTO ALEGRE","939942","08/09/2026 - 22:41","PRAIA DE BELAS","EDVALDO PEREIRA PAIVA","AÇÕES PREVENTIVAS","ATP-201","1º BBM / 1ª CIA / 1º PEL / AÇORIANOS","-30.045173761547165","-51.231458208903824","APOIO À PESSOA OU INSTITUIÇÃO",""
"PORTO ALEGRE","939952","08/09/2026 - 23:26","INDEPENDÊNCIA","INDEPENDENCIA","ATENDIMENTO PRÉ-HOSPITALAR","AR-1628","1º BBM / 1ª CIA / 2º PEL / TERESÓPOLIS","-30.029346321255183","-51.22090101242066","",""
"PORTO ALEGRE","939954","08/09/2026 - 23:51","SÃO JOSÉ","ERNESTO ARAÚJO","SALVAMENTO/BUSCA/RESGATE","ABT-1364","1º BBM / 2ª CIA / 3º PEL / PARTENON","-30.07596472069866","-51.16493946459875","DE ANIMAL",""
"PORTO ALEGRE","939966","09/09/2026 - 06:48","SANTA TEREZA","CRUZEIRO DO SUL","ATENDIMENTO PRÉ-HOSPITALAR","AR-1628","1º BBM / 1ª CIA / 2º PEL / TERESÓPOLIS","-30.081516237052327","-51.22759580612183","",""
"PORTO ALEGRE","939971","09/09/2026 - 07:29","CRISTO REDENTOR","COMENDADOR ALBINO CUNHA","SALVAMENTO/BUSCA/RESGATE","ABT-0600","1º BBM / 2ª CIA / 2º PEL / PASSO D`AREIA","-30.006549437938407","-51.15865230560303","DE ANIMAL",""
"PORTO ALEGRE","939974","09/09/2026 - 07:47","ABERTA DOS MORROS","ESTRADA CAMPO NOVO","INCÊNDIO","ABT-0596","1º BBM / 1ª CIA / 3º PEL / ASSUNÇÃO","-30.160137683128188","-51.19729757546931","EDIFICAÇÃO RESIDENCIAL UNIFAMILIAR",""
"PORTO ALEGRE","939974","09/09/2026 - 07:47","ABERTA DOS MORROS","ESTRADA CAMPO NOVO","INCÊNDIO","ABT-0599","1º BBM / 1ª CIA / 5º PEL / BELÉM NOVO","-30.13987304441697","-51.21437788009644","EDIFICAÇÃO RESIDENCIAL UNIFAMILIAR",""
"PORTO ALEGRE","939975","09/09/2026 - 07:57","CAMAQUÃ","PROFESSOR JOAQUIM LOUZADA","AÇÕES PREVENTIVAS","ABT-0594","1º BBM / 1ª CIA / 2º PEL / TERESÓPOLIS","-30.113393072653604","-51.23645782470703","ACIDENTES DE TRÁFEGO/LAVAGEM DE PISTA",""
"PORTO ALEGRE","939988","09/09/2026 - 08:49","SANTA TEREZA","PRISMA","INCÊNDIO","ABT-1365","1º BBM / 1ª CIA / 1º PEL / AÇORIANOS","-30.08010797725404","-51.23100757598878","TRANSFORMADOR/REDE ELÉTRICA",""
"PORTO ALEGRE","940004","09/09/2026 - 09:36","APARÍCIO BORGES","CAPITÃO ANDRÉ LAGO PÁRIS","AVERIGUAÇÃO/CORTE DE ÁRVORE","ABT-1364","1º BBM / 2ª CIA / 3º PEL / PARTENON","-30.07070939827513","-51.18380072480583","EDIFICAÇÃO PÚBLICA",""
"PORTO ALEGRE","940006","09/09/2026 - 09:38","TRISTEZA","NOSSA SENHORA DE LOURDES","AVERIGUAÇÃO/CORTE DE ÁRVORE","ABT-0596","1º BBM / 1ª CIA / 3º PEL / ASSUNÇÃO","-30.11197657031507","-51.25258862285282","EDIFICAÇÃO RESIDENCIAL",""
"PORTO ALEGRE","940022","09/09/2026 - 10:05","BOM JESUS","DAS CAMÉLIAS","ATENDIMENTO PRÉ-HOSPITALAR","AR-1628","1º BBM / 1ª CIA / 2º PEL / TERESÓPOLIS","-30.042405484995744","-51.162986755371094","",""
"PORTO ALEGRE","940045","09/09/2026 - 10:59","FLORESTA","ALMIRANTE TAMANDARÉ","ATENDIMENTO PRÉ-HOSPITALAR","AR-1628","1º BBM / 1ª CIA / 2º PEL / TERESÓPOLIS","-30.013777421717318","-51.20326280593873","",""
"PORTO ALEGRE","940046","09/09/2026 - 11:02","SANTA ROSA DE LIMA","ARIOVALDO ALVEZ PAZ","INCÊNDIO","ABT-0600","1º BBM / 2ª CIA / 2º PEL / PASSO D`AREIA","-30.00028023916535","-51.11006942307381","EDIFICAÇÃO INDUSTRIAL | OCORRÊNCIA DE VULTO",""
"PORTO ALEGRE","940046","09/09/2026 - 11:02","SANTA ROSA DE LIMA","ARIOVALDO ALVEZ PAZ","OCORRÊNCIA NÃO ATENDIDA","ABT-0597","1º BBM / 2ª CIA / 1º PEL / FLORESTA","-29.989155320076136","-51.100459098815925","",""
"PORTO ALEGRE","940062","09/09/2026 - 11:54","PRAIA DE BELAS","EDVALDO PEREIRA PAIVA","AÇÕES PREVENTIVAS","ATP-10654","1º BBM / 1ª CIA / 1º PEL / AÇORIANOS","-30.04082265129346","-51.23512744903565","APOIO À PESSOA OU INSTITUIÇÃO",""
"PORTO ALEGRE","940067","09/09/2026 - 12:07","VILA NOVA","EST. DAS TRÊS MENINAS","SALVAMENTO/BUSCA/RESGATE","ABT-0594","1º BBM / 1ª CIA / 2º PEL / TERESÓPOLIS","-30.115135767473667","-51.207361221313484","DE ANIMAL",""
"PORTO ALEGRE","940069","09/09/2026 - 12:16","VILA IPIRANGA","BENNO MENTZ","AÇÕES PREVENTIVAS","ABT-0600","1º BBM / 2ª CIA / 2º PEL / PASSO D`AREIA","-30.017393614740573","-51.14731180180754","APOIO À PESSOA OU INSTITUIÇÃO",""
"PORTO ALEGRE","940081","09/09/2026 - 13:09","RIO BRANCO","FRANCISCO FERRER","AVERIGUAÇÃO/MANEJO DE INSETOS","ABT-0597","1º BBM / 2ª CIA / 1º PEL / FLORESTA","-30.03452864893023","-51.20742559432984","VISTORIA",""
"PORTO ALEGRE","940096","09/09/2026 - 13:44","HIGIENÓPOLIS","RUA AMÉRICO VESPÚCIO","ATENDIMENTO PRÉ-HOSPITALAR","AR-1628","1º BBM / 1ª CIA / 2º PEL / TERESÓPOLIS","-30.011434171333377","-51.18174076080323","",""
"PORTO ALEGRE","940114","09/09/2026 - 14:23","MÁRIO QUINTANA","DOIS IRMÃOS","AVERIGUAÇÃO/CORTE DE ÁRVORE","ABT-0600","1º BBM / 2ª CIA / 2º PEL / PASSO D`AREIA","-30.038541103940204","-51.10808742674481","EDIFICAÇÃO RESIDENCIAL | OCORRÊNCIA DE VULTO",""
"PORTO ALEGRE","940114","09/09/2026 - 14:23","MÁRIO QUINTANA","DOIS IRMÃOS","AVERIGUAÇÃO/CORTE DE ÁRVORE","ABTS-866","BBS / 1ª CIA / 1º PEL / TERRESTRE","-30.039043166609233","-51.108484268188484","EDIFICAÇÃO RESIDENCIAL",""
"PORTO ALEGRE","940135","09/09/2026 - 15:14","TRISTEZA","DOUTOR BARCELOS","ATENDIMENTO PRÉ-HOSPITALAR","AR-1628","1º BBM / 1ª CIA / 2º PEL / TERESÓPOLIS","-30.10633789289992","-51.25130653381348","",""
"PORTO ALEGRE","940169","09/09/2026 - 16:31","LAMI","BECO DA VITÓRIA","INCÊNDIO","ABT-0599","1º BBM / 1ª CIA / 5º PEL / BELÉM NOVO","-30.20829375375207","-51.12874031066895","VEGETAÇÃO",""
"PORTO ALEGRE","940179","09/09/2026 - 16:49","VILA NOVA","CARLOS SUPERTI","ATENDIMENTO PRÉ-HOSPITALAR","AR-1628","1º BBM / 1ª CIA / 2º PEL / TERESÓPOLIS","-30.122616156308027","-51.21787548065186","",""
"PORTO ALEGRE","940182","09/09/2026 - 16:53","PARTENON","AV. BENTO GONÇALVES","SALVAMENTO/BUSCA/RESGATE","ABT-1365","1º BBM / 1ª CIA / 1º PEL / AÇORIANOS","-30.054562953407842","-51.200087070465095","ELEVADORES",""
"PORTO ALEGRE","940183","09/09/2026 - 16:56","AGRONOMIA","BENTO GONÇALVES","INCÊNDIO","ABT-1364","1º BBM / 2ª CIA / 3º PEL / PARTENON","-30.06913159554501","-51.14376046437228","LIXO",""
"PORTO ALEGRE","940190","09/09/2026 - 17:22","MENINO DEUS","MUCIO TEIXEIRA","AVERIGUAÇÃO/MANEJO DE INSETOS","ABT-1365","1º BBM / 1ª CIA / 1º PEL / AÇORIANOS","-30.044789850053828","-51.223583221435554","VISTORIA",""
"PORTO ALEGRE","940195","09/09/2026 - 17:34","LOMBA DO PINHEIRO","JOSÉ PINHEIRO CABRAL","SALVAMENTO/BUSCA/RESGATE","ABT-0598","1º BBM / 1ª CIA / 4º PEL / RESTINGA","-30.118774636846886","-51.10389232635499","DE ANIMAL",""
"PORTO ALEGRE","940227","09/09/2026 - 18:38","PONTA GROSSA","AV JUCA BATISTA ESQ PONTA GROSSA","ATENDIMENTO PRÉ-HOSPITALAR","AR-1628","1º BBM / 1ª CIA / 2º PEL / TERESÓPOLIS","-30.17870873036479","-51.176118850708015","",""
"PORTO ALEGRE","940231","09/09/2026 - 18:51","VILA IPIRANGA","DOUTOR DÁRIO DE BITTENCOURT","SALVAMENTO/BUSCA/RESGATE","ABT-0600","1º BBM / 2ª CIA / 2º PEL / PASSO D`AREIA","-30.02123775933338","-51.15638800372228","DE ANIMAL",""
"PORTO ALEGRE","940252","09/09/2026 - 19:53","MENINO DEUS","MUCIO TEIXEIRA","SALVAMENTO/BUSCA/RESGATE","ABT-1365","1º BBM / 1ª CIA / 1º PEL / AÇORIANOS","-30.04579392917192","-51.22369050979615","DE ANIMAL",""
"PORTO ALEGRE","940269","09/09/2026 - 21:15","VILA NOVA","CARLOS SUPERTI","ATENDIMENTO PRÉ-HOSPITALAR","AR-1628","1º BBM / 1ª CIA / 2º PEL / TERESÓPOLIS","-30.123656604305772","-51.217553615570075","",""
"PORTO ALEGRE","940282","09/09/2026 - 22:40","MENINO DEUS","MUCIO TEIXEIRA","SALVAMENTO/BUSCA/RESGATE","ABT-1365","1º BBM / 1ª CIA / 1º PEL / AÇORIANOS","-30.04579392917192","-51.22364759445191","DE ANIMAL",""
"PORTO ALEGRE","940287","09/09/2026 - 23:29","CIDADE BAIXA","RUA DA REPÚBLICA","SALVAMENTO/BUSCA/RESGATE","ABT-1365","1º BBM / 1ª CIA / 1º PEL / AÇORIANOS","-30.039468851015325","-51.22484922409058","DE ANIMAL",""
"PORTO ALEGRE","940298","10/09/2026 - 05:02","PROTÁSIO ALVES","JOÃO DALLEGRAVE","INCÊNDIO","ABT-0600","1º BBM / 2ª CIA / 2º PEL / PASSO D`AREIA","-30.036915228231365","-51.12259268760682","LIXO",""
"PORTO ALEGRE","940328","10/09/2026 - 09:26","PRAIA DE BELAS","EDVALDO PEREIRA PAIVA","AÇÕES PREVENTIVAS","ATP-10654","1º BBM / 1ª CIA / 1º PEL / AÇORIANOS","-30.042181012937505","-51.2349557876587","APOIO À PESSOA OU INSTITUIÇÃO",""
"PORTO ALEGRE","940335","10/09/2026 - 09:51","MÁRIO QUINTANA","DOIS IRMÃOS","AVERIGUAÇÃO/CORTE DE ÁRVORE","ABT-0600","1º BBM / 2ª CIA / 2º PEL / PASSO D`AREIA","-30.038894404652996","-51.10852718353272","EDIFICAÇÃO RESIDENCIAL",""
"PORTO ALEGRE","940341","10/09/2026 - 10:05","JARDIM CARVALHO","GAIVOTA","SALVAMENTO/BUSCA/RESGATE","ABT-1364","1º BBM / 2ª CIA / 3º PEL / PARTENON","-30.05728215060081","-51.152408184081175","DE ANIMAL",""
"PORTO ALEGRE","940345","10/09/2026 - 10:16","RIO BRANCO","VICENTE DA FONTOURA","ATENDIMENTO PRÉ-HOSPITALAR","AR-1628","1º BBM / 1ª CIA / 2º PEL / TERESÓPOLIS","-30.039473309793028","-51.19582321922016","",""
"PORTO ALEGRE","940361","10/09/2026 - 10:53","CENTRO","CORONEL VICENTE","INCÊNDIO","ABT-1365","1º BBM / 1ª CIA / 1º PEL / AÇORIANOS","-30.02713772997953","-51.22070802127368","EDIFICAÇÃO COMERCIAL | EDIFICAÇÃO MULTIFAMILIAR",""
"PORTO ALEGRE","940367","10/09/2026 - 11:11","NAVEGANTES","PERNAMBUCO","ATENDIMENTO PRÉ-HOSPITALAR","AR-1628","1º BBM / 1ª CIA / 2º PEL / TERESÓPOLIS","-30.00023332706478","-51.19740685105984","OCORRÊNCIA DE VULTO",""
"PORTO ALEGRE","940377","10/09/2026 - 12:17","PRAIA DE BELAS","AURELIANO DE FIGUEIREDO PINTO","AVERIGUAÇÃO/MANEJO DE INSETOS","ABT-1365","1º BBM / 1ª CIA / 1º PEL / AÇORIANOS","-30.042497671674642","-51.23090012170116","VISTORIA",""
"PORTO ALEGRE","940380","10/09/2026 - 12:28","PARTENON","PORTUGUESA","OCORRÊNCIA NÃO ATENDIDA","ABT-1365","1º BBM / 1ª CIA / 1º PEL / AÇORIANOS","-30.058473473476244","-51.1922548542146","",""
"PORTO ALEGRE","940384","10/09/2026 - 12:43","SÃO JOÃO","SOUZA REIS","INCÊNDIO","ABT-0597","1º BBM / 2ª CIA / 1º PEL / FLORESTA","-30.00288888118939","-51.190388202667236","EDIFICAÇÃO COMERCIAL",""
"PORTO ALEGRE","940423","10/09/2026 - 14:34","APARÍCIO BORGES","CORONEL APARICIO BORGES","AVERIGUAÇÃO/CORTE DE ÁRVORE","ABT-1364","1º BBM / 2ª CIA / 3º PEL / PARTENON","-30.069797890404413","-51.1883494948229","VISTORIA",""
"PORTO ALEGRE","940435","10/09/2026 - 14:54","RESTINGA","CAROLINA","OCORRÊNCIA NÃO ATENDIDA","ABT-0598","1º BBM / 1ª CIA / 4º PEL / RESTINGA","-30.1561114011684","-51.14189386367798","",""
"PORTO ALEGRE","940456","10/09/2026 - 15:35","CENTRO","CEL GENUINO","OCORRÊNCIA NÃO ATENDIDA","ABT-1365","1º BBM / 1ª CIA / 1º PEL / AÇORIANOS","-30.036443672663534","-51.227617146262304","",""
"PORTO ALEGRE","940508","10/09/2026 - 17:53","AZENHA","AVENIDA AZENHA","ATENDIMENTO PRÉ-HOSPITALAR","AR-1628","1º BBM / 1ª CIA / 2º PEL / TERESÓPOLIS","-30.05238457885841","-51.21364051065332","",""
"PORTO ALEGRE","940509","10/09/2026 - 17:53","PETRÓPOLIS","PROFESSOR CRISTIANO FISCHER","AÇÕES PREVENTIVAS","ABT-1364","1º BBM / 2ª CIA / 3º PEL / PARTENON","-30.041941464101303","-51.17167707288723","APOIO À PESSOA OU INSTITUIÇÃO",""
"PORTO ALEGRE","940522","10/09/2026 - 18:27","CAVALHADA","JOÃO VEDANA","INCÊNDIO","ABT-0594","1º BBM / 1ª CIA / 2º PEL / TERESÓPOLIS","-30.109511398377027","-51.22407674789429","TRANSFORMADOR/REDE ELÉTRICA",""
"PORTO ALEGRE","940527","10/09/2026 - 18:38","SANTANA","SANTA CECÍLIA","INCÊNDIO","ABT-0597","1º BBM / 2ª CIA / 1º PEL / FLORESTA","-30.045618760515204","-51.199336051940925","TRANSFORMADOR/REDE ELÉTRICA",""
"PORTO ALEGRE","940557","10/09/2026 - 20:26","SÃO JOSÉ","AV COMUNITARIA","AVERIGUAÇÃO/MANEJO DE INSETOS","ABT-1364","1º BBM / 2ª CIA / 3º PEL / PARTENON","-30.07815892119205","-51.1630781542814","REMOÇÃO",""
"PORTO ALEGRE","940567","10/09/2026 - 21:41","LAGEADO","JOHNSON FLAUDINEY PEREIRA DA SILVA","ATENDIMENTO PRÉ-HOSPITALAR","AR-1628","1º BBM / 1ª CIA / 2º PEL / TERESÓPOLIS","-30.19472308796346","-51.12922511822837","",""
"PORTO ALEGRE","940571","10/09/2026 - 21:56","ABERTA DOS MORROS","HORTÊNCIO RODRIGUES BARBOSA","INCÊNDIO","ABT-0599","1º BBM / 1ª CIA / 5º PEL / BELÉM NOVO","-30.160081965723748","-51.19727611541749","TRANSFORMADOR/REDE ELÉTRICA",""
"PORTO ALEGRE","940572","10/09/2026 - 21:59","PARTENON","MARIETA","OCORRÊNCIA NÃO ATENDIDA","ABT-1365","1º BBM / 1ª CIA / 1º PEL / AÇORIANOS","-30.066847349880415","-51.20270488572277","",""
"PORTO ALEGRE","940577","10/09/2026 - 22:47","NONOAI","RUA CACHOEIRA","INCÊNDIO","ABT-0594","1º BBM / 1ª CIA / 2º PEL / TERESÓPOLIS","-30.088943098902202","-51.22117996215821","LIXO",""
"PORTO ALEGRE","940580","10/09/2026 - 23:02","PASSO DAREIA","CARNEIRO DA FONTOURA","AÇÕES PREVENTIVAS","ABT-0600","1º BBM / 2ª CIA / 2º PEL / PASSO D`AREIA","-30.006019354254672","-51.168113052045115","RESGATE",""
"PORTO ALEGRE","940689","11/09/2026 - 12:18","CENTRO","PROFESSOR ANNES DIAS","ATENDIMENTO PRÉ-HOSPITALAR","AR-1628","1º BBM / 1ª CIA / 2º PEL / TERESÓPOLIS","-30.030448385092367","-51.22311784366746","",""
"PORTO ALEGRE","940696","11/09/2026 - 12:47","SARANDI","SENHOR DO BOM FIM","AVERIGUAÇÃO/CORTE DE ÁRVORE","ABT-0600","1º BBM / 2ª CIA / 2º PEL / PASSO D`AREIA","-29.99062310487094","-51.12052206172748","EDIFICAÇÃO RESIDENCIAL",""
"PORTO ALEGRE","940697","11/09/2026 - 12:50","SANTANA","LIVRAMENTO","ATENDIMENTO PRÉ-HOSPITALAR","ABT-1365","1º BBM / 1ª CIA / 1º PEL / AÇORIANOS","-30.045618858792107","-51.199572086334236","",""
"PORTO ALEGRE","940698","11/09/2026 - 12:53","CRISTAL","DIVISA","AVERIGUAÇÃO/CORTE DE ÁRVORE","ABT-0596","1º BBM / 1ª CIA / 3º PEL / ASSUNÇÃO","-30.084784123515757","-51.236347993059866","VISTORIA",""
"PORTO ALEGRE","940700","11/09/2026 - 13:08","SÃO JOÃO","DONA LEOPOLDINA","AVERIGUAÇÃO/MANEJO DE INSETOS","ABT-0597","1º BBM / 2ª CIA / 1º PEL / FLORESTA","-30.00864861268282","-51.19053851007646","VISTORIA",""
"PORTO ALEGRE","940724","11/09/2026 - 14:10","PARTENON","HUMBERTO DE CAMPOS","ATENDIMENTO PRÉ-HOSPITALAR","AR-1628","1º BBM / 1ª CIA / 2º PEL / TERESÓPOLIS","-30.067500293566596","-51.20088729957025","",""
"PORTO ALEGRE","940732","11/09/2026 - 14:43","SÃO JOSÉ","NOVE DE JUNHO","SALVAMENTO/BUSCA/RESGATE","ABT-1364","1º BBM / 2ª CIA / 3º PEL / PARTENON","-30.07381026249764","-51.16086245499101","DE ANIMAL",""
"PORTO ALEGRE","940736","11/09/2026 - 14:55","NAVEGANTES","PERNANBUCO","SALVAMENTO/BUSCA/RESGATE","ABT-0597","1º BBM / 2ª CIA / 1º PEL / FLORESTA","-30.009138479036118","-51.200816717737474","DESENCARCERAMENTO",""
"PORTO ALEGRE","940737","11/09/2026 - 14:57","JARDIM ITU SABARÁ","VINTE E QUATRO","AVERIGUAÇÃO/CORTE DE ÁRVORE","ABT-0600","1º BBM / 2ª CIA / 2º PEL / PASSO D`AREIA","-30.02732126660101","-51.13959789276124","EDIFICAÇÃO RESIDENCIAL",""
"PORTO ALEGRE","940771","11/09/2026 - 16:53","VILA NOVA","ACESSO J","ATENDIMENTO PRÉ-HOSPITALAR","AR-1628","1º BBM / 1ª CIA / 2º PEL / TERESÓPOLIS","-30.120789663704944","-51.20105379247787","",""
"PORTO ALEGRE","940786","11/09/2026 - 17:48","FLORESTA","ALMIRANTE TAMANDARÉ","INCÊNDIO","ABT-0597","1º BBM / 2ª CIA / 1º PEL / FLORESTA","-30.01346122170593","-51.21004334736486","EDIFICAÇÃO COMERCIAL",""
"PORTO ALEGRE","940796","11/09/2026 - 18:16","CASCATA","RUA DA GRUTA","INCÊNDIO","ABT-1364","1º BBM / 2ª CIA / 3º PEL / PARTENON","-30.084097473935564","-51.18867162248337","TRANSFORMADOR/REDE ELÉTRICA",""
"PORTO ALEGRE","940810","11/09/2026 - 19:43","CENTRO HISTÓRICO","LARGO JORNALISTA GLENIO PERES","AÇÕES PREVENTIVAS","AR-1628","1º BBM / 1ª CIA / 2º PEL / TERESÓPOLIS","-30.027788399375748","-51.226949100445864","APOIO À PESSOA OU INSTITUIÇÃO",""
"PORTO ALEGRE","940811","11/09/2026 - 20:02","VILA IPIRANGA","VIGIA","INCÊNDIO","ABT-0600","1º BBM / 2ª CIA / 2º PEL / PASSO D`AREIA","-30.02704267827995","-51.1500692875156","EDIFICAÇÃO COMERCIAL",""
"PORTO ALEGRE","940822","11/09/2026 - 20:47","BOM FIM","VASCO DA GAMA","INCÊNDIO","ABT-0597","1º BBM / 2ª CIA / 1º PEL / FLORESTA","-30.031593865250148","-51.21139479354533","CONTAINER",""
"PORTO ALEGRE","940823","11/09/2026 - 20:52","CIDADE BAIXA","LOUREIRO DA SILVA","AÇÕES PREVENTIVAS","ATP-10654","1º BBM / 2ª CIA / 1º PEL / FLORESTA","-30.036611328874276","-51.21611712685449","APOIO À PESSOA OU INSTITUIÇÃO",""
"PORTO ALEGRE","940851","12/09/2026 - 00:13","MOINHOS DE VENTO","RUA LARGO CAIXEIROS VIAJANTES","AÇÕES PREVENTIVAS","ABT-0597","1º BBM / 2ª CIA / 1º PEL / FLORESTA","-30.023921417214233","-51.205129671808486","APOIO À PESSOA OU INSTITUIÇÃO",""
"PORTO ALEGRE","940855","12/09/2026 - 00:45","CAMAQUÃ","COOPERCAM","INCÊNDIO","ABT-0596","1º BBM / 1ª CIA / 3º PEL / ASSUNÇÃO","-30.11265419957465","-51.2331855098628","EDIFICAÇÃO RESIDENCIAL UNIFAMILIAR",""
"PORTO ALEGRE","940875","12/09/2026 - 06:34","ANCHIETA","AV DOS ESTADOS","AÇÕES PREVENTIVAS","AR-1628","1º BBM / 1ª CIA / 2º PEL / TERESÓPOLIS","-29.980383723780463","-51.17932893201246","APOIO À PESSOA OU INSTITUIÇÃO",""
"PORTO ALEGRE","940909","12/09/2026 - 10:41","CRISTO REDENTOR","MUNICIPAL","SALVAMENTO/BUSCA/RESGATE","ABT-0600","1º BBM / 2ª CIA / 2º PEL / PASSO D`AREIA","-30.00528509029774","-51.161355972290046","DE ANIMAL",""
"PORTO ALEGRE","940923","12/09/2026 - 11:37","HUMAITÁ","RUA DONA TEODORA","AÇÕES PREVENTIVAS","ABT-0597","1º BBM / 2ª CIA / 1º PEL / FLORESTA","-29.992463557631538","-51.19551658630372","VISTORIA DE HIDRANTES",""
"PORTO ALEGRE","940924","12/09/2026 - 11:38","HUMAITÁ","AVENIDA FERROVIÁRIA DIRETOR PESTANA","AÇÕES PREVENTIVAS","ABT-0597","1º BBM / 2ª CIA / 1º PEL / FLORESTA","-29.991515743962303","-51.19057059288025","VISTORIA DE HIDRANTES",""
"PORTO ALEGRE","940931","12/09/2026 - 11:53","HIGIENÓPOLIS","PLÍNIO BRASIL MILANO","ATENDIMENTO PRÉ-HOSPITALAR","AR-1628","1º BBM / 1ª CIA / 2º PEL / TERESÓPOLIS","-30.0195079091499","-51.17894750049834","",""
"PORTO ALEGRE","940940","12/09/2026 - 12:26","CRISTAL","DIVISA","AVERIGUAÇÃO/CORTE DE ÁRVORE","ABT-0596","1º BBM / 1ª CIA / 3º PEL / ASSUNÇÃO","-30.084932814061048","-51.23568539430935","VISTORIA",""
"PORTO ALEGRE","940946","12/09/2026 - 13:11","BOA VISTA","FRANCISCO PETUCO","ATENDIMENTO PRÉ-HOSPITALAR","AR-1628","1º BBM / 1ª CIA / 2º PEL / TERESÓPOLIS","-30.01924013338071","-51.17552351469297","",""
"PORTO ALEGRE","940968","12/09/2026 - 15:08","HUMAITÁ","AV. PADRE LEOPOLDO BRENTANO","AÇÕES PREVENTIVAS","AR-1628","1º BBM / 1ª CIA / 2º PEL / TERESÓPOLIS","-29.973275960615034","-51.19566679000855","FESTAS E EVENTOS",""
"PORTO ALEGRE","940968","12/09/2026 - 15:08","HUMAITÁ","AV. PADRE LEOPOLDO BRENTANO","AÇÕES PREVENTIVAS","ABT-0597","1º BBM / 2ª CIA / 1º PEL / FLORESTA","-29.973964437987753","-51.19525909423829","APOIO À PESSOA OU INSTITUIÇÃO",""
"PORTO ALEGRE","940972","12/09/2026 - 15:19","CRISTAL","DIVISA","AVERIGUAÇÃO/CORTE DE ÁRVORE","ABT-0596","1º BBM / 1ª CIA / 3º PEL / ASSUNÇÃO","-30.08491422744812","-51.235771237210805","EDIFICAÇÃO RESIDENCIAL",""
"PORTO ALEGRE","940987","12/09/2026 - 16:20","SÃO JOÃO","CEARÁ","AVERIGUAÇÃO/MANEJO DE INSETOS","ABT-0600","1º BBM / 2ª CIA / 2º PEL / PASSO D`AREIA","-29.99908115717788","-51.19066715240479","VISTORIA",""
"PORTO ALEGRE","940992","12/09/2026 - 16:55","ABERTA DOS MORROS","ESTRADA CAMPO NOVO","PRODUTOS PERIGOSOS","ABT-0599","1º BBM / 1ª CIA / 5º PEL / BELÉM NOVO","-30.16002624828782","-51.19764084851001","EXPLOSIVO | QUÍMICO",""
"PORTO ALEGRE","941002","12/09/2026 - 17:36","HÍPICA","RUA FRANCISCO MATTOS TERRES","OCORRÊNCIA NÃO ATENDIDA","ABT-0599","1º BBM / 1ª CIA / 5º PEL / BELÉM NOVO","-30.15956242591587","-51.17729898886493","",""
"PORTO ALEGRE","941004","12/09/2026 - 17:40","CENTRO HISTÓRICO","RUA DOS ANDRADAS","SALVAMENTO/BUSCA/RESGATE","ABT-1365","1º BBM / 1ª CIA / 1º PEL / AÇORIANOS","-30.031436304916564","-51.23428525355324","DE ANIMAL",""
"PORTO ALEGRE","941015","12/09/2026 - 18:47","PASSO DAS PEDRAS","MANOEL ELIAS","ATENDIMENTO PRÉ-HOSPITALAR","AR-1628","1º BBM / 1ª CIA / 2º PEL / TERESÓPOLIS","-30.036972368564268","-51.12239449591401","",""
"PORTO ALEGRE","941025","12/09/2026 - 19:11","MENINO DEUS","JOSÉ DE ALENCAR","AÇÕES PREVENTIVAS","ABT-1365","1º BBM / 1ª CIA / 1º PEL / AÇORIANOS","-30.059511157294626","-51.2289474942792","VISTORIA DE HIDRANTES",""
"PORTO ALEGRE","941027","12/09/2026 - 19:13","MENINO DEUS","BARÃO DO TEFFÉ","AÇÕES PREVENTIVAS","ABT-1365","1º BBM / 1ª CIA / 1º PEL / AÇORIANOS","-30.060389233232694","-51.22017205996769","VISTORIA DE HIDRANTES",""
"PORTO ALEGRE","941028","12/09/2026 - 19:17","HÍPICA","JUCA BATISTA","AÇÕES PREVENTIVAS","ABT-0599","1º BBM / 1ª CIA / 5º PEL / BELÉM NOVO","-30.165424862399124","-51.18229864675446","APOIO À PESSOA OU INSTITUIÇÃO",""
"PORTO ALEGRE","941032","12/09/2026 - 19:41","PARTENON","OSWALDO PEREIRA DE FREITAS","AÇÕES PREVENTIVAS","ABT-1364","1º BBM / 2ª CIA / 3º PEL / PARTENON","-30.060867100894757","-51.16286949385145","VISTORIA ÁREA DE RISCO S/ INTERDIÇÃO",""
"PORTO ALEGRE","941033","12/09/2026 - 19:42","PETRÓPOLIS","PROFESSOR CRISTIANO FISCHER","AÇÕES PREVENTIVAS","ABT-1364","1º BBM / 2ª CIA / 3º PEL / PARTENON","-30.05764041559338","-51.169418691825506","VISTORIA ÁREA DE RISCO S/ INTERDIÇÃO",""
"PORTO ALEGRE","941046","12/09/2026 - 20:22","CRISTAL","CAPIVARI","AÇÕES PREVENTIVAS","ABT-0596","1º BBM / 1ª CIA / 3º PEL / ASSUNÇÃO","-30.08339170468451","-51.23847489779132","VISTORIA DE HIDRANTES",""
"PORTO ALEGRE","941048","12/09/2026 - 20:23","CRISTAL","ICARAÍ","AÇÕES PREVENTIVAS","ABT-0596","1º BBM / 1ª CIA / 3º PEL / ASSUNÇÃO","-30.093287359534475","-51.23933324436821","VISTORIA DE HIDRANTES",""
"PORTO ALEGRE","941049","12/09/2026 - 20:25","JARDIM BOTÂNICO","IPIRANGA","ATENDIMENTO PRÉ-HOSPITALAR","AR-1628","1º BBM / 1ª CIA / 2º PEL / TERESÓPOLIS","-30.057251848634184","-51.17448831232802","",""
"PORTO ALEGRE","941057","12/09/2026 - 21:06","IPANEMA","AVENIDA JUCA BATISTA","AÇÕES PREVENTIVAS","ABT-0599","1º BBM / 1ª CIA / 5º PEL / BELÉM NOVO","-30.144663290935462","-51.21405598796694","INSPEÇÃO/REMOÇÃO DE FONTE DE PERIGO",""
"PORTO ALEGRE","941077","12/09/2026 - 23:48","CHAPÉU DO SOL","EST. CHAPÉU DO SOL","AÇÕES PREVENTIVAS","ABT-0599","1º BBM / 1ª CIA / 5º PEL / BELÉM NOVO","-30.180265331151055","-51.16968156935806","VISTORIA DE HIDRANTES",""
"PORTO ALEGRE","941078","12/09/2026 - 23:49","BELÉM NOVO","INÁCIO ANTÔNIO DA SILVA","AÇÕES PREVENTIVAS","ABT-0599","1º BBM / 1ª CIA / 5º PEL / BELÉM NOVO","-30.21145989822244","-51.182856640896574","VISTORIA DE HIDRANTES",""
"PORTO ALEGRE","941095","13/09/2026 - 02:19","RUBEM BERTA","REVERENDO OLAVO NUNES","INCÊNDIO","ABT-0600","1º BBM / 2ª CIA / 2º PEL / PASSO D`AREIA","-30.013435258351393","-51.105361136310755","EDIFICAÇÃO MULTIFAMILIAR",""
"PORTO ALEGRE","941098","13/09/2026 - 03:29","CASCATA","FRANCISCO MARTINS","ATENDIMENTO PRÉ-HOSPITALAR","AR-1628","1º BBM / 1ª CIA / 2º PEL / TERESÓPOLIS","-30.09073150261344","-51.17949185507911","",""
"PORTO ALEGRE","941101","13/09/2026 - 03:46","CENTRO HISTÓRICO","PRAÇA DOM FELICIANO","ATENDIMENTO PRÉ-HOSPITALAR","ABT-1365","1º BBM / 1ª CIA / 1º PEL / AÇORIANOS","-30.029941189195203","-51.22310036331865","",""
"PORTO ALEGRE","941111","13/09/2026 - 06:52","CAVALHADA","DA CAVALHADA","ATENDIMENTO PRÉ-HOSPITALAR","AR-1628","1º BBM / 1ª CIA / 2º PEL / TERESÓPOLIS","-30.10761279058752","-51.22717824579873","",""
"PORTO ALEGRE","941126","13/09/2026 - 09:24","CRISTAL","DIVISA","AVERIGUAÇÃO/CORTE DE ÁRVORE","ABT-0596","1º BBM / 1ª CIA / 3º PEL / ASSUNÇÃO","-30.085025747073196","-51.23521325835144","EDIFICAÇÃO RESIDENCIAL",""
"PORTO ALEGRE","941140","13/09/2026 - 10:54","PASSO DAREIA","BRASILIANO ÍNDIO DE MORAES","SALVAMENTO/BUSCA/RESGATE","ABT-0597","1º BBM / 2ª CIA / 1º PEL / FLORESTA","-30.00925962966226","-51.17783462101519","DE ANIMAL",""
"PORTO ALEGRE","941166","13/09/2026 - 13:44","PETRÓPOLIS","IGUAÇU","INCÊNDIO","ABT-0597","1º BBM / 2ª CIA / 1º PEL / FLORESTA","-30.04039919387603","-51.17837188899646","CONTAINER",""
"PORTO ALEGRE","941175","13/09/2026 - 14:27","SANTA TEREZA","PADRE NÓBREGA","ATENDIMENTO PRÉ-HOSPITALAR","AR-1628","1º BBM / 1ª CIA / 2º PEL / TERESÓPOLIS","-30.083948170596262","-51.22748851776124","",""
"PORTO ALEGRE","941177","13/09/2026 - 14:37","TERESÓPOLIS","PROFESSOR CARVALHO DE FREITAS","AVERIGUAÇÃO/MANEJO DE INSETOS","ABT-0594","1º BBM / 1ª CIA / 2º PEL / TERESÓPOLIS","-30.078782811880313","-51.20397090911866","VISTORIA",""
"PORTO ALEGRE","941183","13/09/2026 - 14:57","VILA ASSUNÇÃO","GUAÍBA","SALVAMENTO/BUSCA/RESGATE","ABT-0596","1º BBM / 1ª CIA / 3º PEL / ASSUNÇÃO","-30.099341084546015","-51.26469629830377","REMOÇÃO DE FONTE DE PERIGO",""
"PORTO ALEGRE","941192","13/09/2026 - 15:39","NAVEGANTES","PRESIDENTE FRANKLIN ROOSEVELT","SALVAMENTO/BUSCA/RESGATE","ABT-0597","1º BBM / 2ª CIA / 1º PEL / FLORESTA","-30.007618634867505","-51.20240459930153","SUICÍDIO/TENTATIVA",""
"PORTO ALEGRE","941204","13/09/2026 - 16:25","TERESÓPOLIS","ARNALDO BOHRER","AÇÕES PREVENTIVAS","ABT-0594","1º BBM / 1ª CIA / 2º PEL / TERESÓPOLIS","-30.08095997358564","-51.20661020278931","VISTORIA DE HIDRANTES",""
"PORTO ALEGRE","941205","13/09/2026 - 16:26","TERESÓPOLIS","CARLOS FERREIRA","AÇÕES PREVENTIVAS","ABT-0594","1º BBM / 1ª CIA / 2º PEL / TERESÓPOLIS","-30.08010432262547","-51.20210409164429","VISTORIA DE HIDRANTES",""
"PORTO ALEGRE","941208","13/09/2026 - 16:46","PASSO DAREIA","BRASILIANO ÍNDIO DE MORAES","AÇÕES PREVENTIVAS","ABT-0597","1º BBM / 2ª CIA / 1º PEL / FLORESTA","-30.00888761258831","-51.17802770895294","VISTORIA DE HIDRANTES",""
"PORTO ALEGRE","941210","13/09/2026 - 16:47","PASSO DAREIA","ASSIS BRASIL","AÇÕES PREVENTIVAS","ABT-0597","1º BBM / 2ª CIA / 1º PEL / FLORESTA","-30.011399035040935","-51.16577603496737","VISTORIA DE HIDRANTES",""
"PORTO ALEGRE","941212","13/09/2026 - 16:49","LAGEADO","AV. DO LAMI","AÇÕES PREVENTIVAS","ABT-0599","1º BBM / 1ª CIA / 5º PEL / BELÉM NOVO","-30.211662538517626","-51.135199069976814","VISTORIA DE HIDRANTES",""
"PORTO ALEGRE","941214","13/09/2026 - 16:49","BOA VISTA","AV DO LAMI","AÇÕES PREVENTIVAS","ABT-0599","1º BBM / 1ª CIA / 5º PEL / BELÉM NOVO","-30.213718665393856","-51.12833261489869","VISTORIA DE HIDRANTES",""
"PORTO ALEGRE","941236","13/09/2026 - 18:19","CENTRO","GENERAL PORTINHO","OCORRÊNCIA NÃO ATENDIDA","AR-1628","1º BBM / 1ª CIA / 2º PEL / TERESÓPOLIS","-30.032689173109766","-51.237273216247566","",""
"PORTO ALEGRE","941245","13/09/2026 - 18:48","HÍPICA","DORIVAL CASTILHOS MACHADO","ATENDIMENTO PRÉ-HOSPITALAR","AR-1628","1º BBM / 1ª CIA / 2º PEL / TERESÓPOLIS","-30.158891298076227","-51.191332340240486","",""
"PORTO ALEGRE","941254","13/09/2026 - 19:15","TERESÓPOLIS","PROFESSOR CARVALHO DE FREITAS","AVERIGUAÇÃO/MANEJO DE INSETOS","ABT-0594","1º BBM / 1ª CIA / 2º PEL / TERESÓPOLIS","-30.07874563633724","-51.203863620758064","EXTERMÍNIO",""
"PORTO ALEGRE","941269","13/09/2026 - 20:11","SANTA TEREZA","CRUZEIRO DO SUL","ATENDIMENTO PRÉ-HOSPITALAR","AR-1628","1º BBM / 1ª CIA / 2º PEL / TERESÓPOLIS","-30.08125601514816","-51.22873306274415","",""
"PORTO ALEGRE","941272","13/09/2026 - 20:33","CRISTAL","DIÁRIO DE NOTÍCIAS","AÇÕES PREVENTIVAS","ABT-0596","1º BBM / 1ª CIA / 3º PEL / ASSUNÇÃO","-30.090723985439674","-51.248817398049056","VISTORIA DE HIDRANTES",""
"PORTO ALEGRE","941273","13/09/2026 - 20:36","CRISTAL","DIÁRIO DE NOTÍCIAS","AÇÕES PREVENTIVAS","ABT-0596","1º BBM / 1ª CIA / 3º PEL / ASSUNÇÃO","-30.080798818253896","-51.24673570768917","VISTORIA DE HIDRANTES",""
"PORTO ALEGRE","941286","13/09/2026 - 21:34","HIGIENÓPOLIS","LUZITANA","AÇÕES PREVENTIVAS","ABT-0597","1º BBM / 2ª CIA / 1º PEL / FLORESTA","-30.015829835456653","-51.18410609428693","INSPEÇÃO/REMOÇÃO DE FONTE DE PERIGO",""
"PORTO ALEGRE","941287","13/09/2026 - 21:41","MEDIANEIRA","CUIABÁ","ATENDIMENTO PRÉ-HOSPITALAR","AR-1628","1º BBM / 1ª CIA / 2º PEL / TERESÓPOLIS","-30.06227873956695","-51.20641708374024","",""
"PORTO ALEGRE","941308","14/09/2026 - 02:55","FARROUPILHA","JOÃO PESSOA","AÇÕES PREVENTIVAS","ABT-1365","1º BBM / 1ª CIA / 1º PEL / AÇORIANOS","-30.034915312921807","-51.221780776977546","ACIDENTES DOMÉSTICOS",""
"PORTO ALEGRE","941309","14/09/2026 - 03:19","AUXILIADORA","RUA CORONEL BORDINI","INCÊNDIO","ABT-0597","1º BBM / 2ª CIA / 1º PEL / FLORESTA","-30.02108494193809","-51.19713305700318","CONTAINER",""
"PORTO ALEGRE","941310","14/09/2026 - 03:22","HÍPICA","EST. GEDEON LEITE","ATENDIMENTO PRÉ-HOSPITALAR","AR-1628","1º BBM / 1ª CIA / 2º PEL / TERESÓPOLIS","-30.137941583441965","-51.17268562316895","",""
"PORTO ALEGRE","941313","14/09/2026 - 06:27","RESTINGA","CHAPATRAL","INCÊNDIO","ABT-0598","1º BBM / 1ª CIA / 4º PEL / RESTINGA","-30.14508993461177","-51.14174365997315","TRANSFORMADOR/REDE ELÉTRICA",""
"PORTO ALEGRE","941332","14/09/2026 - 09:00","JARDIM ITU SABARÁ","BARTOLOMEU DIAS","SALVAMENTO/BUSCA/RESGATE","ABT-0600","1º BBM / 2ª CIA / 2º PEL / PASSO D`AREIA","-30.02585467342674","-51.144876480102546","DE ANIMAL",""
"PORTO ALEGRE","941341","14/09/2026 - 09:27","JARDIM BOTÂNICO","IPIRANGA","ATENDIMENTO PRÉ-HOSPITALAR","AR-1628","1º BBM / 1ª CIA / 2º PEL / TERESÓPOLIS","-30.055594454723913","-51.17099168451105","",""
"PORTO ALEGRE","941377","14/09/2026 - 11:25","PRAIA DE BELAS","EDVALDO PEREIRA PAIVA","AÇÕES PREVENTIVAS","ATP-10654","1º BBM / 1ª CIA / 1º PEL / AÇORIANOS","-30.04098739736336","-51.235123711393875","FESTAS E EVENTOS",""
"PORTO ALEGRE","941385","14/09/2026 - 12:13","RESTINGA","JACQUES YVES COSTEAU","AVERIGUAÇÃO/MANEJO DE INSETOS","ABT-0598","1º BBM / 1ª CIA / 4º PEL / RESTINGA","-30.159157735432924","-51.13032817840577","VISTORIA",""
"PORTO ALEGRE","941388","14/09/2026 - 12:16","TRISTEZA","DOUTOR MÁRIO TOTTA","ATENDIMENTO PRÉ-HOSPITALAR","AR-1628","1º BBM / 1ª CIA / 2º PEL / TERESÓPOLIS","-30.115161483534852","-51.25614019109202","",""
"PORTO ALEGRE","941405","14/09/2026 - 13:36","CRISTAL","DIVISA","AVERIGUAÇÃO/CORTE DE ÁRVORE","ABT-0596","1º BBM / 1ª CIA / 3º PEL / ASSUNÇÃO","-30.084932814061048","-51.235513708506474","EDIFICAÇÃO RESIDENCIAL",""
"PORTO ALEGRE","941407","14/09/2026 - 13:43","RESTINGA","RUA DO CEDRO","AVERIGUAÇÃO/MANEJO DE INSETOS","ABT-0598","1º BBM / 1ª CIA / 4º PEL / RESTINGA","-30.146735758926347","-51.157107353210456","VISTORIA",""
"PORTO ALEGRE","941412","14/09/2026 - 13:47","CIDADE BAIXA","LOUREIRO DA SILVA","PRODUTOS PERIGOSOS","ABT-1365","1º BBM / 1ª CIA / 1º PEL / AÇORIANOS","-30.035421197670747","-51.224291324615486","EXPLOSIVO",""
"PORTO ALEGRE","941426","14/09/2026 - 14:16","SÃO GERALDO","SÃO PEDRO","INCÊNDIO","ABT-0597","1º BBM / 2ª CIA / 1º PEL / FLORESTA","-30.011367103659495","-51.19929313659668","CONTAINER",""
"PORTO ALEGRE","941431","14/09/2026 - 14:29","MENINO DEUS","MUCIO TEIXEIRA","AVERIGUAÇÃO/MANEJO DE INSETOS","ABT-1365","1º BBM / 1ª CIA / 1º PEL / AÇORIANOS","-30.044845632494074","-51.22356176376343","VISTORIA",""
"PORTO ALEGRE","941437","14/09/2026 - 14:46","PASSO DAREIA","MARECHAL JOSÉ INÁCIO DA SILVA","ATENDIMENTO PRÉ-HOSPITALAR","AR-1628","1º BBM / 1ª CIA / 2º PEL / TERESÓPOLIS","-30.008495261728296","-51.17895861483722","",""
"PORTO ALEGRE","941504","14/09/2026 - 17:29","SÃO JOÃO","SOUZA REIS","ATENDIMENTO PRÉ-HOSPITALAR","AR-1628","1º BBM / 1ª CIA / 2º PEL / TERESÓPOLIS","-30.002236453127498","-51.190302670256926","",""
"PORTO ALEGRE","941518","14/09/2026 - 18:33","RESTINGA","JACQUES YVES COSTEAU","AVERIGUAÇÃO/MANEJO DE INSETOS","ABT-0598","1º BBM / 1ª CIA / 4º PEL / RESTINGA","-30.159120590130968","-51.13004922866822","EXTERMÍNIO",""
"PORTO ALEGRE","941526","14/09/2026 - 18:53","BOA VISTA","ATANÁSIO BELMONTE","SALVAMENTO/BUSCA/RESGATE","ABT-0600","1º BBM / 2ª CIA / 2º PEL / PASSO D`AREIA","-30.01868228566155","-51.17279291152955","SUICÍDIO/TENTATIVA",""
"PORTO ALEGRE","941526","14/09/2026 - 18:53","BOA VISTA","ATANÁSIO BELMONTE","SALVAMENTO/BUSCA/RESGATE","ABTS-866","BBS / 1ª CIA / 1º PEL / TERRESTRE","-30.01862462223702","-51.1732038438513","SUICÍDIO/TENTATIVA",""
"PORTO ALEGRE","941534","14/09/2026 - 19:12","CRISTAL","DIVISA","AVERIGUAÇÃO/MANEJO DE INSETOS","ABT-0596","1º BBM / 1ª CIA / 3º PEL / ASSUNÇÃO","-30.084969987276377","-51.23529910125289","VISTORIA",""
"PORTO ALEGRE","941537","14/09/2026 - 19:37","SÃO JOÃO","BENJAMIN CONSTANT","OCORRÊNCIA NÃO ATENDIDA","ABT-0597","1º BBM / 2ª CIA / 1º PEL / FLORESTA","-30.01230982207037","-51.19399309158326","",""
"PORTO ALEGRE","941546","14/09/2026 - 20:38","CENTRO","DUQUE DE CAXIAS","OCORRÊNCIA NÃO ATENDIDA","ABT-1365","1º BBM / 1ª CIA / 1º PEL / AÇORIANOS","-30.033507431998586","-51.227531433105476","",""
"PORTO ALEGRE","941547","14/09/2026 - 20:40","AGRONOMIA","RUA LICERIO PIRES BARRETO","INCÊNDIO","ABT-1364","1º BBM / 2ª CIA / 3º PEL / PARTENON","-30.088888127182383","-51.13075733184815","TRANSFORMADOR/REDE ELÉTRICA",""
"PORTO ALEGRE","941552","14/09/2026 - 21:17","PASSO DAREIA","NOVO HAMBURGO","INCÊNDIO","ABT-0597","1º BBM / 2ª CIA / 1º PEL / FLORESTA","-30.013702884175576","-51.177363395690925","TRANSFORMADOR/REDE ELÉTRICA",""
"PORTO ALEGRE","941556","14/09/2026 - 21:47","JARDIM CARVALHO","ANTONIO DE CARVALHO","PRODUTOS PERIGOSOS","ABT-1364","1º BBM / 2ª CIA / 3º PEL / PARTENON","-30.06223670375739","-51.1489748954773","EXPLOSIVO",""
"PORTO ALEGRE","941576","15/09/2026 - 01:22","PETRÓPOLIS","TAQUARA","INCÊNDIO","ABT-0597","1º BBM / 2ª CIA / 1º PEL / FLORESTA","-30.042758152766115","-51.186118125915534","CONTAINER",""
"PORTO ALEGRE","941580","15/09/2026 - 03:29","PETRÓPOLIS","CAÇAPAVA","INCÊNDIO","ABT-0597","1º BBM / 2ª CIA / 1º PEL / FLORESTA","-30.042368099229403","-51.181118488311775","CONTAINER",""
"PORTO ALEGRE","941584","15/09/2026 - 04:51","PETRÓPOLIS","PALMEIRA","INCÊNDIO","ABT-0597","1º BBM / 2ª CIA / 1º PEL / FLORESTA","-30.037594339881213","-51.18023872375489","CONTAINER",""
"PORTO ALEGRE","941588","15/09/2026 - 05:57","CENTRO","DEMÉTRIO RIBEIRO","INCÊNDIO","ABT-1365","1º BBM / 1ª CIA / 1º PEL / AÇORIANOS","-30.03540220861043","-51.23712301254273","CONTAINER",""
"PORTO ALEGRE","941612","15/09/2026 - 09:05","BELÉM VELHO","ESPERANÇA","AVERIGUAÇÃO/MANEJO DE INSETOS","ABT-0599","1º BBM / 1ª CIA / 5º PEL / BELÉM NOVO","-30.111998996801812","-51.16624832153321","VISTORIA",""
"PORTO ALEGRE","941613","15/09/2026 - 09:14","CRISTAL","DIVISA","AVERIGUAÇÃO/CORTE DE ÁRVORE","ABT-0596","1º BBM / 1ª CIA / 3º PEL / ASSUNÇÃO","-30.085248785946078","-51.23572831576006","EDIFICAÇÃO RESIDENCIAL",""
"PORTO ALEGRE","941625","15/09/2026 - 09:47","CRISTAL","DOUTOR CAMPOS VELHO","ATENDIMENTO PRÉ-HOSPITALAR","AR-1628","1º BBM / 1ª CIA / 2º PEL / TERESÓPOLIS","-30.092256886254475","-51.23969793319703","",""
"PORTO ALEGRE","941631","15/09/2026 - 10:12","PRAIA DE BELAS","EDVALDO PEREIRA PAIVA","AÇÕES PREVENTIVAS","ATP-10654","1º BBM / ESTADO MAIOR","-30.0405884993352","-51.23669928678349","FESTAS E EVENTOS",""
"PORTO ALEGRE","941634","15/09/2026 - 10:14","BOM JESUS","PROTASIO ALVES","ATENDIMENTO PRÉ-HOSPITALAR","AR-1628","1º BBM / 1ª CIA / 2º PEL / TERESÓPOLIS","-30.03923709934203","-51.12382650375367","OCORRÊNCIA DE VULTO",""
"PORTO ALEGRE","941667","15/09/2026 - 12:06","VILA NOVA","RUA MONTE CRISTO","ATENDIMENTO PRÉ-HOSPITALAR","AR-1628","1º BBM / 1ª CIA / 2º PEL / TERESÓPOLIS","-30.12236397721319","-51.2199354171753","",""
"PORTO ALEGRE","941669","15/09/2026 - 12:11","FLORESTA","RAMIRO BARCELOS","INCÊNDIO","ABT-0597","1º BBM / 2ª CIA / 1º PEL / FLORESTA","-30.023198999700842","-51.21118105682968","LIXO",""
"PORTO ALEGRE","941675","15/09/2026 - 12:26","INDEPENDÊNCIA","MOSTARDEIRO","PRODUTOS PERIGOSOS","ABT-0597","1º BBM / 2ª CIA / 1º PEL / FLORESTA","-30.028473887767678","-51.20219149518266","EXPLOSIVO",""
"PORTO ALEGRE","941681","15/09/2026 - 12:44","JARDIM DO SALSO","JOAQUIM PORTO VILLANOVA","AVERIGUAÇÃO/MANEJO DE INSETOS","ABT-1364","1º BBM / 2ª CIA / 3º PEL / PARTENON","-30.051727486291362","-51.15951062164751","EVENTO EXTREMO",""
"PORTO ALEGRE","941682","15/09/2026 - 12:46","MENINO DEUS","CORONEL ANDRÉ BELO","INCÊNDIO","ABT-1365","1º BBM / 1ª CIA / 1º PEL / AÇORIANOS","-30.046119961795664","-51.225036978721626","TRANSFORMADOR/REDE ELÉTRICA",""
"PORTO ALEGRE","941689","15/09/2026 - 13:34","SÃO GERALDO","ERNESTO DA FONTOURA","INCÊNDIO","ABT-0597","1º BBM / 2ª CIA / 1º PEL / FLORESTA","-30.00931657268202","-51.19671821594239","LIXO",""
"PORTO ALEGRE","941691","15/09/2026 - 13:35","PARTENON","AV. IPIRANGA","ATENDIMENTO PRÉ-HOSPITALAR","AR-1628","1º BBM / 1ª CIA / 2º PEL / TERESÓPOLIS","-30.0558810337982","-51.16926312446594","",""
"PORTO ALEGRE","941701","15/09/2026 - 13:49","PARTENON","AVENIDA BENTO GONÇALVES 3850","ATENDIMENTO PRÉ-HOSPITALAR","AR-1628","1º BBM / 1ª CIA / 2º PEL / TERESÓPOLIS","-30.062278464437814","-51.16171002388001","",""
"PORTO ALEGRE","941707","15/09/2026 - 13:59","ABERTA DOS MORROS","HOMERO SÓ JOBIM","INCÊNDIO","ABT-0599","1º BBM / 1ª CIA / 5º PEL / BELÉM NOVO","-30.16010053819538","-51.19800567626954","VEGETAÇÃO",""
"PORTO ALEGRE","941719","15/09/2026 - 14:15","RESTINGA","CINCO","ATENDIMENTO PRÉ-HOSPITALAR","AR-1628","1º BBM / 1ª CIA / 2º PEL / TERESÓPOLIS","-30.153801560419982","-51.139168739318855","",""
"PORTO ALEGRE","941735","15/09/2026 - 15:10","INDEPENDÊNCIA","CASTRO ALVES","INCÊNDIO","ABT-1365","1º BBM / 1ª CIA / 1º PEL / AÇORIANOS","-30.031106626507874","-51.20372951030732","EDIFICAÇÃO COMERCIAL | EDIFICAÇÃO RESIDENCIAL UNIFAMILIAR",""
"PORTO ALEGRE","941735","15/09/2026 - 15:10","INDEPENDÊNCIA","CASTRO ALVES","INCÊNDIO","AT-1590","1º BBM / 1ª CIA / 1º PEL / AÇORIANOS","-30.030293822670025","-51.209335327148445","EDIFICAÇÃO COMERCIAL",""
"PORTO ALEGRE","941735","15/09/2026 - 15:10","INDEPENDÊNCIA","CASTRO ALVES","INCÊNDIO","ABT-0597","1º BBM / 2ª CIA / 1º PEL / FLORESTA","-30.03090751755824","-51.20474338531495","EDIFICAÇÃO COMERCIAL",""
"PORTO ALEGRE","941756","15/09/2026 - 15:57","LOMBA DO PINHEIRO","ERNESTO LISCANO","ATENDIMENTO PRÉ-HOSPITALAR","AR-1628","1º BBM / 1ª CIA / 2º PEL / TERESÓPOLIS","-30.089437567951993","-51.12521320581436","",""
"PORTO ALEGRE","941768","15/09/2026 - 16:33","BOA VISTA","ERASTO ROXO DE ARAÚJO CORRÊA","SALVAMENTO/BUSCA/RESGATE","ABT-0600","1º BBM / 2ª CIA / 2º PEL / PASSO D`AREIA","-30.02330693201184","-51.171720027923584","DE ANIMAL",""
"PORTO ALEGRE","941780","15/09/2026 - 16:59","SÃO JOSÉ","SANTA MARIA","AVERIGUAÇÃO/MANEJO DE INSETOS","ABT-1364","1º BBM / 2ª CIA / 3º PEL / PARTENON","-30.066735691817424","-51.166870594024665","VISTORIA",""
"PORTO ALEGRE","941807","15/09/2026 - 18:08","INDEPENDÊNCIA","CASTRO ALVES","INCÊNDIO","AEM-0482","1º BBM / 1ª CIA / 1º PEL / AÇORIANOS","-30.031074888231952","-51.203563213348396","EDIFICAÇÃO COMERCIAL",""
"PORTO ALEGRE","941813","15/09/2026 - 18:24","CENTRO HISTÓRICO","RUA DOS ANDRADAS","ATENDIMENTO PRÉ-HOSPITALAR","AR-1628","1º BBM / 1ª CIA / 2º PEL / TERESÓPOLIS","-30.032709971221163","-51.23814225196839","",""
"PORTO ALEGRE","941820","15/09/2026 - 18:55","AZENHA","AVENIDA BENTO GONÇALVES","PRODUTOS PERIGOSOS","ABT-1365","1º BBM / 1ª CIA / 1º PEL / AÇORIANOS","-30.059018287772528","-51.19294166564942","EXPLOSIVO",""
"PORTO ALEGRE","941830","15/09/2026 - 19:20","PARTENON","FREI GERMANO","ATENDIMENTO PRÉ-HOSPITALAR","AR-1628","1º BBM / 1ª CIA / 2º PEL / TERESÓPOLIS","-30.060291501219076","-51.16746068000794","",""
"PORTO ALEGRE","941849","15/09/2026 - 20:30","FLORESTA","DOUTOR TIMÓTEO","INCÊNDIO","ABT-0597","1º BBM / 2ª CIA / 1º PEL / FLORESTA","-30.023334200168772","-51.19972229003907","TRANSFORMADOR/REDE ELÉTRICA",""
"PORTO ALEGRE","941853","15/09/2026 - 20:35","CRISTAL","R. CURUPAITI","ATENDIMENTO PRÉ-HOSPITALAR","AR-1628","1º BBM / 1ª CIA / 2º PEL / TERESÓPOLIS","-30.08727796090966","-51.23971939086915","",""
"PORTO ALEGRE","941858","15/09/2026 - 20:50","CORONEL APARÍCIO BORGES","DOUTOR MANOEL JOSÉ LOPES FERNANDEZ","INCÊNDIO","ABT-1364","1º BBM / 2ª CIA / 3º PEL / PARTENON","-30.06918693198019","-51.1829209113971","EDIFICAÇÃO RESIDENCIAL UNIFAMILIAR",""
"PORTO ALEGRE","941861","15/09/2026 - 20:52","INDEPENDÊNCIA","CASTRO ALVES","INCÊNDIO","ABT-0597","1º BBM / 2ª CIA / 1º PEL / FLORESTA","-30.030870324036815","-51.20493650436402","EDIFICAÇÃO COMERCIAL",""
"PORTO ALEGRE","941878","15/09/2026 - 21:53","LOMBA DO PINHEIRO","TANAUI DA SILVA BOEIRA","INCÊNDIO","ABT-0598","1º BBM / 1ª CIA / 4º PEL / RESTINGA","-30.122059868793965","-51.101746559143066","TRANSFORMADOR/REDE ELÉTRICA",""
"PORTO ALEGRE","941881","15/09/2026 - 22:20","LOMBA DO PINHEIRO","SÃO PAULO","INCÊNDIO","ABT-0598","1º BBM / 1ª CIA / 4º PEL / RESTINGA","-30.111591498826062","-51.10910654067994","TRANSFORMADOR/REDE ELÉTRICA",""
"PORTO ALEGRE","941912","16/09/2026 - 08:07","FLORESTA","DOUTOR TIMÓTEO","INCÊNDIO","ABT-0597","1º BBM / 2ª CIA / 1º PEL / FLORESTA","-30.02330837700807","-51.19974374771119","TRANSFORMADOR/REDE ELÉTRICA",""
"PORTO ALEGRE","941933","16/09/2026 - 09:02","ABERTA DOS MORROS","ESTRADA CAMPO NOVO","AVERIGUAÇÃO/MANEJO DE INSETOS","ABT-0599","1º BBM / 1ª CIA / 5º PEL / BELÉM NOVO","-30.16002624828782","-51.19757649577942","VISTORIA",""
"PORTO ALEGRE","941935","16/09/2026 - 09:11","PETRÓPOLIS","AVENIDA PROTÁSIO ALVES","ATENDIMENTO PRÉ-HOSPITALAR","ABT-0600","1º BBM / 2ª CIA / 2º PEL / PASSO D`AREIA","-30.038178150448175","-51.11464262008668","DESENCARCERAMENTO",""
"PORTO ALEGRE","941953","16/09/2026 - 10:16","CRISTAL","DIVISA","AVERIGUAÇÃO/CORTE DE ÁRVORE","ABT-0596","1º BBM / 1ª CIA / 3º PEL / ASSUNÇÃO","-30.084951400670434","-51.23583561938687","EDIFICAÇÃO RESIDENCIAL",""
"PORTO ALEGRE","941964","16/09/2026 - 10:34","RESTINGA","RUA VALTER DE AZEREDO","INCÊNDIO","ABT-0598","1º BBM / 1ª CIA / 4º PEL / RESTINGA","-30.144477733348484","-51.125457286834724","TERRENO BALDIO | VEGETAÇÃO",""
"PORTO ALEGRE","941982","16/09/2026 - 11:33","CENTRO","VOLUNTÁRIOS DA PÁTRIA","SALVAMENTO/BUSCA/RESGATE","ABT-1365","1º BBM / 1ª CIA / 1º PEL / AÇORIANOS","-30.027024375697618","-51.22435552479121","ELEVADORES",""
"PORTO ALEGRE","941995","16/09/2026 - 12:10","AUXILIADORA","CARLOS GOMES","ATENDIMENTO PRÉ-HOSPITALAR","AR-1628","1º BBM / 1ª CIA / 2º PEL / TERESÓPOLIS","-30.036047780970808","-51.17478089004645","",""
"PORTO ALEGRE","941999","16/09/2026 - 12:31","CENTRO","LOUREIRO DA SILVA","AÇÕES PREVENTIVAS","ATP-10654","1º BBM / 2ª CIA / 3º PEL / PARTENON","-30.03717316854649","-51.23414039611817","APOIO À PESSOA OU INSTITUIÇÃO",""
"PORTO ALEGRE","942002","16/09/2026 - 12:49","RESTINGA","CHACARA DOS PINHEIROS","INCÊNDIO","ABT-0598","1º BBM / 1ª CIA / 4º PEL / RESTINGA","-30.152159505955012","-51.14305257797242","TERRENO BALDIO | VEGETAÇÃO",""
"PORTO ALEGRE","942006","16/09/2026 - 13:03","BELÉM NOVO","ARTHUR","AÇÕES PREVENTIVAS","ABT-0599","1º BBM / 1ª CIA / 5º PEL / BELÉM NOVO","-30.210903582044953","-51.17972369229053","INSPEÇÃO/REMOÇÃO DE FONTE DE PERIGO",""
"PORTO ALEGRE","942027","16/09/2026 - 14:10","LAMI","AVENIDA BEIRA RIO","AVERIGUAÇÃO/CORTE DE ÁRVORE","ABT-0599","1º BBM / 1ª CIA / 5º PEL / BELÉM NOVO","-30.241050320251166","-51.0851812159813","EDIFICAÇÃO RESIDENCIAL",""
"PORTO ALEGRE","942032","16/09/2026 - 14:22","RUBEM BERTA","FRANCISCO TALAIA DE MOURA","ATENDIMENTO PRÉ-HOSPITALAR","AR-1628","1º BBM / 1ª CIA / 2º PEL / TERESÓPOLIS","-30.004268856360603","-51.09102989975034","",""
"PORTO ALEGRE","942046","16/09/2026 - 15:09","CHAPÉU DO SOL","SABINO","AÇÕES PREVENTIVAS","ABT-0599","1º BBM / 1ª CIA / 5º PEL / BELÉM NOVO","-30.184364623386855","-51.16081963867792","APOIO À PESSOA OU INSTITUIÇÃO",""
"PORTO ALEGRE","942052","16/09/2026 - 15:27","PARTENON","NELSON DUARTE BROCHADO","ATENDIMENTO PRÉ-HOSPITALAR","AR-1628","1º BBM / 1ª CIA / 2º PEL / TERESÓPOLIS","-30.05950860724813","-51.17711253650394","",""
"PORTO ALEGRE","942054","16/09/2026 - 15:31","CRISTAL","DIVISA","AVERIGUAÇÃO/CORTE DE ÁRVORE","ABT-0596","1º BBM / 1ª CIA / 3º PEL / ASSUNÇÃO","-30.084672601162453","-51.23647944114766","EDIFICAÇÃO RESIDENCIAL",""
"PORTO ALEGRE","942090","16/09/2026 - 17:14","CIDADE BAIXA","RUA DA REPÚBLICA","OCORRÊNCIA NÃO ATENDIDA","AR-1628","1º BBM / 1ª CIA / 2º PEL / TERESÓPOLIS","-30.040141528458726","-51.225773888566394","",""
"PORTO ALEGRE","942101","16/09/2026 - 17:45","ALTO PETROPÓLIS","IRMÃ TERESILDA STEFFEN","INCÊNDIO","ABT-0600","1º BBM / 2ª CIA / 2º PEL / PASSO D`AREIA","-30.02589633149126","-51.118183135986335","MEIO DE TRANSPORTE",""
"PORTO ALEGRE","942113","16/09/2026 - 18:21","SÃO JOSÉ","9 DE JUNHO","ATENDIMENTO PRÉ-HOSPITALAR","AR-1628","1º BBM / 1ª CIA / 2º PEL / TERESÓPOLIS","-30.07436503663188","-51.16076754829088","",""
"PORTO ALEGRE","942116","16/09/2026 - 18:33","CIDADE BAIXA","LOUREIRO DA SILVA","INCÊNDIO","ABT-1365","1º BBM / 1ª CIA / 1º PEL / AÇORIANOS","-30.037482530919554","-51.232037544250495","CONTAINER",""
"PORTO ALEGRE","942132","16/09/2026 - 19:32","VILA JARDIM","FRANCISCO DE AQUINO","ATENDIMENTO PRÉ-HOSPITALAR","AR-1628","1º BBM / 1ª CIA / 2º PEL / TERESÓPOLIS","-30.034473523341703","-51.14951072834959","",""
"PORTO ALEGRE","942157","16/09/2026 - 21:16","FLORESTA","ALMIRANTE BARROSO","ATENDIMENTO PRÉ-HOSPITALAR","ABT-0597","1º BBM / 2ª CIA / 1º PEL / FLORESTA","-30.018168069608766","-51.20515455675842","",""
"PORTO ALEGRE","942158","16/09/2026 - 21:19","00","JACUI","AVERIGUAÇÃO/MANEJO DE INSETOS","ABT-1365","1º BBM / 1ª CIA / 1º PEL / AÇORIANOS","-30.070270849341135","-51.23752266168595","EXTERMÍNIO",""
"PORTO ALEGRE","942159","16/09/2026 - 21:30","PRAIA DE BELAS","OTÁVIO FRANCISCO CARUSO DA ROCHA","INCÊNDIO","ATP-10654","1º BBM / 2ª CIA / 3º PEL / PARTENON","-30.044634217272637","-51.230084896087654","MEIO DE TRANSPORTE",""
"PORTO ALEGRE","942162","16/09/2026 - 21:41","NONOAI","DOUTOR NEY CABRAL","ATENDIMENTO PRÉ-HOSPITALAR","AR-1628","1º BBM / 1ª CIA / 2º PEL / TERESÓPOLIS","-30.0859086806107","-51.21421398200069","",""
"PORTO ALEGRE","942170","16/09/2026 - 22:40","RUBEM BERTA","ACESSO DEZESSEIS","INCÊNDIO","ABT-0600","1º BBM / 2ª CIA / 2º PEL / PASSO D`AREIA","-30.020967661902446","-51.10060930252076","TRANSFORMADOR/REDE ELÉTRICA",""
"PORTO ALEGRE","942177","16/09/2026 - 23:37","AZENHA","IPIRANGA","ATENDIMENTO PRÉ-HOSPITALAR","ABT-1365","1º BBM / 1ª CIA / 1º PEL / AÇORIANOS","-30.044128654741076","-51.199636459350586","EVENTO EXTREMO",""
"PORTO ALEGRE","942180","17/09/2026 - 00:58","CRISTAL","URSA MAIOR","ATENDIMENTO PRÉ-HOSPITALAR","AR-1628","1º BBM / 1ª CIA / 2º PEL / TERESÓPOLIS","-30.088184810254962","-51.23360907003558","",""
"PORTO ALEGRE","942192","17/09/2026 - 04:03","FARRAPOS","VOLUNTARIOS DA PATRIA","INCÊNDIO","ABT-0597","1º BBM / 2ª CIA / 1º PEL / FLORESTA","-30.010010308095197","-51.210192324292656","EDIFICAÇÃO INDUSTRIAL",""
"PORTO ALEGRE","942196","17/09/2026 - 06:42","PASSO DAREIA","DOUTOR EDUARDO CHARTIER","SALVAMENTO/BUSCA/RESGATE","ABT-0597","1º BBM / 2ª CIA / 1º PEL / FLORESTA","-30.013199909959702","-51.177466874242846","DE ANIMAL",""
"PORTO ALEGRE","942216","17/09/2026 - 08:51","PARTENON","PROFESSOR GUERREIRO LIMA","AVERIGUAÇÃO/CORTE DE ÁRVORE","ABT-1364","1º BBM / 2ª CIA / 3º PEL / PARTENON","-30.059009758501453","-51.15401747285122","ÁREA COMERCIAL OU INDUSTRIAL",""
"PORTO ALEGRE","942218","17/09/2026 - 08:52","CRISTAL","PINHEIRO BORDA","ATENDIMENTO PRÉ-HOSPITALAR","AR-1628","1º BBM / 1ª CIA / 2º PEL / TERESÓPOLIS","-30.07910544470649","-51.244118213653564","",""
"PORTO ALEGRE","942223","17/09/2026 - 09:07","NAVEGANTES","AV. MAUÁ","OCORRÊNCIA NÃO ATENDIDA","AT-1590","1º BBM / 1ª CIA / 1º PEL / AÇORIANOS","-30.000380016166346","-51.207811832427986","",""
"PORTO ALEGRE","942223","17/09/2026 - 09:07","NAVEGANTES","AV. MAUÁ","OCORRÊNCIA NÃO ATENDIDA","AEM-0482","1º BBM / 1ª CIA / 1º PEL / AÇORIANOS","-30.00019399116841","-51.20774745941163","",""
"PORTO ALEGRE","942234","17/09/2026 - 09:40","PRAIA DE BELAS","EDVALDO PEREIRA PAIVA","AÇÕES PREVENTIVAS","ATP-10654","1º BBM / 1ª CIA / 5º PEL / BELÉM NOVO","-30.04209825268614","-51.235246259919464","APOIO À PESSOA OU INSTITUIÇÃO",""
"PORTO ALEGRE","942245","17/09/2026 - 10:12","RESTINGA","ESTRADA DO BARRO VERMELHO","AVERIGUAÇÃO/MANEJO DE INSETOS","ABT-0598","1º BBM / 1ª CIA / 4º PEL / RESTINGA","-30.158202947520646","-51.13281726837158","VISTORIA",""
"PORTO ALEGRE","942259","17/09/2026 - 10:47","CENTRO","BORGES DE MEDEIROS","ATENDIMENTO PRÉ-HOSPITALAR","AR-1628","1º BBM / 1ª CIA / 2º PEL / TERESÓPOLIS","-30.035330380392875","-51.22796058654786","",""
"PORTO ALEGRE","942263","17/09/2026 - 10:55","LOMBA DO PINHEIRO","ELDSON CONCEIÇAO DE ARAÚJO","SALVAMENTO/BUSCA/RESGATE","ABT-0598","1º BBM / 1ª CIA / 4º PEL / RESTINGA","-30.109818550755424","-51.14260196685791","DE ANIMAL",""
"PORTO ALEGRE","942289","17/09/2026 - 12:14","CRISTAL","DIVISA","AVERIGUAÇÃO/CORTE DE ÁRVORE","ABT-0596","1º BBM / 1ª CIA / 3º PEL / ASSUNÇÃO","-30.085044333665156","-51.23536348342896","EDIFICAÇÃO RESIDENCIAL",""
"PORTO ALEGRE","942291","17/09/2026 - 12:19","INDEPENDÊNCIA","AV. INDEPENDÊNCIA","ATENDIMENTO PRÉ-HOSPITALAR","AR-1628","1º BBM / 1ª CIA / 2º PEL / TERESÓPOLIS","-30.029197859280746","-51.216330528259284","",""
"PORTO ALEGRE","942296","17/09/2026 - 12:30","LOMBA DO PINHEIRO","LEONIR DA SILVA","AVERIGUAÇÃO/MANEJO DE INSETOS","ABT-0598","1º BBM / 1ª CIA / 4º PEL / RESTINGA","-30.118495932716602","-51.10419273376465","VISTORIA",""
"PORTO ALEGRE","942319","17/09/2026 - 13:39","RIO BRANCO","PEDRO WEINGARTNER","INCÊNDIO","ABT-0597","1º BBM / 2ª CIA / 1º PEL / FLORESTA","-30.029791253641733","-51.199464825628134","LIXO",""
"PORTO ALEGRE","942355","17/09/2026 - 14:58","AZENHA","PRINCESA ISABEL","OCORRÊNCIA NÃO ATENDIDA","AR-1628","1º BBM / 1ª CIA / 2º PEL / TERESÓPOLIS","-30.04981560783155","-51.21088027954102","",""
"PORTO ALEGRE","942359","17/09/2026 - 15:01","SERRARIA","AV DA SERRARIA 543","INCÊNDIO","ABT-0599","1º BBM / 1ª CIA / 5º PEL / BELÉM NOVO","-30.16122487298847","-51.22006416320801","VEGETAÇÃO",""
"PORTO ALEGRE","942361","17/09/2026 - 15:04","BELA VISTA","FURRIEL LUÍZ ANTÔNIO DE VARGAS","AVERIGUAÇÃO/MANEJO DE INSETOS","ABT-0597","1º BBM / 2ª CIA / 1º PEL / FLORESTA","-30.035923148414746","-51.19028092467709","VISTORIA",""
"PORTO ALEGRE","942363","17/09/2026 - 15:08","CRISTO REDENTOR","JAÚ","AVERIGUAÇÃO/MANEJO DE INSETOS","ABT-0600","1º BBM / 2ª CIA / 2º PEL / PASSO D`AREIA","-30.005229993475865","-51.15811588636014","VISTORIA",""
"PORTO ALEGRE","942370","17/09/2026 - 15:25","SANTANA","JERÔNIMO DE ORNELAS","INCÊNDIO","ABT-1365","1º BBM / 1ª CIA / 1º PEL / AÇORIANOS","-30.040622372653996","-51.21015071868897","CONTAINER",""
"PORTO ALEGRE","942378","17/09/2026 - 15:41","VILA ASSUNÇÃO","RUA DOUTOR CASTRO DE MENEZES","AVERIGUAÇÃO/CORTE DE ÁRVORE","ABT-0596","1º BBM / 1ª CIA / 3º PEL / ASSUNÇÃO","-30.098438454845393","-51.25110284164361","VISTORIA",""
"PORTO ALEGRE","942389","17/09/2026 - 15:57","MÁRIO QUINTANA","R. A VILA BATISTA FLORES","SALVAMENTO/BUSCA/RESGATE","ABT-0600","1º BBM / 2ª CIA / 2º PEL / PASSO D`AREIA","-30.03001510509378","-51.10331299740789","DE ANIMAL",""
"PORTO ALEGRE","942411","17/09/2026 - 16:34","CENTRO","LOUREIRO DA SILVA","ATENDIMENTO PRÉ-HOSPITALAR","AR-1628","1º BBM / 1ª CIA / 2º PEL / TERESÓPOLIS","-30.03205925168269","-51.224613189697266","",""
"PORTO ALEGRE","942435","17/09/2026 - 17:44","AZENHA","AVENIDA AZENHA","ATENDIMENTO PRÉ-HOSPITALAR","AR-1628","1º BBM / 1ª CIA / 2º PEL / TERESÓPOLIS","-30.060338313403985","-51.22311115264893","",""
"PORTO ALEGRE","942473","17/09/2026 - 19:14","CRISTAL","DOUTOR CAMPOS VELHO","ATENDIMENTO PRÉ-HOSPITALAR","AR-1628","1º BBM / 1ª CIA / 2º PEL / TERESÓPOLIS","-30.09336270159927","-51.23105049133301","",""
"PORTO ALEGRE","942481","17/09/2026 - 19:54","RESTINGA","ESTRADA COSTA GAMA","SALVAMENTO/BUSCA/RESGATE","ABT-0598","1º BBM / 1ª CIA / 4º PEL / RESTINGA","-30.137778811861352","-51.1690378189087","DE ANIMAL",""
"PORTO ALEGRE","942504","17/09/2026 - 21:26","RESTINGA","MACEDONIA","ATENDIMENTO PRÉ-HOSPITALAR","AR-1628","1º BBM / 1ª CIA / 2º PEL / TERESÓPOLIS","-30.150341930479257","-51.141936779022224","",""
"PORTO ALEGRE","942529","18/09/2026 - 00:02","VILA ASSUNÇÃO","RUA DOUTOR CASTRO DE MENEZES","AÇÕES PREVENTIVAS","AR-1628","1º BBM / 1ª CIA / 2º PEL / TERESÓPOLIS","-30.098368018877032","-51.25038025689719","APOIO À PESSOA OU INSTITUIÇÃO",""
"PORTO ALEGRE","942547","18/09/2026 - 04:00","RUBEM BERTA","TEREZINHA TURCATO","INCÊNDIO","ABT-0600","1º BBM / 2ª CIA / 2º PEL / PASSO D`AREIA","-30.013182279862328","-51.09545970373319","EDIFICAÇÃO RESIDENCIAL UNIFAMILIAR",""
"PORTO ALEGRE","942552","18/09/2026 - 07:00","MENINO DEUS","ALMIRANTE GONÇALVES","SALVAMENTO/BUSCA/RESGATE","ABT-1365","1º BBM / 1ª CIA / 1º PEL / AÇORIANOS","-30.058861203393317","-51.220343112945564","DE ANIMAL",""
"PORTO ALEGRE","942585","18/09/2026 - 09:32","PARTENON","CAPITÃO PEDRO WERLANG","SALVAMENTO/BUSCA/RESGATE","ABT-1364","1º BBM / 2ª CIA / 3º PEL / PARTENON","-30.059622568024515","-51.15433934709274","DE ANIMAL",""
"PORTO ALEGRE","942589","18/09/2026 - 09:41","CRISTAL","DIVISA","AVERIGUAÇÃO/CORTE DE ÁRVORE","ABT-0596","1º BBM / 1ª CIA / 3º PEL / ASSUNÇÃO","-30.084951400670434","-51.23527764052751","VISTORIA",""
"PORTO ALEGRE","942590","18/09/2026 - 09:42","CRUZEIRO","AVENIDA NITEROI","AVERIGUAÇÃO/MANEJO DE INSETOS","ABT-0594","1º BBM / 1ª CIA / 2º PEL / TERESÓPOLIS","-30.069024813504345","-51.20667457580567","VISTORIA",""
"PORTO ALEGRE","942599","18/09/2026 - 10:02","CENTRO","SENADOR SALGADO FILHO","ATENDIMENTO PRÉ-HOSPITALAR","AR-1628","1º BBM / 1ª CIA / 2º PEL / TERESÓPOLIS","-30.03145000252387","-51.22384033068551","",""
"PORTO ALEGRE","942612","18/09/2026 - 10:29","APARÍCIO BORGES","RUA SILVADO","AVERIGUAÇÃO/CORTE DE ÁRVORE","ABT-1364","1º BBM / 2ª CIA / 3º PEL / PARTENON","-30.071080790266805","-51.18590354003463","EDIFICAÇÃO PÚBLICA",""
"PORTO ALEGRE","942630","18/09/2026 - 11:05","VILA ASSUNÇÃO","DOUTOR CASTRO DE MENEZES","ATENDIMENTO PRÉ-HOSPITALAR","AR-1628","1º BBM / 1ª CIA / 2º PEL / TERESÓPOLIS","-30.098222517644817","-51.25087993685882","",""
"PORTO ALEGRE","942632","18/09/2026 - 11:06","SÃO JOÃO","AV CEARÁ","INCÊNDIO","ABT-0597","1º BBM / 2ª CIA / 1º PEL / FLORESTA","-29.997555721961795","-51.189959028484","TRANSFORMADOR/REDE ELÉTRICA",""
"PORTO ALEGRE","942634","18/09/2026 - 11:08","TRÊS FIGUEIRAS","ALFA","INCÊNDIO","AT-1590","1º BBM / 1ª CIA / 1º PEL / AÇORIANOS","-30.03575986970217","-51.17221355438233","EDIFICAÇÃO RESIDENCIAL UNIFAMILIAR",""
"PORTO ALEGRE","942634","18/09/2026 - 11:08","TRÊS FIGUEIRAS","ALFA","INCÊNDIO","ABT-0600","1º BBM / 2ª CIA / 2º PEL / PASSO D`AREIA","-30.035500249016334","-51.17216484210724","EDIFICAÇÃO RESIDENCIAL UNIFAMILIAR",""
"PORTO ALEGRE","942660","18/09/2026 - 13:02","RESTINGA","RICARDO LEÔNIDAS RIBAS","SALVAMENTO/BUSCA/RESGATE","ABT-0598","1º BBM / 1ª CIA / 4º PEL / RESTINGA","-30.146760028144964","-51.13273143768311","DE ANIMAL",""
"PORTO ALEGRE","942677","18/09/2026 - 13:39","FARRAPOS","LUIZ RIVIELLO","INCÊNDIO","ABT-0597","1º BBM / 2ª CIA / 1º PEL / FLORESTA","-29.9772973744197","-51.19380000710232","EDIFICAÇÃO MULTIFAMILIAR",""
"PORTO ALEGRE","942689","18/09/2026 - 14:33","MENINO DEUS","BARÃO DO GRAVATAÍ","OCORRÊNCIA NÃO ATENDIDA","ABT-1365","1º BBM / 1ª CIA / 1º PEL / AÇORIANOS","-30.044336729582447","-51.22422695159912","",""
"PORTO ALEGRE","942698","18/09/2026 - 14:49","AZENHA","PLÁCIDO DE CASTRO","ATENDIMENTO PRÉ-HOSPITALAR","AR-1628","1º BBM / 1ª CIA / 2º PEL / TERESÓPOLIS","-30.052640482996317","-51.21095502105348","",""
"PORTO ALEGRE","942702","18/09/2026 - 14:58","SÃO JOSÉ","SANTO ALFREDO","INCÊNDIO","ABT-1364","1º BBM / 2ª CIA / 3º PEL / PARTENON","-30.068016646752504","-51.16502523727565","EDIFICAÇÃO RESIDENCIAL UNIFAMILIAR",""
"PORTO ALEGRE","942716","18/09/2026 - 15:51","CASCATA","ESTRADA DOS BARCELLOS","AVERIGUAÇÃO/MANEJO DE INSETOS","ABT-1364","1º BBM / 2ª CIA / 3º PEL / PARTENON","-30.087847647051483","-51.182405991384286","VISTORIA",""
"PORTO ALEGRE","942717","18/09/2026 - 15:52","NAVEGANTES","VOLUNTÁRIOS DA PÁTRIA","SALVAMENTO/BUSCA/RESGATE","ABT-0597","1º BBM / 2ª CIA / 1º PEL / FLORESTA","-29.991385780363323","-51.20382070541382","DE ANIMAL",""
"PORTO ALEGRE","942734","18/09/2026 - 16:42","LAGEADO","RUA CORTICEIRA","AVERIGUAÇÃO/MANEJO DE INSETOS","ABT-0599","1º BBM / 1ª CIA / 5º PEL / BELÉM NOVO","-30.200276634836275","-51.14682912826539","VISTORIA",""
"PORTO ALEGRE","942756","18/09/2026 - 17:30","BOM JESUS","SÃO BENEDITO","SALVAMENTO/BUSCA/RESGATE","ABT-0594","1º BBM / 1ª CIA / 2º PEL / TERESÓPOLIS","-30.04365007701617","-51.165904998779304","DE ANIMAL",""
"PORTO ALEGRE","942759","18/09/2026 - 17:42","AZENHA","DOUTOR CARLOS BARBOSA","ATENDIMENTO PRÉ-HOSPITALAR","AR-1628","1º BBM / 1ª CIA / 2º PEL / TERESÓPOLIS","-30.064724333113233","-51.21225408751882","",""
"PORTO ALEGRE","942760","18/09/2026 - 17:44","JARDIM BOTÂNICO","PROFESSOR FREITAS CABRAL","INCÊNDIO","ABT-0594","1º BBM / 1ª CIA / 2º PEL / TERESÓPOLIS","-30.056744146238685","-51.180603504180915","EDIFICAÇÃO MULTIFAMILIAR",""
"PORTO ALEGRE","942763","18/09/2026 - 17:47","PARTENON","AV. BENTO GONÇALVES","ATENDIMENTO PRÉ-HOSPITALAR","ABT-1364","1º BBM / 2ª CIA / 3º PEL / PARTENON","-30.059102696211536","-51.19356396256679","OCORRÊNCIA DE VULTO",""
"PORTO ALEGRE","942793","18/09/2026 - 19:07","BOM JESUS","JESUS DE NAZARÉ","INCÊNDIO","ABT-1364","1º BBM / 2ª CIA / 3º PEL / PARTENON","-30.042702546055335","-51.16371646583193","EDIFICAÇÃO RESIDENCIAL UNIFAMILIAR",""
"PORTO ALEGRE","942807","18/09/2026 - 19:37","CASCATA","CLAUDIONOR DE MORAIS","INCÊNDIO","ABT-1364","1º BBM / 2ª CIA / 3º PEL / PARTENON","-30.087680529506553","-51.18285657807287","LIXO",""
"PORTO ALEGRE","942811","18/09/2026 - 19:46","ESPÍRITO SANTO","RUA PROFESSOR ANTÔNIO JOSÉ REMIÃO","SALVAMENTO/BUSCA/RESGATE","ABT-0599","1º BBM / 1ª CIA / 5º PEL / BELÉM NOVO","-30.150137122017124","-51.21270418167115","DE ANIMAL",""
"PORTO ALEGRE","942814","18/09/2026 - 19:59","MEDIANEIRA","NITERÓI","AVERIGUAÇÃO/MANEJO DE INSETOS","ABT-0594","1º BBM / 1ª CIA / 2º PEL / TERESÓPOLIS","-30.06896397479054","-51.20643854141235","EXTERMÍNIO",""
"PORTO ALEGRE","942832","18/09/2026 - 20:41","PETRÓPOLIS","MÁRIO ANTUNES DA CUNHA","INCÊNDIO","ABT-1364","1º BBM / 2ª CIA / 3º PEL / PARTENON","-30.043780198162562","-51.17809299012863","VEGETAÇÃO",""
"PORTO ALEGRE","942834","18/09/2026 - 20:50","MENINO DEUS","GETÚLIO VARGAS","INCÊNDIO","ABT-1365","1º BBM / 1ª CIA / 1º PEL / AÇORIANOS","-30.055035818190934","-51.22251033782959","CONTAINER",""
"PORTO ALEGRE","942840","18/09/2026 - 21:15","RUBEM BERTA","BALTAZAR DE OLIVEIRA GARCIA","ATENDIMENTO PRÉ-HOSPITALAR","AR-1628","1º BBM / 1ª CIA / 2º PEL / TERESÓPOLIS","-30.014352126715483","-51.099557535951675","",""
"PORTO ALEGRE","942844","18/09/2026 - 21:29","PARTENON","AV. IPIRANGA","INCÊNDIO","ABT-1365","1º BBM / 1ª CIA / 1º PEL / AÇORIANOS","-30.053705737743012","-51.191847324371345","VEGETAÇÃO",""
"PORTO ALEGRE","942856","18/09/2026 - 22:39","MÁRIO QUINTANA","JARDIM FLORES","INCÊNDIO","ABT-0600","1º BBM / 2ª CIA / 2º PEL / PASSO D`AREIA","-30.04134140037531","-51.10281944274902","EDIFICAÇÃO RESIDENCIAL UNIFAMILIAR",""
"PORTO ALEGRE","942856","18/09/2026 - 22:39","MÁRIO QUINTANA","JARDIM FLORES","INCÊNDIO","ABT-1364","1º BBM / 2ª CIA / 3º PEL / PARTENON","-30.02968059579444","-51.10483642728934","EDIFICAÇÃO RESIDENCIAL UNIFAMILIAR",""
"PORTO ALEGRE","942859","18/09/2026 - 23:01","PRAIA DE BELAS","EDVALDO PEREIRA PAIVA","AÇÕES PREVENTIVAS","ABT-1364","1º BBM / 2ª CIA / 3º PEL / PARTENON","-30.0439474881203","-51.232402312463556","TERRESTRE",""
"PORTO ALEGRE","942860","18/09/2026 - 23:01","BELÉM VELHO","ESTRADA DA PEDREIRA","INCÊNDIO","ABT-1364","1º BBM / 2ª CIA / 3º PEL / PARTENON","-30.115637962079685","-51.17925165251796","VEGETAÇÃO",""
"PORTO ALEGRE","942861","18/09/2026 - 23:10","PRAIA DE BELAS","EDVALDO PEREIRA PAIVA","AÇÕES PREVENTIVAS","ABT-1365","1º BBM / 1ª CIA / 1º PEL / AÇORIANOS","-30.04032058781319","-51.23697280883789","FESTAS E EVENTOS",""
"PORTO ALEGRE","942862","18/09/2026 - 23:45","SÃO JOÃO","CEARA","INCÊNDIO","ABT-0597","1º BBM / 2ª CIA / 1º PEL / FLORESTA","-29.997295279430183","-51.18987321853638","LIXO",""
"PORTO ALEGRE","942867","19/09/2026 - 00:17","TRISTEZA","LANDEL DE MOURA","SALVAMENTO/BUSCA/RESGATE","ABT-0596","1º BBM / 1ª CIA / 3º PEL / ASSUNÇÃO","-30.107348498328538","-51.23066032066118","DE ANIMAL",""
"PORTO ALEGRE","942869","19/09/2026 - 00:45","RESTINGA","RUA ENG OSCAR DE OLIVEIRA RAMOS","SALVAMENTO/BUSCA/RESGATE","ABT-0598","1º BBM / 1ª CIA / 4º PEL / RESTINGA","-30.148240321380467","-51.14476919174195","DE ANIMAL",""
"PORTO ALEGRE","942873","19/09/2026 - 01:05","SANTA ROSA","DOS MAIAS","INCÊNDIO","ABT-0600","1º BBM / 2ª CIA / 2º PEL / PASSO D`AREIA","-29.986992719887123","-51.09580278396607","TRANSFORMADOR/REDE ELÉTRICA",""
"PORTO ALEGRE","942917","19/09/2026 - 09:55","RIO BRANCO","GOETHE","ATENDIMENTO PRÉ-HOSPITALAR","AR-1628","1º BBM / 1ª CIA / 2º PEL / TERESÓPOLIS","-30.031070344890136","-51.20269326850073","",""
"PORTO ALEGRE","942926","19/09/2026 - 10:24","CRISTAL","DIVISA","AVERIGUAÇÃO/CORTE DE ÁRVORE","ABT-0596","1º BBM / 1ª CIA / 3º PEL / ASSUNÇÃO","-30.084988573878807","-51.23544932633041","EDIFICAÇÃO RESIDENCIAL",""
"PORTO ALEGRE","942940","19/09/2026 - 10:55","PRAIA DE BELAS","EDVALDO PEREIRA PAIVA","AÇÕES PREVENTIVAS","ATP-10654","1º BBM / 1ª CIA / 1º PEL / AÇORIANOS","-30.04182830380034","-51.23540639877319","APOIO À PESSOA OU INSTITUIÇÃO",""
"PORTO ALEGRE","942961","19/09/2026 - 12:58","AZENHA","LOBO DA COSTA","INCÊNDIO","ABT-1365","1º BBM / 1ª CIA / 1º PEL / AÇORIANOS","-30.043984401578733","-51.21723175048829","CONTAINER",""
"PORTO ALEGRE","943004","19/09/2026 - 16:02","PROTÁSIO ALVES","DOIS DE MAIO","ATENDIMENTO PRÉ-HOSPITALAR","AR-1628","1º BBM / 1ª CIA / 2º PEL / TERESÓPOLIS","-30.04323501439291","-51.12559020061439","",""
"PORTO ALEGRE","943013","19/09/2026 - 16:40","CRISTAL","ORFANOTRÓFIO","OCORRÊNCIA NÃO ATENDIDA","ABT-1365","1º BBM / 1ª CIA / 1º PEL / AÇORIANOS","-30.08411020568369","-51.22446298599244","",""
"PORTO ALEGRE","943023","19/09/2026 - 17:36","INDEPENDÊNCIA","CASTRO ALVES","ATENDIMENTO PRÉ-HOSPITALAR","AR-1628","1º BBM / 1ª CIA / 2º PEL / TERESÓPOLIS","-30.03023803203722","-51.20841264724732","",""
"PORTO ALEGRE","943028","19/09/2026 - 17:59","SANTANA","DOUTOR OLINTO DE OLIVEIRA","AÇÕES PREVENTIVAS","ABT-1365","1º BBM / 1ª CIA / 1º PEL / AÇORIANOS","-30.04487598064427","-51.20963573455811","VISTORIA DE HIDRANTES",""
"PORTO ALEGRE","943029","19/09/2026 - 18:00","MOINHOS DE VENTO","ENGENHEIRO ÁLVARO NUNES PEREIRA","SALVAMENTO/BUSCA/RESGATE","ABT-0597","1º BBM / 2ª CIA / 1º PEL / FLORESTA","-30.022082688260053","-51.20605230677103","DE ANIMAL",""
"PORTO ALEGRE","943030","19/09/2026 - 18:00","FARROUPILHA","SANTANA","AÇÕES PREVENTIVAS","ABT-1365","1º BBM / 1ª CIA / 1º PEL / AÇORIANOS","-30.03893137893912","-51.21439933776856","VISTORIA DE HIDRANTES",""
"PORTO ALEGRE","943036","19/09/2026 - 18:23","NONOAI","AVENIDA NONOAI","AÇÕES PREVENTIVAS","ABT-0594","1º BBM / 1ª CIA / 2º PEL / TERESÓPOLIS","-30.087290810122642","-51.216287612915046","VISTORIA DE HIDRANTES",""
"PORTO ALEGRE","943037","19/09/2026 - 18:24","NONOAI","ERECHIM","AÇÕES PREVENTIVAS","ABT-0594","1º BBM / 1ª CIA / 2º PEL / TERESÓPOLIS","-30.092712027022205","-51.21442079544068","VISTORIA DE HIDRANTES",""
"PORTO ALEGRE","943040","19/09/2026 - 18:44","SANTANA","JERÔNIMO DE ORNELAS","SALVAMENTO/BUSCA/RESGATE","ABT-1365","1º BBM / 1ª CIA / 1º PEL / AÇORIANOS","-30.04324121633584","-51.214334964752204","DE ANIMAL",""
"PORTO ALEGRE","943048","19/09/2026 - 19:04","MEDIANEIRA","EURICO LARA","ATENDIMENTO PRÉ-HOSPITALAR","AR-1628","1º BBM / 1ª CIA / 2º PEL / TERESÓPOLIS","-30.06504749232187","-51.214125752449036","",""
"PORTO ALEGRE","943076","19/09/2026 - 20:59","CASCATA","ESTRADA DOS BARCELLOS","AVERIGUAÇÃO/MANEJO DE INSETOS","ABT-1364","1º BBM / 2ª CIA / 3º PEL / PARTENON","-30.087977749409344","-51.181955316151736","EXTERMÍNIO",""
"PORTO ALEGRE","943082","19/09/2026 - 21:42","SÃO JOSÉ","SÃO GUILHERME","ATENDIMENTO PRÉ-HOSPITALAR","AR-1628","1º BBM / 1ª CIA / 2º PEL / TERESÓPOLIS","-30.074889793478683","-51.159079865282656","",""
"PORTO ALEGRE","943091","19/09/2026 - 22:05","SANTANA","AVENIDA PIRATINI","INCÊNDIO","ABT-1365","1º BBM / 1ª CIA / 1º PEL / AÇORIANOS","-30.04402078429422","-51.2137770652771","CONTAINER",""
"PORTO ALEGRE","943092","19/09/2026 - 22:19","PRAIA DE BELAS","EDVALDO PEREIRA PAIVA","AÇÕES PREVENTIVAS","ATP-10654","1º BBM / 1ª CIA / 1º PEL / AÇORIANOS","-30.041809709090714","-51.23572826385499","APOIO À PESSOA OU INSTITUIÇÃO",""
"PORTO ALEGRE","943097","19/09/2026 - 23:00","BOA VISTA","ANITA GARIBALDI","AÇÕES PREVENTIVAS","ABT-0600","1º BBM / 2ª CIA / 2º PEL / PASSO D`AREIA","-30.02185862232702","-51.1719024181366","APOIO À PESSOA OU INSTITUIÇÃO",""
"PORTO ALEGRE","943109","20/09/2026 - 01:31","SANTA TEREZA","CRUZEIRO DO SUL","ATENDIMENTO PRÉ-HOSPITALAR","AR-1628","1º BBM / 1ª CIA / 2º PEL / TERESÓPOLIS","-30.0856622790353","-51.23102630080673","",""
"PORTO ALEGRE","943129","20/09/2026 - 07:34","ANCHIETA","AV. SEVERO DULLIUS","SALVAMENTO/BUSCA/RESGATE","ABT-0597","1º BBM / 2ª CIA / 1º PEL / FLORESTA","-29.987457942679107","-51.18051676780745","CAPOTAMENTO",""
"PORTO ALEGRE","943148","20/09/2026 - 08:50","RESTINGA","ESTRADA DO BARRO VERMELHO","INCÊNDIO","ABT-0598","1º BBM / 1ª CIA / 4º PEL / RESTINGA","-30.15937302869922","-51.12792491912842","EDIFICAÇÃO RESIDENCIAL UNIFAMILIAR",""
"PORTO ALEGRE","943150","20/09/2026 - 08:55","MENINO DEUS","RUA MARCÍLIO DIAS","AÇÕES PREVENTIVAS","ABT-1365","1º BBM / 1ª CIA / 1º PEL / AÇORIANOS","-30.049631149665917","-51.22448444366456","APOIO À PESSOA OU INSTITUIÇÃO",""
"PORTO ALEGRE","943161","20/09/2026 - 09:34","CRISTAL","DIVISA","AVERIGUAÇÃO/CORTE DE ÁRVORE","ABT-0596","1º BBM / 1ª CIA / 3º PEL / ASSUNÇÃO","-30.08489564083171","-51.23583561938687","EDIFICAÇÃO RESIDENCIAL",""
"PORTO ALEGRE","943177","20/09/2026 - 10:25","AGRONOMIA","DA LIBERTAÇÃO","AVERIGUAÇÃO/MANEJO DE INSETOS","ABT-1364","1º BBM / 2ª CIA / 3º PEL / PARTENON","-30.069335451930694","-51.14923239059597","VISTORIA",""
"PORTO ALEGRE","943178","20/09/2026 - 10:29","HUMAITÁ","AV. PADRE LEOPOLDO BRENTANO","AÇÕES PREVENTIVAS","AR-1628","1º BBM / 1ª CIA / 2º PEL / TERESÓPOLIS","-29.975694914099343","-51.19450807571412","APOIO À PESSOA OU INSTITUIÇÃO",""
"PORTO ALEGRE","943178","20/09/2026 - 10:29","HUMAITÁ","AV. PADRE LEOPOLDO BRENTANO","AÇÕES PREVENTIVAS","ABT-0597","1º BBM / 2ª CIA / 1º PEL / FLORESTA","-29.97292239623342","-51.19517192230639","APOIO À PESSOA OU INSTITUIÇÃO",""
"PORTO ALEGRE","943182","20/09/2026 - 10:37","JARDIM FLORESTA","AVENIDA SERTORIO","SALVAMENTO/BUSCA/RESGATE","ABT-0600","1º BBM / 2ª CIA / 2º PEL / PASSO D`AREIA","-29.998109484462706","-51.13985538482667","COLISÃO/CHOQUE",""
"PORTO ALEGRE","943194","20/09/2026 - 11:28","PASSO DAS PEDRAS","AV. 10 DE MAIO","AÇÕES PREVENTIVAS","ABT-0600","1º BBM / 2ª CIA / 2º PEL / PASSO D`AREIA","-30.02302931540329","-51.12324714660645","APOIO À PESSOA OU INSTITUIÇÃO",""
"PORTO ALEGRE","943201","20/09/2026 - 11:45","CRISTAL","CAI","AÇÕES PREVENTIVAS","ABT-0596","1º BBM / 1ª CIA / 3º PEL / ASSUNÇÃO","-30.08318770043934","-51.234655416887925","VISTORIA DE HIDRANTES",""
"PORTO ALEGRE","943202","20/09/2026 - 11:46","CRISTAL","UPAMOROTI","AÇÕES PREVENTIVAS","ABT-0596","1º BBM / 1ª CIA / 3º PEL / ASSUNÇÃO","-30.08270398696469","-51.236285903804635","VISTORIA DE HIDRANTES",""
"PORTO ALEGRE","943204","20/09/2026 - 12:04","CIDADE BAIXA","JOSE DO PATROCINIO","PRODUTOS PERIGOSOS","ABT-0595","1º BBM / 1ª CIA / 1º PEL / AÇORIANOS","-30.040604013594642","-51.22237086296082","EXPLOSIVO",""
"PORTO ALEGRE","943227","20/09/2026 - 13:56","INDEPENDÊNCIA","24 DE OUTUBRO","AÇÕES PREVENTIVAS","ABT-0597","1º BBM / 2ª CIA / 1º PEL / FLORESTA","-30.02348970884649","-51.19856573279591","VISTORIA DE HIDRANTES",""
"PORTO ALEGRE","943228","20/09/2026 - 13:57","FLORESTA","DOUTOR TIMÓTEO","AÇÕES PREVENTIVAS","ABT-0597","1º BBM / 2ª CIA / 1º PEL / FLORESTA","-30.017103614814193","-51.20023728799719","VISTORIA DE HIDRANTES",""
"PORTO ALEGRE","943249","20/09/2026 - 15:37","SANTO ANTÔNIO","JOAQUIM CRUZ","ATENDIMENTO PRÉ-HOSPITALAR","AR-1628","1º BBM / 1ª CIA / 2º PEL / TERESÓPOLIS","-30.062203413112933","-51.199572086334236","",""
"PORTO ALEGRE","943250","20/09/2026 - 15:39","CRISTAL","DIVISA","AVERIGUAÇÃO/CORTE DE ÁRVORE","ABT-0596","1º BBM / 1ª CIA / 3º PEL / ASSUNÇÃO","-30.085155853155513","-51.236007213592536","EDIFICAÇÃO RESIDENCIAL",""
"PORTO ALEGRE","943251","20/09/2026 - 15:40","FLORESTA","PARAÍBA","SALVAMENTO/BUSCA/RESGATE","ABT-0597","1º BBM / 2ª CIA / 1º PEL / FLORESTA","-30.017883565298344","-51.21094480465715","SUICÍDIO/TENTATIVA",""
"PORTO ALEGRE","943255","20/09/2026 - 15:59","RESTINGA","EUMA MARIA PINTO","AVERIGUAÇÃO/CORTE DE ÁRVORE","ABT-0598","1º BBM / 1ª CIA / 4º PEL / RESTINGA","-30.146512858833482","-51.12837553024293","EDIFICAÇÃO RESIDENCIAL",""
"PORTO ALEGRE","943255","20/09/2026 - 15:59","RESTINGA","EUMA MARIA PINTO","AVERIGUAÇÃO/CORTE DE ÁRVORE","ABTS-866","BBS / 1ª CIA / 1º PEL / TERRESTRE","-30.152066636083898","-51.14296674728394","EDIFICAÇÃO RESIDENCIAL",""
"PORTO ALEGRE","943260","20/09/2026 - 16:11","NONOAI","FABIO DE BARROS","AÇÕES PREVENTIVAS","ABT-0594","1º BBM / 1ª CIA / 2º PEL / TERESÓPOLIS","-30.09139496763066","-51.222295761108406","APOIO À PESSOA OU INSTITUIÇÃO",""
"PORTO ALEGRE","943271","20/09/2026 - 16:47","PARTENON","EUCLIDES DA CUNHA","AÇÕES PREVENTIVAS","ABT-0595","1º BBM / 1ª CIA / 1º PEL / AÇORIANOS","-30.051236523655202","-51.1963963508606","VISTORIA DE HIDRANTES",""
"PORTO ALEGRE","943272","20/09/2026 - 16:48","AZENHA","AVENIDA BENTO GONÇALVES","AÇÕES PREVENTIVAS","ABT-0595","1º BBM / 1ª CIA / 1º PEL / AÇORIANOS","-30.051720862708088","-51.206846237182624","VISTORIA DE HIDRANTES",""
"PORTO ALEGRE","943274","20/09/2026 - 17:02","CAVALHADA","VICENTE MONTEGGIA","ATENDIMENTO PRÉ-HOSPITALAR","AR-1628","1º BBM / 1ª CIA / 2º PEL / TERESÓPOLIS","-30.1148361936577","-51.212339401245124","",""
"PORTO ALEGRE","943312","20/09/2026 - 19:17","JARDIM LEOPOLDINA","DR CARLOS MARIA BINS","ATENDIMENTO PRÉ-HOSPITALAR","AR-1628","1º BBM / 1ª CIA / 2º PEL / TERESÓPOLIS","-30.016766211047933","-51.113934516906745","",""
"PORTO ALEGRE","943324","20/09/2026 - 19:35","BELÉM NOVO","OLAVIO JOSÉ DE SOUZA","AÇÕES PREVENTIVAS","ABT-0599","1º BBM / 1ª CIA / 5º PEL / BELÉM NOVO","-30.210903582044953","-51.17944483045805","VISTORIA DE HIDRANTES",""
"PORTO ALEGRE","943325","20/09/2026 - 19:37","BELÉM NOVO","AVENIDA DO LAMI","AÇÕES PREVENTIVAS","ABT-0599","1º BBM / 1ª CIA / 5º PEL / BELÉM NOVO","-30.21234994654659","-51.16476778949048","VISTORIA DE HIDRANTES",""
"PORTO ALEGRE","943329","20/09/2026 - 19:53","FLORESTA","MERCEDES","AÇÕES PREVENTIVAS","ABT-0597","1º BBM / 2ª CIA / 1º PEL / FLORESTA","-30.018689881256613","-51.201208379665694","INSPEÇÃO/REMOÇÃO DE FONTE DE PERIGO",""
"PORTO ALEGRE","943336","20/09/2026 - 20:20","VILA PITINGA","SERAFIM JOSÉ DA SILVA","AVERIGUAÇÃO/MANEJO DE INSETOS","ABT-0598","1º BBM / 1ª CIA / 4º PEL / RESTINGA","-30.139500006114137","-51.10342025756837","VISTORIA",""
"PORTO ALEGRE","943338","20/09/2026 - 20:30","FLORESTA","PELOTAS","INCÊNDIO","ABT-0597","1º BBM / 2ª CIA / 1º PEL / FLORESTA","-30.02380394394619","-51.21175320401487","TRANSFORMADOR/REDE ELÉTRICA",""
"PORTO ALEGRE","943349","20/09/2026 - 21:02","TRISTEZA","GENERAL RONDON","INCÊNDIO","ABT-0596","1º BBM / 1ª CIA / 3º PEL / ASSUNÇÃO","-30.10448199347967","-51.25119924545289","LIXO | TERRENO BALDIO | VEGETAÇÃO",""
"PORTO ALEGRE","943362","20/09/2026 - 21:53","BELÉM VELHO","CARLOS MUTTONI","INCÊNDIO","ABT-0598","1º BBM / 1ª CIA / 4º PEL / RESTINGA","-30.11534123781703","-51.15798711776734","TRANSFORMADOR/REDE ELÉTRICA",""
"PORTO ALEGRE","943376","20/09/2026 - 23:09","FLORESTA","VOLUNTÁRIOS DA PÁTRIA","ATENDIMENTO PRÉ-HOSPITALAR","AR-1628","1º BBM / 1ª CIA / 2º PEL / TERESÓPOLIS","-30.02215586293666","-51.21562242507935","",""
"PORTO ALEGRE","943378","20/09/2026 - 23:10","RESTINGA","ALBERTO HOFFMANN","SALVAMENTO/BUSCA/RESGATE","ABT-0598","1º BBM / 1ª CIA / 4º PEL / RESTINGA","-30.141675771365616","-51.131229400634766","DE ANIMAL",""
"PORTO ALEGRE","943403","21/09/2026 - 02:13","MENINO DEUS","DONA AUGUSTA","INCÊNDIO","ABT-0595","1º BBM / 1ª CIA / 1º PEL / AÇORIANOS","-30.064535617743978","-51.227273941040046","LIXO",""
"PORTO ALEGRE","943406","21/09/2026 - 02:18","BELÉM NOVO","RUA JORGE MELLO GUIMARÃES","AVERIGUAÇÃO/CORTE DE ÁRVORE","ABT-0599","1º BBM / 1ª CIA / 5º PEL / BELÉM NOVO","-30.20910484870366","-51.18873602277142","VIA PÚBLICA",""
"PORTO ALEGRE","943409","21/09/2026 - 02:41","SANTA TEREZA","CRUZEIRO DO SUL","ATENDIMENTO PRÉ-HOSPITALAR","AR-1628","1º BBM / 1ª CIA / 2º PEL / TERESÓPOLIS","-30.081590586042037","-51.22869014739991","",""
"PORTO ALEGRE","943414","21/09/2026 - 03:04","RESTINGA","DOIS","AÇÕES PREVENTIVAS","ABT-0598","1º BBM / 1ª CIA / 4º PEL / RESTINGA","-30.152438900409958","-51.132924556732185","DESTELHAMENTO",""
"PORTO ALEGRE","943417","21/09/2026 - 03:14","PETRÓPOLIS","SENADOR TARSO DUTRA","AÇÕES PREVENTIVAS","ABT-1364","1º BBM / 2ª CIA / 3º PEL / PARTENON","-30.043686794016935","-51.175475062532854","APOIO À PESSOA OU INSTITUIÇÃO | EVENTO EXTREMO",""
"PORTO ALEGRE","943418","21/09/2026 - 03:23","PROTÁSIO ALVES","ANTÔNIO GIUDICE","AÇÕES PREVENTIVAS","ABT-0600","1º BBM / 2ª CIA / 2º PEL / PASSO D`AREIA","-30.03607940421604","-51.12442195415497","DESTELHAMENTO",""
"PORTO ALEGRE","943424","21/09/2026 - 03:33","LOMBA DO PINHEIRO","JOÃO DE OLIVEIRA REMIÃO","AVERIGUAÇÃO/CORTE DE ÁRVORE","ABT-0598","1º BBM / 1ª CIA / 4º PEL / RESTINGA","-30.136537387445177","-51.09417200088502","EVENTO EXTREMO | REDE ELÉTRICA | VIA PÚBLICA",""
"PORTO ALEGRE","943428","21/09/2026 - 03:44","CRISTAL","WENCESLAU ESCOBAR","AVERIGUAÇÃO/CORTE DE ÁRVORE","ABT-0596","1º BBM / 1ª CIA / 3º PEL / ASSUNÇÃO","-30.099228932863124","-51.24838829040528","VIA PÚBLICA",""
"PORTO ALEGRE","943436","21/09/2026 - 03:54","BELÉM NOVO","RUA FRANCISCA DE OLIVEIRA VIEIRA","AVERIGUAÇÃO/CORTE DE ÁRVORE","ABT-0599","1º BBM / 1ª CIA / 5º PEL / BELÉM NOVO","-30.19727333412111","-51.17056127981952","VIA PÚBLICA",""
"PORTO ALEGRE","943441","21/09/2026 - 04:07","BELÉM NOVO","RUA EUSTÁQUIO INÁCIO DA SILVEIRA","AVERIGUAÇÃO/CORTE DE ÁRVORE","ABT-0599","1º BBM / 1ª CIA / 5º PEL / BELÉM NOVO","-30.210866456251082","-51.179487732278446","REDE ELÉTRICA | VIA PÚBLICA",""
"PORTO ALEGRE","943448","21/09/2026 - 04:17","VILA JARDIM","ÁLVARO NICOFÉ","AVERIGUAÇÃO/CORTE DE ÁRVORE","ABT-0600","1º BBM / 2ª CIA / 2º PEL / PASSO D`AREIA","-30.03551368574369","-51.149747371673584","VISTORIA",""
"PORTO ALEGRE","943505","21/09/2026 - 06:22","PARTENON","DOUTOR BRENO DIAS DE CASTRO","AVERIGUAÇÃO/CORTE DE ÁRVORE","ABT-1364","1º BBM / 2ª CIA / 3º PEL / PARTENON","-30.057208549774604","-51.1919116973877","EVENTO EXTREMO | VIA PÚBLICA",""
"PORTO ALEGRE","943512","21/09/2026 - 06:32","BELÉM NOVO","RUA JORGE MELLO GUIMARÃES","AVERIGUAÇÃO/CORTE DE ÁRVORE","ABT-0599","1º BBM / 1ª CIA / 5º PEL / BELÉM NOVO","-30.20912341193465","-51.188800375502","EDIFICAÇÃO PÚBLICA | REDE ELÉTRICA | VIA PÚBLICA",""
"PORTO ALEGRE","943529","21/09/2026 - 07:05","SÃO GERALDO","AMAZONAS","AVERIGUAÇÃO/CORTE DE ÁRVORE","ABT-0597","1º BBM / 2ª CIA / 1º PEL / FLORESTA","-30.007106414338768","-51.19623911086792","VIA PÚBLICA",""
"PORTO ALEGRE","943530","21/09/2026 - 07:09","CIDADE BAIXA","LOUREIRO DA SILVA","SALVAMENTO/BUSCA/RESGATE","ABT-0595","1º BBM / 1ª CIA / 1º PEL / AÇORIANOS","-30.035839604768693","-51.225117444992065","ELEVADORES",""
"PORTO ALEGRE","943533","21/09/2026 - 07:12","SÃO SEBASTIÃO","NEMOTO","AVERIGUAÇÃO/CORTE DE ÁRVORE","ABT-0600","1º BBM / 2ª CIA / 2º PEL / PASSO D`AREIA","-30.00506169432196","-51.14633560180665","VIA PÚBLICA",""
"PORTO ALEGRE","943543","21/09/2026 - 07:26","BELÉM NOVO","RUA JORGE MELLO GUIMARÃES","AVERIGUAÇÃO/CORTE DE ÁRVORE","ABT-0599","1º BBM / 1ª CIA / 5º PEL / BELÉM NOVO","-30.20912341193465","-51.18886472823257","EDIFICAÇÃO PÚBLICA | REDE ELÉTRICA | VIA PÚBLICA",""
"PORTO ALEGRE","943548","21/09/2026 - 07:45","RUBEM BERTA","EGYDIO PEDRO FLACH","INCÊNDIO","ABT-0600","1º BBM / 2ª CIA / 2º PEL / PASSO D`AREIA","-30.020782019564244","-51.11503958702088","MEIO DE TRANSPORTE",""
"PORTO ALEGRE","943566","21/09/2026 - 08:14","RUBEM BERTA","PROFESSOR FREDERICO LAMACHIA FILHO","AVERIGUAÇÃO/CORTE DE ÁRVORE","ABT-0600","1º BBM / 2ª CIA / 2º PEL / PASSO D`AREIA","-30.013628680827242","-51.096446514129646","VISTORIA",""
"PORTO ALEGRE","943569","21/09/2026 - 08:18","LOMBA DO PINHEIRO","ESTR. JOÃO DE OLIVEIRA REMIÃO","AVERIGUAÇÃO/CORTE DE ÁRVORE","ABT-0598","1º BBM / 1ª CIA / 4º PEL / RESTINGA","-30.139663835237627","-51.089987754821784","VIA PÚBLICA",""
"PORTO ALEGRE","943573","21/09/2026 - 08:24","BELÉM NOVO","PODALÍRIO TEIXEIRA MACHADO","AVERIGUAÇÃO/CORTE DE ÁRVORE","ABT-0599","1º BBM / 1ª CIA / 5º PEL / BELÉM NOVO","-30.20858497869939","-51.1794662475586","EVENTO EXTREMO | VIA PÚBLICA",""
"PORTO ALEGRE","943597","21/09/2026 - 08:52","LOMBA DO PINHEIRO","DA OCUPAÇÃO","AVERIGUAÇÃO/CORTE DE ÁRVORE","ABT-0598","1º BBM / 1ª CIA / 4º PEL / RESTINGA","-30.124064248905167","-51.10891342163086","EDIFICAÇÃO RESIDENCIAL",""
"PORTO ALEGRE","943604","21/09/2026 - 08:59","MORRO SANTANA","AV. PROTÁSIO ALVES","AVERIGUAÇÃO/CORTE DE ÁRVORE","ABT-0597","1º BBM / 2ª CIA / 1º PEL / FLORESTA","-30.041681452674208","-51.17865085601807","REDE ELÉTRICA | VIA PÚBLICA | VISTORIA",""
"PORTO ALEGRE","943632","21/09/2026 - 09:18","CORONEL APARÍCIO BORGES","RUA JOSÉ FERNANDO DA SILVA","AVERIGUAÇÃO/CORTE DE ÁRVORE","ABT-1364","1º BBM / 2ª CIA / 3º PEL / PARTENON","-30.07980821867152","-51.17013217239975","EDIFICAÇÃO RESIDENCIAL | EVENTO EXTREMO",""
"PORTO ALEGRE","943644","21/09/2026 - 09:28","BELEM NOVO","AVENIDA HEITOR VIEIRA","AVERIGUAÇÃO/CORTE DE ÁRVORE","ABT-0599","1º BBM / 1ª CIA / 5º PEL / BELÉM NOVO","-30.214692635182093","-51.17719173431397","EDIFICAÇÃO RESIDENCIAL | EVENTO EXTREMO | VISTORIA",""
"PORTO ALEGRE","943673","21/09/2026 - 09:56","LOMBA DO PINHEIRO","PIRATININGA","AVERIGUAÇÃO/CORTE DE ÁRVORE","ABT-0598","1º BBM / 1ª CIA / 4º PEL / RESTINGA","-30.11745708020207","-51.09887123107911","EDIFICAÇÃO RESIDENCIAL",""
"PORTO ALEGRE","943699","21/09/2026 - 10:13","PONTA GROSSA","DOMIENCE SILVA","AVERIGUAÇÃO/CORTE DE ÁRVORE","ABT-0599","1º BBM / 1ª CIA / 5º PEL / BELÉM NOVO","-30.187556405098455","-51.216545104980476","EVENTO EXTREMO | VEÍCULO | VIA PÚBLICA",""
"PORTO ALEGRE","943700","21/09/2026 - 10:13","VILA DAS LARANJEIRAS","RUA 6 BECO DA MORTE","AVERIGUAÇÃO/CORTE DE ÁRVORE","ABTS-866","BBS / 1ª CIA / 1º PEL / TERRESTRE","-30.04797733061716","-51.13039964383085","EVENTO EXTREMO",""
"PORTO ALEGRE","943746","21/09/2026 - 11:02","LOMBA DO PINHEIRO","DOS COLIBRIS","AVERIGUAÇÃO/CORTE DE ÁRVORE","ABT-0596","1º BBM / 1ª CIA / 3º PEL / ASSUNÇÃO","-30.117976527466187","-51.1112523262113","VISTORIA",""
"PORTO ALEGRE","943747","21/09/2026 - 11:02","ALTO PETROPÓLIS","EMILIO KEIDANN","AVERIGUAÇÃO/CORTE DE ÁRVORE","ABT-1364","1º BBM / 2ª CIA / 3º PEL / PARTENON","-30.04264695895971","-51.12485647201539","EDIFICAÇÃO RESIDENCIAL | EVENTO EXTREMO | REDE ELÉTRICA | VISTORIA",""
"PORTO ALEGRE","943750","21/09/2026 - 11:05","LOMBA DO PINHEIRO","RUA DA COMUNIDADE","AVERIGUAÇÃO/CORTE DE ÁRVORE","ABT-0598","1º BBM / 1ª CIA / 4º PEL / RESTINGA","-30.12874012004384","-51.1145567893982","EDIFICAÇÃO RESIDENCIAL",""
"PORTO ALEGRE","943812","21/09/2026 - 12:02","BELÉM NOVO","JORGE MELO GUIMARÃES","AVERIGUAÇÃO/CORTE DE ÁRVORE","ABT-0599","1º BBM / 1ª CIA / 5º PEL / BELÉM NOVO","-30.20925147066106","-51.18929386138917","EVENTO EXTREMO | VISTORIA",""
"PORTO ALEGRE","943840","21/09/2026 - 12:39","RESTINGA","JOSÉ LUIZ PEREIRA","AVERIGUAÇÃO/CORTE DE ÁRVORE","ABT-0598","1º BBM / 1ª CIA / 4º PEL / RESTINGA","-30.14632710837136","-51.128675937652595","EDIFICAÇÃO RESIDENCIAL",""
"PORTO ALEGRE","943850","21/09/2026 - 12:52","BELÉM NOVO","JORGE MELO GUIMARÃES","AVERIGUAÇÃO/CORTE DE ÁRVORE","ABT-0599","1º BBM / 1ª CIA / 5º PEL / BELÉM NOVO","-30.209307160260554","-51.18952989578247","REDE ELÉTRICA | VIA PÚBLICA",""
"PORTO ALEGRE","943859","21/09/2026 - 13:05","VILA NOVA","RODRIGUES DA FONSECA","ATENDIMENTO PRÉ-HOSPITALAR","AR-1628","1º BBM / 1ª CIA / 2º PEL / TERESÓPOLIS","-30.116232075758838","-51.207994222641","",""
"PORTO ALEGRE","943887","21/09/2026 - 13:39","CRISTO REDENTOR","ASSIS BRASIL","ATENDIMENTO PRÉ-HOSPITALAR","AR-1628","1º BBM / 1ª CIA / 2º PEL / TERESÓPOLIS","-30.010432418196867","-51.1589527130127","",""
"PORTO ALEGRE","943922","21/09/2026 - 14:18","SÃO GERALDO","GUIDO MONDIM","AVERIGUAÇÃO/CORTE DE ÁRVORE","ABT-0597","1º BBM / 2ª CIA / 1º PEL / FLORESTA","-30.010822518760246","-51.198327541351325","VEÍCULO | VIA PÚBLICA",""
"PORTO ALEGRE","943931","21/09/2026 - 14:26","NONOAI","MESTRE MACEDINHO","INCÊNDIO","ABT-0594","1º BBM / 1ª CIA / 2º PEL / TERESÓPOLIS","-30.090670154106284","-51.211309432983406","EDIFICAÇÃO RESIDENCIAL UNIFAMILIAR",""
"PORTO ALEGRE","943939","21/09/2026 - 14:33","RESTINGA","ESTRADA COSTA GAMA","ATENDIMENTO PRÉ-HOSPITALAR","AR-1628","1º BBM / 1ª CIA / 2º PEL / TERESÓPOLIS","-30.13789027183622","-51.168844699859626","",""
"PORTO ALEGRE","943941","21/09/2026 - 14:35","LAMI","RUA GEDI DOS SANTOS SILVA","AVERIGUAÇÃO/CORTE DE ÁRVORE","ABT-0599","1º BBM / 1ª CIA / 5º PEL / BELÉM NOVO","-30.225459796966163","-51.09161853790283","EDIFICAÇÃO RESIDENCIAL | EVENTO EXTREMO | VEÍCULO",""
"PORTO ALEGRE","943957","21/09/2026 - 14:49","PETRÓPOLIS","AMÉLIA TELES","AVERIGUAÇÃO/CORTE DE ÁRVORE","ABT-0595","1º BBM / 1ª CIA / 1º PEL / AÇORIANOS","-30.039970388085887","-51.19098901748658","EDIFICAÇÃO RESIDENCIAL | VISTORIA",""
"PORTO ALEGRE","943967","21/09/2026 - 14:57","PASSO DAREIA","DOUTOR GASTÃO SANTOS","AVERIGUAÇÃO/CORTE DE ÁRVORE","ABT-0600","1º BBM / 2ª CIA / 2º PEL / PASSO D`AREIA","-30.017864808799462","-51.16287953469078","PRAÇA | VEÍCULO | VIA PÚBLICA",""
"PORTO ALEGRE","943984","21/09/2026 - 15:14","RESTINGA","QUATRO FIGUEIRAS","AVERIGUAÇÃO/CORTE DE ÁRVORE","ABTS-866","BBS / 1ª CIA / 1º PEL / TERRESTRE","-30.149087084860795","-51.134100724543806","EVENTO EXTREMO",""
"PORTO ALEGRE","943996","21/09/2026 - 15:20","RESTINGA","GABRIEL GONÇALVES DE MOURA","AVERIGUAÇÃO/CORTE DE ÁRVORE","ATP-0543","1º BBM / 1ª CIA / 1º PEL / AÇORIANOS","-30.151955192123165","-51.14363143370733","EDIFICAÇÃO RESIDENCIAL",""
"PORTO ALEGRE","943999","21/09/2026 - 15:21","RESTINGA","BISPO MARINO PRUDENCIO MOREIRA","AVERIGUAÇÃO/CORTE DE ÁRVORE","ABT-0598","1º BBM / 1ª CIA / 4º PEL / RESTINGA","-30.147700946645635","-51.12462043762207","EDIFICAÇÃO RESIDENCIAL",""
"PORTO ALEGRE","944020","21/09/2026 - 15:37","PETRÓPOLIS","AMÉLIA TELES","AVERIGUAÇÃO/CORTE DE ÁRVORE","ABT-0595","1º BBM / 1ª CIA / 1º PEL / AÇORIANOS","-30.039970388085887","-51.190924644470215","ÁREA COMERCIAL OU INDUSTRIAL | VISTORIA",""
"PORTO ALEGRE","944030","21/09/2026 - 15:45","MORRO SANTANA","SEIS","AVERIGUAÇÃO/CORTE DE ÁRVORE","ABT-1364","1º BBM / 2ª CIA / 3º PEL / PARTENON","-30.04808921533265","-51.130070637488494","EDIFICAÇÃO RESIDENCIAL | EVENTO EXTREMO | VISTORIA",""
"PORTO ALEGRE","944059","21/09/2026 - 16:25","CENTRO HISTÓRICO","RUA DOS ANDRADAS","ATENDIMENTO PRÉ-HOSPITALAR","AR-1628","1º BBM / 1ª CIA / 2º PEL / TERESÓPOLIS","-30.03156628485236","-51.2349557876587","",""
"PORTO ALEGRE","944064","21/09/2026 - 16:29","CENTRO","GENERAL LIMA E SILVA","INCÊNDIO","ABT-0595","1º BBM / 1ª CIA / 1º PEL / AÇORIANOS","-30.04318279910551","-51.217349767684944","EDIFICAÇÃO COMERCIAL",""
"PORTO ALEGRE","944068","21/09/2026 - 16:34","SANTANA","RUA RAMIRO BARCELOS","AVERIGUAÇÃO/CORTE DE ÁRVORE","ABT-1365","1º BBM / 2ª CIA / 1º PEL / FLORESTA","-30.04132805379019","-51.208069324493415","EDIFICAÇÃO PÚBLICA | EVENTO EXTREMO",""
"PORTO ALEGRE","944083","21/09/2026 - 16:49","VILA NOVA","AMAPA","ATENDIMENTO PRÉ-HOSPITALAR","ABT-0594","1º BBM / 1ª CIA / 2º PEL / TERESÓPOLIS","-30.11001474121018","-51.20892763137818","",""
"PORTO ALEGRE","944083","21/09/2026 - 16:49","VILA NOVA","AMAPA","ATENDIMENTO PRÉ-HOSPITALAR","AR-1628","1º BBM / 1ª CIA / 2º PEL / TERESÓPOLIS","-30.108834783713196","-51.21423840522767","",""
"PORTO ALEGRE","944098","21/09/2026 - 17:06","TRISTEZA","DOUTOR BARCELOS","AVERIGUAÇÃO/CORTE DE ÁRVORE","ABT-0596","1º BBM / 1ª CIA / 3º PEL / ASSUNÇÃO","-30.106672378924152","-51.25210045546893","VISTORIA",""
"PORTO ALEGRE","944107","21/09/2026 - 17:15","NAVEGANTES","SÃO JOSÉ","INCÊNDIO","ABT-0595","1º BBM / 1ª CIA / 1º PEL / AÇORIANOS","-29.997091609138348","-51.20251178741456","TRANSFORMADOR/REDE ELÉTRICA",""
"PORTO ALEGRE","944118","21/09/2026 - 17:35","VILA IPIRANGA","AV BRASILIA","AVERIGUAÇÃO/CORTE DE ÁRVORE","ABT-0600","1º BBM / 2ª CIA / 2º PEL / PASSO D`AREIA","-30.02156208859203","-51.149425506591804","VISTORIA",""
"PORTO ALEGRE","944120","21/09/2026 - 17:39","HUMAITÁ","RUA DONA TEODORA","AVERIGUAÇÃO/CORTE DE ÁRVORE","ABT-1365","1º BBM / 2ª CIA / 1º PEL / FLORESTA","-29.989803154824227","-51.197125911712654","VISTORIA",""
"PORTO ALEGRE","944147","21/09/2026 - 18:04","RESTINGA","DA PAIXÃO","AVERIGUAÇÃO/CORTE DE ÁRVORE","ABT-0598","1º BBM / 1ª CIA / 4º PEL / RESTINGA","-30.13800512889144","-51.11575841903687","EDIFICAÇÃO RESIDENCIAL",""
"PORTO ALEGRE","944152","21/09/2026 - 18:06","CORONEL APARÍCIO BORGES","CABO JOSÉ LUIZ JAQUES","AVERIGUAÇÃO/CORTE DE ÁRVORE","ABT-1364","1º BBM / 2ª CIA / 3º PEL / PARTENON","-30.07791423271524","-51.173814859498414","EDIFICAÇÃO RESIDENCIAL | EVENTO EXTREMO | VISTORIA",""
"PORTO ALEGRE","944169","21/09/2026 - 18:23","HÍPICA","CONSTANTINO FERNANDO ONORATO BOTTIN","ATENDIMENTO PRÉ-HOSPITALAR","AR-1628","1º BBM / 1ª CIA / 2º PEL / TERESÓPOLIS","-30.159848022958965","-51.17697715759277","",""
"PORTO ALEGRE","944180","21/09/2026 - 18:30","SÃO JOSÉ","RUA CONDOR","AVERIGUAÇÃO/CORTE DE ÁRVORE","ABTS-866","BBS / 1ª CIA / 1º PEL / TERRESTRE","-30.071263006973247","-51.17132320368422","EVENTO EXTREMO",""
"PORTO ALEGRE","944195","21/09/2026 - 18:51","CAMAQUÃ","FAUSTINO BARRETO FERNADES","TROTE","ABT-0596","1º BBM / 1ª CIA / 3º PEL / ASSUNÇÃO","-30.10919693793504","-51.238088589468646","",""
"PORTO ALEGRE","944233","21/09/2026 - 20:05","APARÍCIO BORGES","MARIA BASTOS","AVERIGUAÇÃO/CORTE DE ÁRVORE","ABT-1364","1º BBM / 2ª CIA / 3º PEL / PARTENON","-30.075352130245957","-51.181097409241474","EDIFICAÇÃO RESIDENCIAL | EVENTO EXTREMO | REDE ELÉTRICA | VISTORIA",""
"PORTO ALEGRE","944265","21/09/2026 - 21:23","BOM FIM","OSVALDO ARANHA","OCORRÊNCIA NÃO ATENDIDA","AR-1628","1º BBM / 1ª CIA / 2º PEL / TERESÓPOLIS","-30.032430277539113","-51.219586730003364","",""
"PORTO ALEGRE","944272","21/09/2026 - 21:51","PASSO DAREIA","ARTHUR FABIÃO CARNEIRO","AVERIGUAÇÃO/CORTE DE ÁRVORE","ABT-0600","1º BBM / 2ª CIA / 2º PEL / PASSO D`AREIA","-30.100917717893694","-51.188628673553474","VISTORIA",""
"PORTO ALEGRE","944305","22/09/2026 - 04:06","VILA NOVA","CARLOS SUPERTI","ATENDIMENTO PRÉ-HOSPITALAR","AR-1628","1º BBM / 1ª CIA / 2º PEL / TERESÓPOLIS","-30.123108512530493","-51.21792912483216","",""
"PORTO ALEGRE","944314","22/09/2026 - 07:49","RESTINGA","BECO DA PAIXAO","AVERIGUAÇÃO/CORTE DE ÁRVORE","ABT-0598","1º BBM / 1ª CIA / 4º PEL / RESTINGA","-30.136797640530855","-51.115007400512695","VIA PÚBLICA",""
"PORTO ALEGRE","944322","22/09/2026 - 08:32","SÃO JOSÉ","NOVE DE JUNHO","AÇÕES PREVENTIVAS","ABT-1364","1º BBM / 2ª CIA / 3º PEL / PARTENON","-30.074274978933946","-51.16079807281495","APOIO À PESSOA OU INSTITUIÇÃO",""
"PORTO ALEGRE","944332","22/09/2026 - 08:59","APARÍCIO BORGES","MARIA BASTOS","AVERIGUAÇÃO/CORTE DE ÁRVORE","ABT-1364","1º BBM / 2ª CIA / 3º PEL / PARTENON","-30.06907539449956","-51.183006754298546","EDIFICAÇÃO RESIDENCIAL",""
"PORTO ALEGRE","944342","22/09/2026 - 09:12","TRISTEZA","DOUTOR BARCELOS","AVERIGUAÇÃO/CORTE DE ÁRVORE","ABT-0596","1º BBM / 1ª CIA / 3º PEL / ASSUNÇÃO","-30.099685102794815","-51.231755687828056","VIA PÚBLICA",""
"PORTO ALEGRE","944358","22/09/2026 - 09:40","BELÉM NOVO","HEITOR VIEIRA","AVERIGUAÇÃO/CORTE DE ÁRVORE","ABT-0599","1º BBM / 1ª CIA / 5º PEL / BELÉM NOVO","-30.222803953198845","-51.171398162841804","VISTORIA",""
"PORTO ALEGRE","944360","22/09/2026 - 09:43","PETRÓPOLIS","AV BAGÉ","ATENDIMENTO PRÉ-HOSPITALAR","AR-1628","1º BBM / 1ª CIA / 2º PEL / TERESÓPOLIS","-30.0384140915003","-51.18051767349244","",""
"PORTO ALEGRE","944376","22/09/2026 - 09:56","RESTINGA","BECO DA PAIXAO","AVERIGUAÇÃO/CORTE DE ÁRVORE","ABT-0598","1º BBM / 1ª CIA / 4º PEL / RESTINGA","-30.138666541119","-51.11633777618409","VISTORIA",""
"PORTO ALEGRE","944389","22/09/2026 - 10:20","PARTENON","BARÃO DO AMAZONAS","AVERIGUAÇÃO/MANEJO DE INSETOS","ABT-0595","1º BBM / 1ª CIA / 1º PEL / AÇORIANOS","-30.05672459132329","-51.190087795257575","VISTORIA",""
"PORTO ALEGRE","944391","22/09/2026 - 10:24","LAMI","ESTRADA  EXTREMA","AVERIGUAÇÃO/CORTE DE ÁRVORE","ABT-0599","1º BBM / 1ª CIA / 5º PEL / BELÉM NOVO","-30.209160302911833","-51.08638286590576","VIA PÚBLICA",""
"PORTO ALEGRE","944403","22/09/2026 - 10:40","RESTINGA","GABRIEL GONÇALVES DE MOURA","AVERIGUAÇÃO/CORTE DE ÁRVORE","ABT-0598","1º BBM / 1ª CIA / 4º PEL / RESTINGA","-30.14326212616504","-51.09990119934083","EDIFICAÇÃO RESIDENCIAL",""
"PORTO ALEGRE","944411","22/09/2026 - 10:55","HUMAITÁ","DR. CAIO BRANDÃO DE MELLO","AVERIGUAÇÃO/CORTE DE ÁRVORE","ABT-1365","1º BBM / 2ª CIA / 1º PEL / FLORESTA","-29.979676755390294","-51.186633110046394","EDIFICAÇÃO PÚBLICA",""
"PORTO ALEGRE","944417","22/09/2026 - 10:58","VILA JARDIM","ÁLVARO NICOFÉ","AVERIGUAÇÃO/CORTE DE ÁRVORE","ABT-0600","1º BBM / 2ª CIA / 2º PEL / PASSO D`AREIA","-30.035625261038444","-51.150133609771736","EDIFICAÇÃO RESIDENCIAL",""
"PORTO ALEGRE","944418","22/09/2026 - 10:58","TERESÓPOLIS","RUA DA PAZ","AVERIGUAÇÃO/CORTE DE ÁRVORE","ABT-0594","1º BBM / 1ª CIA / 2º PEL / TERESÓPOLIS","-30.082741927243603","-51.20892763137818","VISTORIA",""
"PORTO ALEGRE","944436","22/09/2026 - 11:47","NONOAI","MONTE ARRAES","AVERIGUAÇÃO/MANEJO DE INSETOS","ABT-0594","1º BBM / 1ª CIA / 2º PEL / TERESÓPOLIS","-30.091004084115365","-51.229526996612556","VISTORIA",""
"PORTO ALEGRE","944460","22/09/2026 - 12:43","SANTA TEREZA","PRISMA","INCÊNDIO","ABT-0595","1º BBM / 1ª CIA / 1º PEL / AÇORIANOS","-30.07798897738792","-51.230857372283936","EDIFICAÇÃO RESIDENCIAL UNIFAMILIAR",""
"PORTO ALEGRE","944472","22/09/2026 - 13:19","JARDIM CARVALHO","GRALHA AZUL","AVERIGUAÇÃO/MANEJO DE INSETOS","ABT-0594","1º BBM / 1ª CIA / 2º PEL / TERESÓPOLIS","-30.0565585021323","-51.15133523941041","VISTORIA",""
"PORTO ALEGRE","944474","22/09/2026 - 13:21","ABERTA DOS MORROS","BECO DO IMPERIO","ATENDIMENTO PRÉ-HOSPITALAR","AR-1628","1º BBM / 1ª CIA / 2º PEL / TERESÓPOLIS","-30.16002624828782","-51.19772672653198","",""
"PORTO ALEGRE","944495","22/09/2026 - 13:59","CIDADE BAIXA","JOSÉ DO PATROCÍNIO","AVERIGUAÇÃO/MANEJO DE INSETOS","ABT-1365","1º BBM / 2ª CIA / 1º PEL / FLORESTA","-30.04047384894572","-51.22270345687867","VISTORIA",""
"PORTO ALEGRE","944496","22/09/2026 - 13:59","SERRARIA","SERRARIA","INCÊNDIO","ABT-0599","1º BBM / 1ª CIA / 5º PEL / BELÉM NOVO","-30.170283831507977","-51.21392726898194","EDIFICAÇÃO COMERCIAL",""
"PORTO ALEGRE","944496","22/09/2026 - 13:59","SERRARIA","SERRARIA","OCORRÊNCIA NÃO ATENDIDA","AT-1590","1º BBM / 1ª CIA / 1º PEL / AÇORIANOS","-30.1680811353297","-51.21364831924439","",""
"PORTO ALEGRE","944511","22/09/2026 - 14:19","RESTINGA","BECO DA PAIXAO","AVERIGUAÇÃO/CORTE DE ÁRVORE","ABT-0598","1º BBM / 1ª CIA / 4º PEL / RESTINGA","-30.1380014764038","-51.115522384643555","EDIFICAÇÃO RESIDENCIAL",""
"PORTO ALEGRE","944517","22/09/2026 - 14:23","NONOAI","AVENIDA NONOAI","OCORRÊNCIA NÃO ATENDIDA","ABT-0594","1º BBM / 1ª CIA / 2º PEL / TERESÓPOLIS","-30.08743949936449","-51.216394901275635","",""
"PORTO ALEGRE","944524","22/09/2026 - 14:28","SERRARIA","AGENOR MENDES OURIQUES","AVERIGUAÇÃO/CORTE DE ÁRVORE","ABT-0599","1º BBM / 1ª CIA / 5º PEL / BELÉM NOVO","-30.162086849733043","-51.214570999145515","EDIFICAÇÃO RESIDENCIAL",""
"PORTO ALEGRE","944530","22/09/2026 - 14:36","PROTÁSIO ALVES","EMÍLIO KEIDANN","AVERIGUAÇÃO/CORTE DE ÁRVORE","ABT-1364","1º BBM / 2ª CIA / 3º PEL / PARTENON","-30.038517","-51.17387","EVENTO EXTREMO",""
"PORTO ALEGRE","944577","22/09/2026 - 15:59","SANTA MARIA GORETTI","SÃO NICOLAU","INCÊNDIO","ABT-1365","1º BBM / 2ª CIA / 1º PEL / FLORESTA","-30.00588031885899","-51.1754322052002","EDIFICAÇÃO RESIDENCIAL UNIFAMILIAR",""
"PORTO ALEGRE","944587","22/09/2026 - 16:15","MORRO SANTANA","AV. PROTÁSIO ALVES","ATENDIMENTO PRÉ-HOSPITALAR","AR-1628","1º BBM / 1ª CIA / 2º PEL / TERESÓPOLIS","-30.04149623242513","-51.15247249603272","",""
"PORTO ALEGRE","944591","22/09/2026 - 16:26","BOM JESUS","PIO X","OCORRÊNCIA NÃO ATENDIDA","ABT-1364","1º BBM / 2ª CIA / 3º PEL / PARTENON","-30.04844202011291","-51.1574721214235","",""
"PORTO ALEGRE","944603","22/09/2026 - 16:44","SÃO JOSÉ","CONDOR","AVERIGUAÇÃO/CORTE DE ÁRVORE","ABT-1364","1º BBM / 2ª CIA / 3º PEL / PARTENON","-30.081535079729903","-51.15094926694418","EVENTO EXTREMO",""
"PORTO ALEGRE","944610","22/09/2026 - 16:59","PASSO DAREIA","TÚLIO DE ROSE","ATENDIMENTO PRÉ-HOSPITALAR","AR-1628","1º BBM / 1ª CIA / 2º PEL / TERESÓPOLIS","-30.022862599581767","-51.1620855331421","",""
"PORTO ALEGRE","944612","22/09/2026 - 17:06","CRISTAL","DIVISA","AVERIGUAÇÃO/CORTE DE ÁRVORE","ABT-0596","1º BBM / 1ª CIA / 3º PEL / ASSUNÇÃO","-30.085174439710997","-51.234955729647126","EDIFICAÇÃO RESIDENCIAL",""
"PORTO ALEGRE","944615","22/09/2026 - 17:12","MORRO SANTANA","AV. PROTÁSIO ALVES","ATENDIMENTO PRÉ-HOSPITALAR","AR-1628","1º BBM / 1ª CIA / 2º PEL / TERESÓPOLIS","-30.040678059159003","-51.12977027893067","",""
"PORTO ALEGRE","944626","22/09/2026 - 17:32","RUBEM BERTA","PROFESSOR FREDERICO LAMACHIA FILHO","AVERIGUAÇÃO/CORTE DE ÁRVORE","ABT-0600","1º BBM / 2ª CIA / 2º PEL / PASSO D`AREIA","-30.013461280700845","-51.09633922576904","VISTORIA",""
"PORTO ALEGRE","944642","22/09/2026 - 18:08","RESTINGA","BISPO MARINO PRUDENCIO MOREIRA","AVERIGUAÇÃO/CORTE DE ÁRVORE","ABT-0598","1º BBM / 1ª CIA / 4º PEL / RESTINGA","-30.152631864719734","-51.13353610038758","EDIFICAÇÃO RESIDENCIAL",""
"PORTO ALEGRE","944665","22/09/2026 - 19:13","CRISTAL","DOUTOR CAMPOS VELHO","ATENDIMENTO PRÉ-HOSPITALAR","AR-1628","1º BBM / 1ª CIA / 2º PEL / TERESÓPOLIS","-30.092452031037556","-51.237530708312995","",""
"PORTO ALEGRE","944666","22/09/2026 - 19:17","NONOAI","MONTE ARRAES","AVERIGUAÇÃO/MANEJO DE INSETOS","ABT-0594","1º BBM / 1ª CIA / 2º PEL / TERESÓPOLIS","-30.091115596880122","-51.22948408126831","EXTERMÍNIO",""
"PORTO ALEGRE","944696","22/09/2026 - 20:40","LAMI","ESTRADA OTAVIANO JOSÉ PINTO","AÇÕES PREVENTIVAS","ABT-0599","1º BBM / 1ª CIA / 5º PEL / BELÉM NOVO","-30.235489200601148","-51.069002151489265","APOIO À PESSOA OU INSTITUIÇÃO",""
"PORTO ALEGRE","944697","22/09/2026 - 20:46","NONOAI","TAVEIRA JÚNIOR","SALVAMENTO/BUSCA/RESGATE","ABT-0594","1º BBM / 1ª CIA / 2º PEL / TERESÓPOLIS","-30.090877718547116","-51.20824098587037","COLISÃO/CHOQUE",""
"PORTO ALEGRE","944707","22/09/2026 - 21:15","CRISTAL","CHUÍ","INCÊNDIO","ABT-0596","1º BBM / 1ª CIA / 3º PEL / ASSUNÇÃO","-30.081887686727686","-51.24325979990539","EDIFICAÇÃO MULTIFAMILIAR",""
"PORTO ALEGRE","944708","22/09/2026 - 21:21","PARTENON","AV. IPIRANGA","SALVAMENTO/BUSCA/RESGATE","ABTS-866","BBS / 1ª CIA / 1º PEL / TERRESTRE","-30.064302883184887","-51.1507773399353","SUICÍDIO/TENTATIVA",""
"PORTO ALEGRE","944708","22/09/2026 - 21:21","PARTENON","AV. IPIRANGA","OCORRÊNCIA NÃO ATENDIDA","ABT-0595","1º BBM / 1ª CIA / 1º PEL / AÇORIANOS","-30.049652494549562","-51.195323467254646","",""
"PORTO ALEGRE","944716","22/09/2026 - 22:18","PETRÓPOLIS","ÁLVARES MACHADO","PRODUTOS PERIGOSOS","ABT-1365","1º BBM / 2ª CIA / 1º PEL / FLORESTA","-30.04574874150614","-51.187105178833015","EXPLOSIVO",""
"PORTO ALEGRE","944736","23/09/2026 - 01:50","CENTRO","GENERAL VASCO ALVES","INCÊNDIO","ABT-0595","1º BBM / 1ª CIA / 1º PEL / AÇORIANOS","-30.033598427866988","-51.238281726837165","CONTAINER",""
"PORTO ALEGRE","944758","23/09/2026 - 07:31","PARTENON","BARÃO DO AMAZONAS","INCÊNDIO","ABT-1364","1º BBM / 2ª CIA / 3º PEL / PARTENON","-30.057840099720945","-51.190903186798096","TRANSFORMADOR/REDE ELÉTRICA",""
"PORTO ALEGRE","944767","23/09/2026 - 08:38","SÃO JOSÉ","RUA CONDOR","AVERIGUAÇÃO/CORTE DE ÁRVORE","ABT-1364","1º BBM / 2ª CIA / 3º PEL / PARTENON","-30.080977460667885","-51.149039262387184","OCORRÊNCIA DE VULTO",""
"PORTO ALEGRE","944773","23/09/2026 - 08:56","RESTINGA","GABRIEL GONÇALVES DE MOURA","AVERIGUAÇÃO/CORTE DE ÁRVORE","ABT-0598","1º BBM / 1ª CIA / 4º PEL / RESTINGA","-30.143261438905594","-51.09985828399659","EDIFICAÇÃO RESIDENCIAL",""
"PORTO ALEGRE","944777","23/09/2026 - 09:08","LAMI","NOVA OLINDA","AVERIGUAÇÃO/CORTE DE ÁRVORE","ABT-0599","1º BBM / 1ª CIA / 5º PEL / BELÉM NOVO","-30.239196504803406","-51.08827114105225","REDE ELÉTRICA | VISTORIA",""
"PORTO ALEGRE","944780","23/09/2026 - 09:10","CORONEL APARÍCIO BORGES","R MARIA LUIZA PERES","AVERIGUAÇÃO/CORTE DE ÁRVORE","ABT-0595","1º BBM / 1ª CIA / 1º PEL / AÇORIANOS","-30.07472080995238","-51.18195533752442","EDIFICAÇÃO RESIDENCIAL | VISTORIA",""
"PORTO ALEGRE","944800","23/09/2026 - 09:40","BELÉM VELHO","RUA HONDURAS","AVERIGUAÇÃO/MANEJO DE INSETOS","ABT-1364","1º BBM / 2ª CIA / 3º PEL / PARTENON","-30.113595993182816","-51.154875721724416","VISTORIA",""
"PORTO ALEGRE","944807","23/09/2026 - 09:57","GLÓRIA","CORONEL APARÍCIO BORGES","ATENDIMENTO PRÉ-HOSPITALAR","AR-1628","1º BBM / 1ª CIA / 2º PEL / TERESÓPOLIS","-30.072761410021716","-51.1959457397461","",""
"PORTO ALEGRE","944809","23/09/2026 - 10:03","HIGIENÓPOLIS","GERMANO PETERSEN JÚNIOR","SALVAMENTO/BUSCA/RESGATE","ABT-1365","1º BBM / 2ª CIA / 1º PEL / FLORESTA","-30.02107135024636","-51.189991277214794","SUICÍDIO/TENTATIVA",""
"PORTO ALEGRE","944809","23/09/2026 - 10:03","HIGIENÓPOLIS","GERMANO PETERSEN JÚNIOR","SALVAMENTO/BUSCA/RESGATE","ABTS-866","BBS / 1ª CIA / 1º PEL / TERRESTRE","-30.016972947402802","-51.19047403335572","SUICÍDIO/TENTATIVA",""
"PORTO ALEGRE","944844","23/09/2026 - 11:13","SERRARIA","RUA AGENOR MENDES OURÍQUES","AVERIGUAÇÃO/CORTE DE ÁRVORE","ABT-0599","1º BBM / 1ª CIA / 5º PEL / BELÉM NOVO","-30.1628668746688","-51.21152400970459","EDIFICAÇÃO RESIDENCIAL",""
"PORTO ALEGRE","944867","23/09/2026 - 12:38","MÁRIO QUINTANA","DEODORO","AVERIGUAÇÃO/MANEJO DE INSETOS","ABT-0600","1º BBM / 2ª CIA / 2º PEL / PASSO D`AREIA","-30.035750458748605","-51.11836016178132","VISTORIA",""
"PORTO ALEGRE","944868","23/09/2026 - 12:48","GLÓRIA","PROFESSOR OSCAR PEREIRA","INCÊNDIO","ABT-0595","1º BBM / 1ª CIA / 1º PEL / AÇORIANOS","-30.069780853237653","-51.20450735092164","EDIFICAÇÃO RESIDENCIAL UNIFAMILIAR",""
"PORTO ALEGRE","944868","23/09/2026 - 12:48","GLÓRIA","PROFESSOR OSCAR PEREIRA","INCÊNDIO","ABT-0594","1º BBM / 1ª CIA / 2º PEL / TERESÓPOLIS","-30.07472037766097","-51.20238304138184","EDIFICAÇÃO RESIDENCIAL UNIFAMILIAR",""
"PORTO ALEGRE","944873","23/09/2026 - 13:10","CENTRO","DOUTOR FLORES","ATENDIMENTO PRÉ-HOSPITALAR","AR-1628","1º BBM / 1ª CIA / 2º PEL / TERESÓPOLIS","-30.028797844368977","-51.22468829154969","",""
"PORTO ALEGRE","944877","23/09/2026 - 13:17","BELÉM VELHO","ESTRADA AFONSO LOURENÇO MARIANTE","AVERIGUAÇÃO/MANEJO DE INSETOS","ABT-1364","1º BBM / 2ª CIA / 3º PEL / PARTENON","-30.107043419808637","-51.152429565422274","VISTORIA",""
"PORTO ALEGRE","944915","23/09/2026 - 14:12","MÁRIO QUINTANA","TEREZINHA LEAL OLIVEIRA","PRODUTOS PERIGOSOS","ABT-0600","1º BBM / 2ª CIA / 2º PEL / PASSO D`AREIA","-30.03470691360205","-51.102679967880256","OCORRÊNCIA DE VULTO | QUÍMICO",""
"PORTO ALEGRE","944917","23/09/2026 - 14:15","SARANDI","JACKSON DE FIGUEIREDO","AVERIGUAÇÃO/CORTE DE ÁRVORE","ABT-0600","1º BBM / 2ª CIA / 2º PEL / PASSO D`AREIA","-29.980412471036235","-51.12850427627564","EDIFICAÇÃO RESIDENCIAL | VISTORIA",""
"PORTO ALEGRE","944942","23/09/2026 - 15:03","BELÉM VELHO","ESTR. AFONSO LOURENÇO MARIANTE","ATENDIMENTO PRÉ-HOSPITALAR","AR-1628","1º BBM / 1ª CIA / 2º PEL / TERESÓPOLIS","-30.107480106538805","-51.15275144577027","",""
"PORTO ALEGRE","944942","23/09/2026 - 15:03","BELÉM VELHO","ESTR. AFONSO LOURENÇO MARIANTE","ATENDIMENTO PRÉ-HOSPITALAR","ABT-1364","1º BBM / 2ª CIA / 3º PEL / PARTENON","-30.107470815337194","-51.1526870941266","EVENTO EXTREMO",""
"PORTO ALEGRE","944953","23/09/2026 - 15:16","RESTINGA","PADRE PEDRO LEONARDI (LOT VL N RESTINGA","AVERIGUAÇÃO/CORTE DE ÁRVORE","ABT-0598","1º BBM / 1ª CIA / 4º PEL / RESTINGA","-30.148946157587044","-51.130435466766365","EDIFICAÇÃO RESIDENCIAL",""
"PORTO ALEGRE","944969","23/09/2026 - 15:39","RIO BRANCO","DONA LAURA","SALVAMENTO/BUSCA/RESGATE","ABT-1365","1º BBM / 2ª CIA / 1º PEL / FLORESTA","-30.029178908332128","-51.19856361376957","DE ANIMAL",""
"PORTO ALEGRE","945023","23/09/2026 - 17:35","PROTÁSIO ALVES","TENENTE ARY TARRAGO","ATENDIMENTO PRÉ-HOSPITALAR","AR-1628","1º BBM / 1ª CIA / 2º PEL / TERESÓPOLIS","-30.037370250063194","-51.17354393005372","",""
"PORTO ALEGRE","945050","23/09/2026 - 18:37","VILA ASSUNÇÃO","RUA DOUTOR CASTRO DE MENEZES","AVERIGUAÇÃO/CORTE DE ÁRVORE","ABT-0596","1º BBM / 1ª CIA / 3º PEL / ASSUNÇÃO","-30.097908807360277","-51.25157497760152","VISTORIA",""
"PORTO ALEGRE","945063","23/09/2026 - 19:07","APARÍCIO BORGES","CAPITÃO ANDRÉ LAGO PÁRIS","ATENDIMENTO PRÉ-HOSPITALAR","AR-1628","1º BBM / 1ª CIA / 2º PEL / TERESÓPOLIS","-30.07066292504374","-51.18366122245789","",""
"PORTO ALEGRE","945075","23/09/2026 - 19:39","SARANDI","ENGENHEIRO FREDERICO DAHNE","SALVAMENTO/BUSCA/RESGATE","ABT-0600","1º BBM / 2ª CIA / 2º PEL / PASSO D`AREIA","-30.006654924763605","-51.13626619052953","ELEVADORES",""
"PORTO ALEGRE","945088","23/09/2026 - 20:20","FARRAPOS","DONA TEODORA","ATENDIMENTO PRÉ-HOSPITALAR","AR-1628","1º BBM / 1ª CIA / 2º PEL / TERESÓPOLIS","-29.990763050097357","-51.19691133499146","",""
"PORTO ALEGRE","945096","23/09/2026 - 20:47","FLORESTA","QUINTINO BOCAIÚVA","SALVAMENTO/BUSCA/RESGATE","ABT-1365","1º BBM / 2ª CIA / 1º PEL / FLORESTA","-30.028126382325024","-51.19703921714807","DE ANIMAL",""
"PORTO ALEGRE","945122","23/09/2026 - 23:38","CAVALHADA","PAULO MACIEL","INCÊNDIO","ABT-0596","1º BBM / 1ª CIA / 3º PEL / ASSUNÇÃO","-30.128869550047433","-51.21505391431795","EDIFICAÇÃO RESIDENCIAL UNIFAMILIAR",""
"PORTO ALEGRE","945122","23/09/2026 - 23:38","CAVALHADA","PAULO MACIEL","INCÊNDIO","ABT-0599","1º BBM / 1ª CIA / 5º PEL / BELÉM NOVO","-30.130392953059335","-51.21427059173585","EDIFICAÇÃO MULTIFAMILIAR",""
"PORTO ALEGRE","945125","24/09/2026 - 00:59","SARANDI","DOMINGOS DE ABREU","INCÊNDIO","ABT-0600","1º BBM / 2ª CIA / 2º PEL / PASSO D`AREIA","-29.98886077324783","-51.13457679748535","MEIO DE TRANSPORTE",""
"PORTO ALEGRE","945127","24/09/2026 - 01:20","INDEPENDÊNCIA","INDEPENDÊNCIA","PRODUTOS PERIGOSOS","ABT-1365","1º BBM / 2ª CIA / 1º PEL / FLORESTA","-30.02939893766756","-51.21714899512661","EXPLOSIVO",""
"PORTO ALEGRE","945141","24/09/2026 - 08:08","CORONEL APARÍCIO BORGES","CABO JOSÉ LUIZ JAQUES","AVERIGUAÇÃO/CORTE DE ÁRVORE","ABT-291","1º BBM / 2ª CIA / 3º PEL / PARTENON","-30.07735653425538","-51.17399454116821","EDIFICAÇÃO RESIDENCIAL",""
"PORTO ALEGRE","945159","24/09/2026 - 08:59","LOMBA DO PINHEIRO","PIRATININGA","AVERIGUAÇÃO/CORTE DE ÁRVORE","ABT-0598","1º BBM / 1ª CIA / 4º PEL / RESTINGA","-30.117512821677312","-51.09859228134156","EDIFICAÇÃO RESIDENCIAL",""
"PORTO ALEGRE","945162","24/09/2026 - 09:00","SARANDI","JORGE VALMOR GONÇALVES TEIXEIRA","AÇÕES PREVENTIVAS","ABT-0600","1º BBM / 2ª CIA / 2º PEL / PASSO D`AREIA","-29.978671003656014","-51.1228609085083","APOIO À PESSOA OU INSTITUIÇÃO",""
"PORTO ALEGRE","945182","24/09/2026 - 09:22","CRISTAL","DIVISA","AVERIGUAÇÃO/CORTE DE ÁRVORE","ABT-0596","1º BBM / 1ª CIA / 3º PEL / ASSUNÇÃO","-30.084951400670434","-51.23527764052751","VISTORIA",""
"PORTO ALEGRE","945214","24/09/2026 - 10:28","LAMI","RUA ARAÇA 560","AVERIGUAÇÃO/CORTE DE ÁRVORE","ABT-0599","1º BBM / 1ª CIA / 5º PEL / BELÉM NOVO","-30.225217945790995","-51.09037401320572","VISTORIA",""
"PORTO ALEGRE","945230","24/09/2026 - 11:04","AGRONOMIA","DOLORES DURAN","ATENDIMENTO PRÉ-HOSPITALAR","AR-1628","1º BBM / 1ª CIA / 2º PEL / TERESÓPOLIS","-30.117760665939052","-51.09996999605637","",""
"PORTO ALEGRE","945233","24/09/2026 - 11:10","MORRO SANTANA","SEIS","AVERIGUAÇÃO/CORTE DE ÁRVORE","ABT-0600","1º BBM / 2ª CIA / 2º PEL / PASSO D`AREIA","-30.04905607431559","-51.13011360168458","EDIFICAÇÃO RESIDENCIAL",""
"PORTO ALEGRE","945236","24/09/2026 - 11:15","APARÍCIO BORGES","MARIA BASTOS","AVERIGUAÇÃO/CORTE DE ÁRVORE","ABT-0594","1º BBM / 1ª CIA / 2º PEL / TERESÓPOLIS","-30.068322886535388","-51.18281364440919","VISTORIA",""
"PORTO ALEGRE","945257","24/09/2026 - 12:56","RESTINGA","JOÃO ANTÔNIO DA SILVEIRA","ATENDIMENTO PRÉ-HOSPITALAR","AR-1628","1º BBM / 1ª CIA / 2º PEL / TERESÓPOLIS","-30.165082461016617","-51.15345248205241","",""
"PORTO ALEGRE","945269","24/09/2026 - 13:32","CENTRO","GENERAL VITORINO","SALVAMENTO/BUSCA/RESGATE","ABT-0595","1º BBM / 1ª CIA / 1º PEL / AÇORIANOS","-30.030237835452834","-51.223787069320686","ELEVADORES",""
"PORTO ALEGRE","945307","24/09/2026 - 14:47","HIGIENÓPOLIS","PLÍNIO BRASIL MILANO","INCÊNDIO","ABT-1365","1º BBM / 2ª CIA / 1º PEL / FLORESTA","-30.020229133820507","-51.18041471174255","MEIO DE TRANSPORTE",""
"PORTO ALEGRE","945313","24/09/2026 - 15:04","RESTINGA","ESTRADA DO BARRO VERMELHO","INCÊNDIO","ABT-0598","1º BBM / 1ª CIA / 4º PEL / RESTINGA","-30.162753185221018","-51.13507032394409","VEGETAÇÃO",""
"PORTO ALEGRE","945329","24/09/2026 - 15:24","BOM JESUS","PIO X","AVERIGUAÇÃO/MANEJO DE INSETOS","ABT-291","1º BBM / 2ª CIA / 3º PEL / PARTENON","-30.048609361168037","-51.15755796432496","VISTORIA",""
"PORTO ALEGRE","945347","24/09/2026 - 15:48","NAVEGANTES","VENEZUELA","AVERIGUAÇÃO/MANEJO DE INSETOS","ABT-1365","1º BBM / 2ª CIA / 1º PEL / FLORESTA","-29.99256220842346","-51.19993017928097","VISTORIA",""
"PORTO ALEGRE","945360","24/09/2026 - 16:06","MEDIANEIRA","CORONEL NEVES","ATENDIMENTO PRÉ-HOSPITALAR","AR-1628","1º BBM / 1ª CIA / 2º PEL / TERESÓPOLIS","-30.066937212013816","-51.20855502229759","",""
"PORTO ALEGRE","945366","24/09/2026 - 16:13","PRAIA DE BELAS","AV. AURELIANO DE FIGUEIREDO PINTO","AÇÕES PREVENTIVAS","ABT-0595","1º BBM / 1ª CIA / 1º PEL / AÇORIANOS","-30.043985227118647","-51.22769236564637","APOIO À PESSOA OU INSTITUIÇÃO",""
"PORTO ALEGRE","945367","24/09/2026 - 16:15","LAMI","ESTRADA  EXTREMA","AVERIGUAÇÃO/CORTE DE ÁRVORE","ABT-0598","1º BBM / 1ª CIA / 4º PEL / RESTINGA","-30.21122079901267","-51.060783863067634","VISTORIA",""
"PORTO ALEGRE","945386","24/09/2026 - 16:58","BELÉM NOVO","ESTRADA FRANCISCA DE OLIVEIRA VIEIRA","INCÊNDIO","AT-0671","1º BBM / 1ª CIA / 1º PEL / AÇORIANOS","-30.210606751904965","-51.180388927459724","EDIFICAÇÃO RESIDENCIAL UNIFAMILIAR",""
"PORTO ALEGRE","945386","24/09/2026 - 16:58","BELÉM NOVO","ESTRADA FRANCISCA DE OLIVEIRA VIEIRA","INCÊNDIO","ABT-0594","1º BBM / 1ª CIA / 2º PEL / TERESÓPOLIS","-30.19961255481855","-51.17073297500611","EDIFICAÇÃO RESIDENCIAL UNIFAMILIAR",""
"PORTO ALEGRE","945386","24/09/2026 - 16:58","BELÉM NOVO","ESTRADA FRANCISCA DE OLIVEIRA VIEIRA","INCÊNDIO","ABT-0598","1º BBM / 1ª CIA / 4º PEL / RESTINGA","-30.21078806426718","-51.1804747581482","EDIFICAÇÃO RESIDENCIAL UNIFAMILIAR",""
"PORTO ALEGRE","945386","24/09/2026 - 16:58","BELÉM NOVO","ESTRADA FRANCISCA DE OLIVEIRA VIEIRA","INCÊNDIO","ABT-0599","1º BBM / 1ª CIA / 5º PEL / BELÉM NOVO","-30.19731046504249","-51.170539828909305","EDIFICAÇÃO RESIDENCIAL UNIFAMILIAR | OCORRÊNCIA DE VULTO",""
"PORTO ALEGRE","945388","24/09/2026 - 17:01","TERESÓPOLIS","ENGENHEIRO LUDOLFO BOHEL","ATENDIMENTO PRÉ-HOSPITALAR","AR-1628","1º BBM / 1ª CIA / 2º PEL / TERESÓPOLIS","-30.08205036833187","-51.2088818525635","",""
"PORTO ALEGRE","945392","24/09/2026 - 17:10","FARROUPILHA","JOÃO PESSOA","AÇÕES PREVENTIVAS","ABT-0595","1º BBM / 1ª CIA / 1º PEL / AÇORIANOS","-30.035826512987743","-51.22120141983033","APOIO À PESSOA OU INSTITUIÇÃO",""
"PORTO ALEGRE","945425","24/09/2026 - 18:25","BELÉM NOVO","JUCA BATISTA","ATENDIMENTO PRÉ-HOSPITALAR","AR-1628","1º BBM / 1ª CIA / 2º PEL / TERESÓPOLIS","-30.185877229160518","-51.174591355259764","",""
"PORTO ALEGRE","945460","24/09/2026 - 20:01","SARANDI","BERNARDINO SILVEIRA PASTORIZA","INCÊNDIO","ABT-0600","1º BBM / 2ª CIA / 2º PEL / PASSO D`AREIA","-29.991210397574797","-51.101746559143066","LIXO",""
"PORTO ALEGRE","945471","24/09/2026 - 20:35","PETRÓPOLIS","FERREIRA VIANA","SALVAMENTO/BUSCA/RESGATE","ABT-291","1º BBM / 2ª CIA / 3º PEL / PARTENON","-30.046250305751283","-51.188628673553474","DE ANIMAL",""
"PORTO ALEGRE","945504","25/09/2026 - 00:33","MEDIANEIRA","EURICO LARA","INCÊNDIO","ABT-0595","1º BBM / 1ª CIA / 1º PEL / AÇORIANOS","-30.062351855106243","-51.21427059173585","EDIFICAÇÃO MULTIFAMILIAR",""
"PORTO ALEGRE","945516","25/09/2026 - 04:21","TRISTEZA","LANDEL DE MOURA","INCÊNDIO","ABT-0596","1º BBM / 1ª CIA / 3º PEL / ASSUNÇÃO","-30.11522712056019","-51.25218542819684","EDIFICAÇÃO RESIDENCIAL UNIFAMILIAR",""
"PORTO ALEGRE","945548","25/09/2026 - 08:54","AGRONOMIA","BENTO GONÇALVES","ATENDIMENTO PRÉ-HOSPITALAR","AR-1628","1º BBM / 1ª CIA / 2º PEL / TERESÓPOLIS","-30.075210592672093","-51.134477550820954","",""
"PORTO ALEGRE","945552","25/09/2026 - 09:00","VILA ASSUNÇÃO","DOUTOR CASTRO DE MENEZES","AVERIGUAÇÃO/CORTE DE ÁRVORE","ABT-0596","1º BBM / 1ª CIA / 3º PEL / ASSUNÇÃO","-30.097630054208015","-51.25128525933578","ÁREA COMERCIAL OU INDUSTRIAL | EDIFICAÇÃO PÚBLICA | REDE ELÉTRICA",""
"PORTO ALEGRE","945562","25/09/2026 - 09:27","RESTINGA","ESTRADA JOÃO ANTONIO DA SILVEIRA","AVERIGUAÇÃO/CORTE DE ÁRVORE","ABT-0598","1º BBM / 1ª CIA / 4º PEL / RESTINGA","-30.16585149479459","-51.15474700927735","EDIFICAÇÃO RESIDENCIAL",""
"PORTO ALEGRE","945566","25/09/2026 - 09:32","FARROUPILHA","JOSÉ BONIFÁCIO","INCÊNDIO","ABT-0595","1º BBM / 1ª CIA / 1º PEL / AÇORIANOS","-30.03897371949228","-51.214662194252014","EDIFICAÇÃO COMERCIAL",""
"PORTO ALEGRE","945592","25/09/2026 - 10:32","ARQUIPÉLAGO","NOSSA SENHORA APARECIDA","AVERIGUAÇÃO/CORTE DE ÁRVORE","ABT-1365","1º BBM / 2ª CIA / 1º PEL / FLORESTA","-29.94940531705733","-51.2307071685791","VIA PÚBLICA",""
"PORTO ALEGRE","945609","25/09/2026 - 10:53","VILA CONCEIÇÃO","PADRE JOÃO BATISTA REUS","ATENDIMENTO PRÉ-HOSPITALAR","AR-1628","1º BBM / 1ª CIA / 2º PEL / TERESÓPOLIS","-30.115632568322823","-51.250063895751815","",""
"PORTO ALEGRE","945632","25/09/2026 - 11:56","CRISTAL","DIÁRIO DE NOTÍCIAS","ATENDIMENTO PRÉ-HOSPITALAR","AR-1628","1º BBM / 1ª CIA / 2º PEL / TERESÓPOLIS","-30.089279730947567","-51.24830438649057","",""
"PORTO ALEGRE","945663","25/09/2026 - 13:42","PETRÓPOLIS","GUILHERME ALVES","ATENDIMENTO PRÉ-HOSPITALAR","AR-1628","1º BBM / 1ª CIA / 2º PEL / TERESÓPOLIS","-30.051079082256873","-51.18609599915589","",""
"PORTO ALEGRE","945746","25/09/2026 - 16:18","LAMI","ESTRADA OTAVIANO JOSE PINTO","AVERIGUAÇÃO/CORTE DE ÁRVORE","ABT-0599","1º BBM / 1ª CIA / 5º PEL / BELÉM NOVO","-30.237233680592485","-51.09264850616456","EVENTO EXTREMO | VISTORIA",""
"PORTO ALEGRE","945753","25/09/2026 - 16:31","ESPÍRITO SANTO","AVENIDA DA SERRARIA","ATENDIMENTO PRÉ-HOSPITALAR","AR-1628","1º BBM / 1ª CIA / 2º PEL / TERESÓPOLIS","-30.154116368860592","-51.220192706681836","",""
"PORTO ALEGRE","945771","25/09/2026 - 17:16","SARANDI","JORGE VALMOR GONÇALVES TEIXEIRA","AVERIGUAÇÃO/CORTE DE ÁRVORE","ABT-0600","1º BBM / 2ª CIA / 2º PEL / PASSO D`AREIA","-29.97953620448407","-51.122667789459236","EDIFICAÇÃO RESIDENCIAL",""
"PORTO ALEGRE","945780","25/09/2026 - 17:45","BOM FIM","RUA IRMÃO JOSÉ OTÃO","ATENDIMENTO PRÉ-HOSPITALAR","AR-1628","1º BBM / 1ª CIA / 2º PEL / TERESÓPOLIS","-30.03078896472389","-51.21613958607992","",""
"PORTO ALEGRE","945798","25/09/2026 - 18:14","LOMBA DO PINHEIRO","DA OCUPAÇÃO","AVERIGUAÇÃO/CORTE DE ÁRVORE","ABT-0598","1º BBM / 1ª CIA / 4º PEL / RESTINGA","-30.123878456190862","-51.1086130142212","EDIFICAÇÃO RESIDENCIAL",""
"PORTO ALEGRE","945800","25/09/2026 - 18:18","VILA NOVA","ESTRADA TRÊS MENINAS","ATENDIMENTO PRÉ-HOSPITALAR","AR-1628","1º BBM / 1ª CIA / 2º PEL / TERESÓPOLIS","-30.117999786003352","-51.20267564988428","",""
"PORTO ALEGRE","945803","25/09/2026 - 18:25","CORONEL APARÍCIO BORGES","DO MATO","AVERIGUAÇÃO/CORTE DE ÁRVORE","ABT-291","1º BBM / 2ª CIA / 3º PEL / PARTENON","-30.077840706216335","-51.17541074752808","VISTORIA",""
"PORTO ALEGRE","945852","25/09/2026 - 20:30","RESTINGA","ESTRADA JOAO ANTONIO DA SILVEIRA","ATENDIMENTO PRÉ-HOSPITALAR","ABT-0598","1º BBM / 1ª CIA / 4º PEL / RESTINGA","-30.165777209220334","-51.15468263626099","",""
"PORTO ALEGRE","945862","25/09/2026 - 21:11","HÍPICA","ESTRADA EDGAR PIRES DE CASTRO","ATENDIMENTO PRÉ-HOSPITALAR","AR-1628","1º BBM / 1ª CIA / 2º PEL / TERESÓPOLIS","-30.15539153972574","-51.18292731047424","",""
"PORTO ALEGRE","945876","25/09/2026 - 22:34","RIO BRANCO","MIGUEL TOSTES","INCÊNDIO","ABT-1365","1º BBM / 2ª CIA / 1º PEL / FLORESTA","-30.034584161941744","-51.20570898056031","TRANSFORMADOR/REDE ELÉTRICA",""
"PORTO ALEGRE","945890","25/09/2026 - 23:49","AZENHA","AVENIDA BENTO GONÇALVES","ATENDIMENTO PRÉ-HOSPITALAR","AR-1628","1º BBM / 1ª CIA / 2º PEL / TERESÓPOLIS","-30.050813957778633","-51.211339466969925","",""
"PORTO ALEGRE","945909","26/09/2026 - 03:09","PASSO DAREIA","VALENTIM VICENTINI","INCÊNDIO","ABT-1365","1º BBM / 2ª CIA / 1º PEL / FLORESTA","-30.0143900932176","-51.17743313312531","MEIO DE TRANSPORTE",""
"PORTO ALEGRE","945916","26/09/2026 - 03:52","RIO BRANCO","ENGENHEIRO ILDO MENEGHETTI","INCÊNDIO","ABT-1365","1º BBM / 2ª CIA / 1º PEL / FLORESTA","-30.03181698524201","-51.20853066444397","LIXO",""
"PORTO ALEGRE","945938","26/09/2026 - 08:44","NONOAI","NONOAI","SALVAMENTO/BUSCA/RESGATE","ABT-0594","1º BBM / 1ª CIA / 2º PEL / TERESÓPOLIS","-30.087420913221447","-51.216394901275635","DE ANIMAL",""
"PORTO ALEGRE","945943","26/09/2026 - 08:49","FLORESTA","RUA 3 DE MAIO","SALVAMENTO/BUSCA/RESGATE","ABT-1365","1º BBM / 2ª CIA / 1º PEL / FLORESTA","-30.015709558389535","-51.20103124606329","DE ANIMAL",""
"PORTO ALEGRE","945945","26/09/2026 - 08:51","CORONEL APARÍCIO BORGES","DO MATO","AVERIGUAÇÃO/CORTE DE ÁRVORE","ABT-291","1º BBM / 2ª CIA / 3º PEL / PARTENON","-30.077283066292868","-51.1748743057251","EDIFICAÇÃO RESIDENCIAL | EVENTO EXTREMO",""
"PORTO ALEGRE","945947","26/09/2026 - 08:57","LOMBA DO PINHEIRO","DA OCUPAÇÃO","AVERIGUAÇÃO/CORTE DE ÁRVORE","ABT-0598","1º BBM / 1ª CIA / 4º PEL / RESTINGA","-30.124064248905167","-51.108934879302986","EDIFICAÇÃO RESIDENCIAL",""
"PORTO ALEGRE","945948","26/09/2026 - 08:58","ABERTA DOS MORROS","CARLOS NOBRE","AVERIGUAÇÃO/MANEJO DE INSETOS","ABT-0599","1º BBM / 1ª CIA / 5º PEL / BELÉM NOVO","-30.16004482076996","-51.19753360748291","VISTORIA",""
"PORTO ALEGRE","945952","26/09/2026 - 09:04","LAMI","ESTRADA OTAVIANO JOSÉ PINTO","AVERIGUAÇÃO/CORTE DE ÁRVORE","ABT-0599","1º BBM / 1ª CIA / 5º PEL / BELÉM NOVO","-30.237576256141438","-51.09088897705079","EVENTO EXTREMO",""
"PORTO ALEGRE","945956","26/09/2026 - 09:12","JARDIM CARVALHO","ARISTIDES ROSA","AVERIGUAÇÃO/CORTE DE ÁRVORE","ABT-291","1º BBM / 2ª CIA / 3º PEL / PARTENON","-30.059845605204735","-51.1414647102356","EDIFICAÇÃO RESIDENCIAL",""
"PORTO ALEGRE","945958","26/09/2026 - 09:13","CRISTAL","DIVISA","AVERIGUAÇÃO/CORTE DE ÁRVORE","ABT-0596","1º BBM / 1ª CIA / 3º PEL / ASSUNÇÃO","-30.084969987276377","-51.23585708011223","EDIFICAÇÃO RESIDENCIAL",""
"PORTO ALEGRE","945988","26/09/2026 - 10:20","RUBEM BERTA","MARTIM FÉLIX BERTA","SALVAMENTO/BUSCA/RESGATE","ABT-0600","1º BBM / 2ª CIA / 2º PEL / PASSO D`AREIA","-30.030832353997795","-51.10991120338441","DE ANIMAL",""
"PORTO ALEGRE","945994","26/09/2026 - 10:34","PARTENON","GRAÇA ARANHA","ATENDIMENTO PRÉ-HOSPITALAR","AR-1628","1º BBM / 1ª CIA / 2º PEL / TERESÓPOLIS","-30.06758945399774","-51.198819874697385","",""
"PORTO ALEGRE","946002","26/09/2026 - 10:50","CAVALHADA","AVENIDA CAVALHADA","ATENDIMENTO PRÉ-HOSPITALAR","AR-1628","1º BBM / 1ª CIA / 2º PEL / TERESÓPOLIS","-30.100065951138046","-51.231440216990904","",""
"PORTO ALEGRE","946005","26/09/2026 - 10:52","LAMI","ESTRADA  EXTREMA","AVERIGUAÇÃO/CORTE DE ÁRVORE","ABT-0598","1º BBM / 1ª CIA / 4º PEL / RESTINGA","-30.212223186920653","-51.05187892913819","EDIFICAÇÃO RESIDENCIAL",""
"PORTO ALEGRE","946010","26/09/2026 - 11:04","SANTA CECÍLIA","SÃO MANOEL","SALVAMENTO/BUSCA/RESGATE","ABT-0595","1º BBM / 1ª CIA / 1º PEL / AÇORIANOS","-30.044435617066416","-51.20452880859375","DE ANIMAL",""
"PORTO ALEGRE","946036","26/09/2026 - 12:00","PRAIA DE BELAS","PADRE CACIQUE","AVERIGUAÇÃO/MANEJO DE INSETOS","ABT-0595","1º BBM / 1ª CIA / 1º PEL / AÇORIANOS","-30.072630108639178","-51.24119997024537","VISTORIA",""
"PORTO ALEGRE","946054","26/09/2026 - 13:25","SANTA TEREZA","ORÁLIA RODRIGUES DUTRA","SALVAMENTO/BUSCA/RESGATE","ABT-0595","1º BBM / 1ª CIA / 1º PEL / AÇORIANOS","-30.08003079775795","-51.22175931930543","DE ANIMAL",""
"PORTO ALEGRE","946059","26/09/2026 - 13:39","PARTENON","GRAÇA ARANHA","AVERIGUAÇÃO/MANEJO DE INSETOS","ABT-0595","1º BBM / 1ª CIA / 1º PEL / AÇORIANOS","-30.06718090831734","-51.19869232177735","EXTERMÍNIO",""
"PORTO ALEGRE","946062","26/09/2026 - 13:54","CAMPO NOVO","R. SANTOS BECO UM","AVERIGUAÇÃO/MANEJO DE INSETOS","ABT-0599","1º BBM / 1ª CIA / 5º PEL / BELÉM NOVO","-30.134475545282736","-51.19854211807252","VISTORIA",""
"PORTO ALEGRE","946066","26/09/2026 - 14:08","LOMBA DO PINHEIRO","ESTRADA AFONSO LOUREIRO MARIANTE","ATENDIMENTO PRÉ-HOSPITALAR","AR-1628","1º BBM / 1ª CIA / 2º PEL / TERESÓPOLIS","-30.107592093082285","-51.131706668216665","",""
"PORTO ALEGRE","946067","26/09/2026 - 14:10","VILA CONCEIÇÃO","PROFESSORA SANTA BÁRBARA","AVERIGUAÇÃO/MANEJO DE INSETOS","ABT-0596","1º BBM / 1ª CIA / 3º PEL / ASSUNÇÃO","-30.11706606412424","-51.254374965660304","REMOÇÃO",""
"PORTO ALEGRE","946069","26/09/2026 - 14:13","JARDIM ITU SABARÁ","ISRAEL WOLF","SALVAMENTO/BUSCA/RESGATE","ABT-0600","1º BBM / 2ª CIA / 2º PEL / PASSO D`AREIA","-30.028909152002576","-51.137012243270874","DE ANIMAL",""
"PORTO ALEGRE","946106","26/09/2026 - 15:31","HÍPICA","AVENIDA EDGAR PIRES DE CASTRO","ATENDIMENTO PRÉ-HOSPITALAR","AR-1628","1º BBM / 1ª CIA / 2º PEL / TERESÓPOLIS","-30.177521712338194","-51.14487464454712","",""
"PORTO ALEGRE","946107","26/09/2026 - 15:32","HUMAITÁ","RUA DONA TEODORA","AVERIGUAÇÃO/CORTE DE ÁRVORE","ABT-1365","1º BBM / 2ª CIA / 1º PEL / FLORESTA","-29.99250076555687","-51.194379329681404","EDIFICAÇÃO RESIDENCIAL",""
"PORTO ALEGRE","946153","26/09/2026 - 17:29","JARDIM LEOPOLDINA","JUSCELINO KUBITSCHEK DE OLIVEIRA","SALVAMENTO/BUSCA/RESGATE","ABT-0600","1º BBM / 2ª CIA / 2º PEL / PASSO D`AREIA","-30.02039632278021","-51.11232519149781","OCORRÊNCIA DE VULTO",""
"PORTO ALEGRE","946164","26/09/2026 - 17:49","AGRONOMIA","RUA LICERIO PIRES BARRETO","AVERIGUAÇÃO/CORTE DE ÁRVORE","ABT-291","1º BBM / 2ª CIA / 3º PEL / PARTENON","-30.06918673548032","-51.14901781082154","VISTORIA",""
"PORTO ALEGRE","946173","26/09/2026 - 18:09","CIDADE BAIXA","JOSÉ DO PATROCÍNIO","PRODUTOS PERIGOSOS","ABT-0595","1º BBM / 1ª CIA / 1º PEL / AÇORIANOS","-30.041050291092755","-51.221780776977546","EXPLOSIVO",""
"PORTO ALEGRE","946180","26/09/2026 - 18:19","FLORESTA","PELOTAS","INCÊNDIO","ABT-1365","1º BBM / 2ª CIA / 1º PEL / FLORESTA","-30.023847339479758","-51.211824417114265","CONTAINER",""
"PORTO ALEGRE","946219","26/09/2026 - 19:57","PROTÁSIO ALVES","DOUTOR LUCIANO RAUL PANATIERI","ATENDIMENTO PRÉ-HOSPITALAR","ABT-291","1º BBM / 2ª CIA / 3º PEL / PARTENON","-30.04391944852311","-51.12459888717188","",""
"PORTO ALEGRE","946232","26/09/2026 - 20:33","BOM JESUS","PROTASIO ALVES","SALVAMENTO/BUSCA/RESGATE","ABT-291","1º BBM / 2ª CIA / 3º PEL / PARTENON","-30.040810012266736","-51.168415546417236","SUICÍDIO/TENTATIVA",""
"PORTO ALEGRE","946232","26/09/2026 - 20:33","BOM JESUS","PROTASIO ALVES","SALVAMENTO/BUSCA/RESGATE","ABTS-866","BBS / 1ª CIA / 1º PEL / TERRESTRE","-30.04220085814781","-51.15099682005716","SUICÍDIO/TENTATIVA",""
"PORTO ALEGRE","946245","26/09/2026 - 20:52","CAMAQUÃ","ESCOBAR","AÇÕES PREVENTIVAS","ABT-0596","1º BBM / 1ª CIA / 3º PEL / ASSUNÇÃO","-30.105651945470616","-51.23572824553554","VISTORIA DE HIDRANTES",""
"PORTO ALEGRE","946246","26/09/2026 - 20:53","CAVALHADA","OTTO NIEMAIER","AÇÕES PREVENTIVAS","ABT-0596","1º BBM / 1ª CIA / 3º PEL / ASSUNÇÃO","-30.10425418065735","-51.23749870957911","VISTORIA DE HIDRANTES",""
"PORTO ALEGRE","946286","27/09/2026 - 00:27","SÃO JOÃO","BENJAMIN CONSTANT","SALVAMENTO/BUSCA/RESGATE","ABT-1365","1º BBM / 2ª CIA / 1º PEL / FLORESTA","-30.0121610199934","-51.19379997253419","DESENCARCERAMENTO",""
"PORTO ALEGRE","946322","27/09/2026 - 05:56","CRISTAL","DOUTOR CAMPOS VELHO","INCÊNDIO","ABT-0596","1º BBM / 1ª CIA / 3º PEL / ASSUNÇÃO","-30.09250778662514","-51.23984817964723","EDIFICAÇÃO COMERCIAL | TRANSFORMADOR/REDE ELÉTRICA",""
"PORTO ALEGRE","946324","27/09/2026 - 06:08","FLORESTA","AV CRISTOVÃO COLOMBO","SALVAMENTO/BUSCA/RESGATE","ABT-1365","1º BBM / 2ª CIA / 1º PEL / FLORESTA","-30.01826056210633","-51.204314231872566","COLISÃO/CHOQUE",""
"PORTO ALEGRE","946333","27/09/2026 - 07:19","RIO BRANCO","VICENTE DA FONTOURA","PRODUTOS PERIGOSOS","ABT-1365","1º BBM / 2ª CIA / 1º PEL / FLORESTA","-30.037240356364745","-51.19570970535279","EXPLOSIVO",""
"PORTO ALEGRE","946339","27/09/2026 - 07:49","CAVALHADA","ADROALDO NOVO CORREA","SALVAMENTO/BUSCA/RESGATE","ABT-0594","1º BBM / 1ª CIA / 2º PEL / TERESÓPOLIS","-30.104314648683346","-51.22442007064819","DE ANIMAL",""
"PORTO ALEGRE","946345","27/09/2026 - 08:19","CAMPO NOVO","RUA OZÓRIO JOSÉ MARTINS","AVERIGUAÇÃO/MANEJO DE INSETOS","ABT-0599","1º BBM / 1ª CIA / 5º PEL / BELÉM NOVO","-30.13089385250373","-51.203649044036865","VISTORIA",""
"PORTO ALEGRE","946351","27/09/2026 - 08:34","FARRAPOS","DONA TEODORA","AVERIGUAÇÃO/CORTE DE ÁRVORE","ABT-1365","1º BBM / 2ª CIA / 1º PEL / FLORESTA","-29.9903692586207","-51.19704718316069","EDIFICAÇÃO RESIDENCIAL",""
"PORTO ALEGRE","946387","27/09/2026 - 09:46","LAMI","ESTRADA OTAVIANO JOSE PINTO","AVERIGUAÇÃO/CORTE DE ÁRVORE","ABT-0599","1º BBM / 1ª CIA / 5º PEL / BELÉM NOVO","-30.23504382111974","-51.068229675292976","EVENTO EXTREMO",""
"PORTO ALEGRE","946408","27/09/2026 - 10:34","AGRONOMIA","RUA LICERIO PIRES BARRETO","AVERIGUAÇÃO/CORTE DE ÁRVORE","ABT-291","1º BBM / 2ª CIA / 3º PEL / PARTENON","-30.06844314990495","-51.148953401166295","EDIFICAÇÃO RESIDENCIAL | EVENTO EXTREMO | REDE ELÉTRICA",""
"PORTO ALEGRE","946421","27/09/2026 - 11:00","FARRAPOS","DONA TEODORA","AÇÕES PREVENTIVAS","ABT-1365","1º BBM / 2ª CIA / 1º PEL / FLORESTA","-29.9903311935708","-51.197178536735684","VISTORIA DE HIDRANTES",""
"PORTO ALEGRE","946422","27/09/2026 - 11:02","FARRAPOS","DONA TEODORA","AÇÕES PREVENTIVAS","ABT-1365","1º BBM / 2ª CIA / 1º PEL / FLORESTA","-29.990939127688204","-51.197109740817986","VISTORIA DE HIDRANTES",""
"PORTO ALEGRE","946447","27/09/2026 - 12:18","CIDADE BAIXA","SARMENTO LEITE","AÇÕES PREVENTIVAS","ABT-0595","1º BBM / 1ª CIA / 1º PEL / AÇORIANOS","-30.036013650593045","-51.22300386428834","INSPEÇÃO/REMOÇÃO DE FONTE DE PERIGO",""
"PORTO ALEGRE","946448","27/09/2026 - 12:22","MORRO SANTANA","AV. PROTÁSIO ALVES","OCORRÊNCIA NÃO ATENDIDA","AR-1628","1º BBM / 1ª CIA / 2º PEL / TERESÓPOLIS","-30.040353788865712","-51.12919146752711","",""
"PORTO ALEGRE","946451","27/09/2026 - 12:32","ASSUNÇÃO","AVENIDA GUAÍBA","AÇÕES PREVENTIVAS","ABT-0596","1º BBM / 1ª CIA / 3º PEL / ASSUNÇÃO","-30.098370075766706","-51.26337646293084","DESLIZAMENTO | EVENTO EXTREMO",""
"PORTO ALEGRE","946456","27/09/2026 - 12:47","JARDIM DO SALSO","RUA SÃO JOSEMARIA ESCRIVA","ATENDIMENTO PRÉ-HOSPITALAR","AR-1628","1º BBM / 1ª CIA / 2º PEL / TERESÓPOLIS","-30.074195613873627","-51.16497205527116","",""
"PORTO ALEGRE","946461","27/09/2026 - 13:09","CAVALHADA","ADROALDO NOVO CORREA","INCÊNDIO","ABT-0594","1º BBM / 1ª CIA / 2º PEL / TERESÓPOLIS","-30.104556226982726","-51.22420549392701","LIXO",""
"PORTO ALEGRE","946478","27/09/2026 - 14:09","CASCATA","ARAMBARE","SALVAMENTO/BUSCA/RESGATE","ABT-0594","1º BBM / 1ª CIA / 2º PEL / TERESÓPOLIS","-30.087680529494556","-51.18247032165528","DE ANIMAL",""
"PORTO ALEGRE","946492","27/09/2026 - 14:56","CENTRO","CASTELO BRANCO","SALVAMENTO/BUSCA/RESGATE","AEM-0482","1º BBM / 1ª CIA / 1º PEL / AÇORIANOS","-30.015578771208137","-51.2138843536377","CAPOTAMENTO | OCORRÊNCIA DE VULTO",""
"PORTO ALEGRE","946492","27/09/2026 - 14:56","CENTRO","CASTELO BRANCO","SALVAMENTO/BUSCA/RESGATE","ABT-1365","1º BBM / 2ª CIA / 1º PEL / FLORESTA","-29.988373099126104","-51.203979269418156","CAPOTAMENTO | DESENCARCERAMENTO",""
"PORTO ALEGRE","946492","27/09/2026 - 14:56","CENTRO","CASTELO BRANCO","SALVAMENTO/BUSCA/RESGATE","ABTS-866","BBS / 1ª CIA / 1º PEL / TERRESTRE","-29.988395380791395","-51.20371341705323","COLISÃO/CHOQUE | DESENCARCERAMENTO | OBJETO EM LOCAL DE RISCO",""
"PORTO ALEGRE","946505","27/09/2026 - 15:33","TRISTEZA","DOUTOR PEREIRA NETO","AÇÕES PREVENTIVAS","ABT-0596","1º BBM / 1ª CIA / 3º PEL / ASSUNÇÃO","-30.11010464544667","-51.24551229978814","VISTORIA DE HIDRANTES",""
"PORTO ALEGRE","946506","27/09/2026 - 15:34","TRISTEZA","DOUTOR MÁRIO TOTTA","AÇÕES PREVENTIVAS","ABT-0596","1º BBM / 1ª CIA / 3º PEL / ASSUNÇÃO","-30.107666834165393","-51.235467868157905","VISTORIA DE HIDRANTES",""
"PORTO ALEGRE","946529","27/09/2026 - 16:46","PETRÓPOLIS","BARÃO DO AMAZONAS","ATENDIMENTO PRÉ-HOSPITALAR","AR-1628","1º BBM / 1ª CIA / 2º PEL / TERESÓPOLIS","-30.047301369595125","-51.18592373764166","",""
"PORTO ALEGRE","946536","27/09/2026 - 17:02","JARDIM LEOPOLDINA","CARLOS ESTEVÃO","SALVAMENTO/BUSCA/RESGATE","ABT-0600","1º BBM / 2ª CIA / 2º PEL / PASSO D`AREIA","-30.016731450199593","-51.115221977233894","DESENCARCERAMENTO",""
"PORTO ALEGRE","946544","27/09/2026 - 17:34","TRISTEZA","DOUTOR BARCELOS","INCÊNDIO","ABT-0595","1º BBM / 1ª CIA / 1º PEL / AÇORIANOS","-30.106802456516704","-51.25287269174401","EDIFICAÇÃO COMERCIAL",""
"PORTO ALEGRE","946544","27/09/2026 - 17:34","TRISTEZA","DOUTOR BARCELOS","INCÊNDIO","ABT-0596","1º BBM / 1ª CIA / 3º PEL / ASSUNÇÃO","-30.106672378924152","-51.252701355778996","LOCAIS DE REUNIÃO DE PÚBLICO (F)",""
"PORTO ALEGRE","946544","27/09/2026 - 17:34","TRISTEZA","DOUTOR BARCELOS","ATENDIMENTO PRÉ-HOSPITALAR","AR-1628","1º BBM / 1ª CIA / 2º PEL / TERESÓPOLIS","-30.106871356001918","-51.2531603669724","",""
"PORTO ALEGRE","946545","27/09/2026 - 17:39","NONOAI","COSTA LIMA","ATENDIMENTO PRÉ-HOSPITALAR","ABT-0594","1º BBM / 1ª CIA / 2º PEL / TERESÓPOLIS","-30.086380967766313","-51.21047258377075","",""
"PORTO ALEGRE","946554","27/09/2026 - 17:54","SARANDI","REZENDE COSTA","AVERIGUAÇÃO/CORTE DE ÁRVORE","ABT-0600","1º BBM / 2ª CIA / 2º PEL / PASSO D`AREIA","-29.98391427377795","-51.1320447921753","EDIFICAÇÃO RESIDENCIAL",""
"PORTO ALEGRE","946565","27/09/2026 - 18:20","TERESÓPOLIS","AV. TERESÓPOLIS","AÇÕES PREVENTIVAS","ABT-0594","1º BBM / 1ª CIA / 2º PEL / TERESÓPOLIS","-30.09623935095454","-51.20577335357667","VISTORIA DE HIDRANTES",""
"PORTO ALEGRE","946569","27/09/2026 - 18:21","TERESÓPOLIS","GUIA LOPES","AÇÕES PREVENTIVAS","ABT-0594","1º BBM / 1ª CIA / 2º PEL / TERESÓPOLIS","-30.081720696639596","-51.212296485900886","VISTORIA DE HIDRANTES",""
"PORTO ALEGRE","946577","27/09/2026 - 18:40","BELÉM VELHO","ESTR. AFONSO LOURENÇO MARIANTE","ATENDIMENTO PRÉ-HOSPITALAR","AR-1628","1º BBM / 1ª CIA / 2º PEL / TERESÓPOLIS","-30.111318073991743","-51.16118863928599","",""
"PORTO ALEGRE","946583","27/09/2026 - 19:00","TRISTEZA","DOUTOR BARCELOS","INCÊNDIO","ABT-0596","1º BBM / 1ª CIA / 3º PEL / ASSUNÇÃO","-30.106672378924152","-51.25274427722973","LOCAIS DE REUNIÃO DE PÚBLICO (F)",""
"PORTO ALEGRE","946589","27/09/2026 - 19:09","SANTA CECÍLIA","SILVA SÓ","ATENDIMENTO PRÉ-HOSPITALAR","ABTS-866","BBS / 1ª CIA / 1º PEL / TERRESTRE","-30.040400903988388","-51.20375633239747","",""
"PORTO ALEGRE","946592","27/09/2026 - 19:17","PRAIA DE BELAS","AV. AURELIANO DE FIGUEIREDO PINTO","AÇÕES PREVENTIVAS","ABT-0595","1º BBM / 1ª CIA / 1º PEL / AÇORIANOS","-30.043204479552493","-51.22832568154386","APOIO À PESSOA OU INSTITUIÇÃO",""
"PORTO ALEGRE","946596","27/09/2026 - 19:35","FLORESTA","FARRAPOS","INCÊNDIO","ABT-1365","1º BBM / 2ª CIA / 1º PEL / FLORESTA","-30.01992393419199","-51.210649385571564","EDIFICAÇÃO COMERCIAL",""
"PORTO ALEGRE","946607","27/09/2026 - 20:41","PARTENON","MARTIM MINABERRY","SALVAMENTO/BUSCA/RESGATE","ABT-0595","1º BBM / 1ª CIA / 1º PEL / AÇORIANOS","-30.067237916222428","-51.20171776366901","DE ANIMAL",""
"PORTO ALEGRE","946616","27/09/2026 - 21:15","LAMI","AV. BEIRA RIO","AÇÕES PREVENTIVAS","EABS-01","BBS / 2ª CIA / 1º PEL / AQUÁTICA","-30.241050320251166","-51.08535298050139","APOIO À PESSOA OU INSTITUIÇÃO | AQUÁTICAS",""
"PORTO ALEGRE","946620","27/09/2026 - 21:20","PARTENON","BENTO GONÇALVES","ATENDIMENTO PRÉ-HOSPITALAR","ABT-291","1º BBM / 2ª CIA / 3º PEL / PARTENON","-30.06207270703443","-51.16452872780102","",""
"PORTO ALEGRE","946623","27/09/2026 - 21:34","PETRÓPOLIS","EÇA DE QUEIROZ","INCÊNDIO","ABT-0595","1º BBM / 1ª CIA / 1º PEL / AÇORIANOS","-30.043408998642597","-51.192040415765916","MEIO DE TRANSPORTE",""
"PORTO ALEGRE","946652","27/09/2026 - 23:32","CENTRO","RIACHUELO","INCÊNDIO","ABT-0595","1º BBM / 1ª CIA / 1º PEL / AÇORIANOS","-30.02878017120263","-51.22461314821551","HOSPITAIS E ASSEMELHADOS",""
"PORTO ALEGRE","946673","28/09/2026 - 03:52","NONOAI","COSTA LIMA","ATENDIMENTO PRÉ-HOSPITALAR","AR-1628","1º BBM / 1ª CIA / 2º PEL / TERESÓPOLIS","-30.15308839736282","-51.17316121531428","",""
"PORTO ALEGRE","946718","28/09/2026 - 09:13","RESTINGA","ESTRADA COSTA GAMA","AÇÕES PREVENTIVAS","ABT-0598","1º BBM / 1ª CIA / 4º PEL / RESTINGA","-30.142640615863996","-51.16455316543579","APOIO À PESSOA OU INSTITUIÇÃO",""
"PORTO ALEGRE","946800","28/09/2026 - 10:48","JARDIM LINDÓIA","RODOLFO SIMCH","INCÊNDIO","ABT-0600","1º BBM / 2ª CIA / 2º PEL / PASSO D`AREIA","-29.998696359304237","-51.14956701812074","EDIFICAÇÃO MULTIFAMILIAR",""